kind,group,id,name_zh,path,bytes,sha256,native_name_matches,native_check
metadata_or_generator,ArtSupport,build_asset_inventory,build_asset_inventory,ThreeHearthsVillage/Art/build_asset_inventory.py,14093,b6ca8196e319e7071875f873dbf1c7cb79e5ca1d442a388ba8afee365c0269be,,
metadata_or_generator,GoodsKit,artifact-manifest,artifact-manifest,ThreeHearthsVillage/Art/GoodsKit/artifact-manifest.json,4449,86c5a7cda45c188d1f5b30d376e581ac0c73c8f6d799527463a86647accf1a0b,,
metadata_or_generator,GoodsKit,create_goods_kit,create_goods_kit,ThreeHearthsVillage/Art/GoodsKit/create_goods_kit.py,16772,c856deeb523fc09c46e42e462f068de3ecdd4ba78aa7ed856d799c535491b3c9,,
metadata_or_generator,GoodsKit,goods_geometry,goods_geometry,ThreeHearthsVillage/Art/GoodsKit/goods_geometry.py,5559,da4ddfb9704ba4ddce294fad74bf652fe45d88a37e2da9e416300f6aa72cf84a,,
blender_source,GoodsKit,GoodsKit,GoodsKit,ThreeHearthsVillage/Art/GoodsKit/GoodsKit.blend,260169,0f9ba3c59aadec7e898c2c68cf8dba6780a6b8ad0ff5e58f3c7651e21433bb91,,
metadata_or_generator,GoodsKit,generate-request,generate-request,ThreeHearthsVillage/Art/GoodsKit/mcp/generate-request.json,334,225d0cc80bcb0dca5ba9af0dc74ff477cb750f4f88880447f225a9f8b276ae24,,
metadata_or_generator,GoodsKit,render-overview-request,render-overview-request,ThreeHearthsVillage/Art/GoodsKit/mcp/render-overview-request.json,351,174e1f75b8942ea1d7d0eb3958c219ecc46218244abcbaf20bb08faf39ad7581,,
metadata_or_generator,GoodsKit,render-scale-request,render-scale-request,ThreeHearthsVillage/Art/GoodsKit/mcp/render-scale-request.json,402,b12fcdc82c1a194823051144000a622d8bd908b1d65d6c1b31280229fee68fe2,,
metadata_or_generator,GoodsKit,source-audit-request,source-audit-request,ThreeHearthsVillage/Art/GoodsKit/mcp/source-audit-request.json,1047,7b248deaf419fb9d5f715cc4224840805f3a818dda3d17a271d47c8dd509ce8d,,
metadata_or_generator,GoodsKit,model-report,model-report,ThreeHearthsVillage/Art/GoodsKit/model-report.json,5219,4c30b57907894dcb27ecb44d02a6ab46b7a162134ef543462e0619ba372d0837,,
metadata_or_generator,GoodsKit,module-specs,module-specs,ThreeHearthsVillage/Art/GoodsKit/module-specs.json,11197,3d809dce7d8fd4200f676e13022332771ddfcc02e6a95d1b7ae6097e84e82367,,
module,GoodsKit,goods_bricks_crate,烧制砖块箱,ThreeHearthsVillage/Art/GoodsKit/modules/goods_bricks_crate.glb,149056,f53e21dac64d790b30b40f56c3b7c593f9b50e8088a3bebbd96bf1d9742bc3c2,ThreeHearthsVillage/Content/ThreeHearths/Generated/GoodsKit/goods_bricks_crate/goods_bricks_crate.uasset,发现同名UE原生包；不等于已接入玩法
module,GoodsKit,goods_iron_ingots_bundle,铁锭捆,ThreeHearthsVillage/Art/GoodsKit/modules/goods_iron_ingots_bundle.glb,34152,4c2d01aacf2d213da9fccf796b03db69151f4f561a2b6d15374d676701572f27,ThreeHearthsVillage/Content/ThreeHearths/Generated/GoodsKit/goods_iron_ingots_bundle/goods_iron_ingots_bundle.uasset,发现同名UE原生包；不等于已接入玩法
module,GoodsKit,goods_lime_pail,石灰桶,ThreeHearthsVillage/Art/GoodsKit/modules/goods_lime_pail.glb,46408,cd90a4d5f2fcdeb9b8a379c393ec2928b0458dda7b8eb767e53a4c663c05f265,ThreeHearthsVillage/Content/ThreeHearths/Generated/GoodsKit/goods_lime_pail/goods_lime_pail.uasset,发现同名UE原生包；不等于已接入玩法
module,GoodsKit,goods_nails_box,铁钉盒,ThreeHearthsVillage/Art/GoodsKit/modules/goods_nails_box.glb,133152,2538ad2a232fb315a8b4aa578b47d9fc68ea5223ce8f2be1061367effaeb55b0,ThreeHearthsVillage/Content/ThreeHearths/Generated/GoodsKit/goods_nails_box/goods_nails_box.uasset,发现同名UE原生包；不等于已接入玩法
module,GoodsKit,goods_pigment_pots,颜料罐组,ThreeHearthsVillage/Art/GoodsKit/modules/goods_pigment_pots.glb,140824,83c992196536268464946b0ef3959e2329daba38eb9b52dd342aeceaca3c67ab,ThreeHearthsVillage/Content/ThreeHearths/Generated/GoodsKit/goods_pigment_pots/goods_pigment_pots.uasset,发现同名UE原生包；不等于已接入玩法
module,GoodsKit,goods_raw_clay_basket,黏土篮,ThreeHearthsVillage/Art/GoodsKit/modules/goods_raw_clay_basket.glb,57392,b6119f837d01be99a9d7771035519bc477a8b5c9a6a1bd6418404d50810e1bea,ThreeHearthsVillage/Content/ThreeHearths/Generated/GoodsKit/goods_raw_clay_basket/goods_raw_clay_basket.uasset,发现同名UE原生包；不等于已接入玩法
module,GoodsKit,goods_tiles_slateblue_crate,蓝灰瓦商品箱,ThreeHearthsVillage/Art/GoodsKit/modules/goods_tiles_slateblue_crate.glb,109676,f1c608b5faa12d13f80bd3810b5130694aea86496158c9b8e588ff5f40d0c18a,ThreeHearthsVillage/Content/ThreeHearths/Generated/GoodsKit/goods_tiles_slateblue_crate/goods_tiles_slateblue_crate.uasset,发现同名UE原生包；不等于已接入玩法
module,GoodsKit,goods_tiles_terracotta_crate,红陶瓦商品箱,ThreeHearthsVillage/Art/GoodsKit/modules/goods_tiles_terracotta_crate.glb,109684,f18b6a7448908b01f66c07a24d87b9353e573579e677f7c8c9a2c23ff60633a6,ThreeHearthsVillage/Content/ThreeHearths/Generated/GoodsKit/goods_tiles_terracotta_crate/goods_tiles_terracotta_crate.uasset,发现同名UE原生包；不等于已接入玩法
preview_or_uv_diagram,GoodsKit,GoodsKit_overview,GoodsKit_overview,ThreeHearthsVillage/Art/GoodsKit/previews/GoodsKit_overview.png,2543689,5b9c8a0574f82dbe8e1e2d0f8c9bc7b002d7dd5f096da2723b1ea0c2201dd9d6,,
preview_or_uv_diagram,GoodsKit,GoodsKit_scale,GoodsKit_scale,ThreeHearthsVillage/Art/GoodsKit/previews/GoodsKit_scale.png,2865660,6f60ad5dccbd1671040e836bac942c37161ed13159bd6c5aae86262fe7be3ec0,,
metadata_or_generator,GoodsKit,README,README,ThreeHearthsVillage/Art/GoodsKit/README.md,4788,0836b928f25a9b1b1e282edc6d7e4da81754f42b29a030836215ef6a6fd9bd98,,
metadata_or_generator,GoodsKit,render-report,render-report,ThreeHearthsVillage/Art/GoodsKit/render-report.json,976,d9d2bb513ae5ebfcf9deed40394a1cbb6eac5cc02e7110b3be258d2e68b64c03,,
metadata_or_generator,GoodsKit,render_goods_kit,render_goods_kit,ThreeHearthsVillage/Art/GoodsKit/render_goods_kit.py,8450,499b6dda179e11244fcf83b587aa18279a79fe77d611d5f2aa966cc29a407d68,,
metadata_or_generator,GoodsKit,source-audit,source-audit,ThreeHearthsVillage/Art/GoodsKit/source-audit.json,1588,8876ed16855338b8ad79b84e66652817bba6737830872344328c11306f5c4576,,
metadata_or_generator,GoodsKit,UE_Import_Report,UE_Import_Report,ThreeHearthsVillage/Art/GoodsKit/UE_Import_Report.json,5131,8c83f93c124c345f65eca23bc3c64eab97c18d6243373c23b6f36b652d1c389d,,
metadata_or_generator,GoodsKit,UE_Validation,UE_Validation,ThreeHearthsVillage/Art/GoodsKit/UE_Validation.json,3173,bab203f18a48874321ef6b869e9dedbab3a8536df3c4e58826188919f5ac6850,,
metadata_or_generator,GoodsKit,validate_goods_kit,validate_goods_kit,ThreeHearthsVillage/Art/GoodsKit/validate_goods_kit.py,6661,eed7c998ebbfc55c937c52edadb7eb3e65e7b326db4f04fd8bab9cb8dc22cc26,,
metadata_or_generator,GoodsKit,validation,validation,ThreeHearthsVillage/Art/GoodsKit/validation.json,8604,a887d31840bdf509f6a57afd0d3152fdf425489633dbb66353e3e66afbb28396,,
metadata_or_generator,GoodsKit,visual-review,visual-review,ThreeHearthsVillage/Art/GoodsKit/visual-review.json,897,8053b1cd3b312cd11a575de46f1d57941516509a2108b3a0bc129faee332c9a0,,
metadata_or_generator,HearthCottage,create_cottage,create_cottage,ThreeHearthsVillage/Art/HearthCottage/create_cottage.py,22187,42c2bb4721fc4dc26bad3c8c48ed78964e2ae735da670894ac579efaaee8539d,,
blender_source,HearthCottage,HearthCottage,原始小屋整模,ThreeHearthsVillage/Art/HearthCottage/HearthCottage.blend,248695,ee3298a56741abbf07faab467fa7b881f6c00c299793d4107d242edb86efff71,,
whole_model_version,HearthCottage,HearthCottage,原始小屋整模,ThreeHearthsVillage/Art/HearthCottage/HearthCottage.glb,1100220,1bd25afc7d9ef2279c5ada6a26fbf9e7c5c029fadcced3b454a9b84869740b46,,未发现同名UE包；可能未导入或使用改名路径
preview_or_uv_diagram,HearthCottage,HearthCottage_InUE,HearthCottage_InUE,ThreeHearthsVillage/Art/HearthCottage/HearthCottage_InUE.png,808866,8d253b87fca0628476acefd2f12e034e4b0a689033507deec1c56469f3504b8e,,
metadata_or_generator,HearthCottage,HearthCottage_Polished_Comparison,HearthCottage_Polished_Comparison,ThreeHearthsVillage/Art/HearthCottage/HearthCottage_Polished_Comparison.html,3384,385203e8e89a803eff1c8c910221b59df425d3e67b6219bb38429c3ed405e2c8,,
preview_or_uv_diagram,HearthCottage,HearthCottage_Preview,HearthCottage_Preview,ThreeHearthsVillage/Art/HearthCottage/HearthCottage_Preview.png,1768205,ce003920f1fa2eeac35ae513743decc776179130b49e38f2f26dc42ffb44efcf,,
preview_or_uv_diagram,HearthCottage,HearthCottage_Rear,HearthCottage_Rear,ThreeHearthsVillage/Art/HearthCottage/HearthCottage_Rear.png,1195143,c62f87cf2bfb657878580897382bae2c676d35cb0f62d05f3e3aa949a6cdb4de,,
blender_source,HearthCottage,HearthCottage_SharedUV,共享UV小屋整模,ThreeHearthsVillage/Art/HearthCottage/HearthCottage_SharedUV.blend,332802,27e6e900fff101fef2f2f85b0e4be2c27a46eb1cf8e4157cc0321a2336dcda60,,
whole_model_version,HearthCottage,HearthCottage_SharedUV,共享UV小屋整模,ThreeHearthsVillage/Art/HearthCottage/HearthCottage_SharedUV.glb,1200576,9150a48c955c66dada6e1e3f2706ab92ae5d2e53a774be1ff65b71a5a3430a91,,未发现同名UE包；可能未导入或使用改名路径
preview_or_uv_diagram,HearthCottage,HearthCottage_SharedUV_Interface,HearthCottage_SharedUV_Interface,ThreeHearthsVillage/Art/HearthCottage/HearthCottage_SharedUV_Interface.png,588412,933c246a356b488834e3829bc2a13db0b2c0934d9e1f958e5687bddc5427896c,,
metadata_or_generator,HearthCottage,HearthCottage_SharedUV_model-report,HearthCottage_SharedUV_model-report,ThreeHearthsVillage/Art/HearthCottage/HearthCottage_SharedUV_model-report.json,2188,f959599d3941f190632fe3b97cddaddccbe1fd1742266d521008ab0a6f757813,,
blender_source,HearthCottage,HearthCottage_SharedUV_Polished,共享UV与屋顶高光改进小屋整模,ThreeHearthsVillage/Art/HearthCottage/HearthCottage_SharedUV_Polished.blend,317393,40a25bd6a222dbdde50c4f285381ec983a126f4871c5020868a702a9e361a089,,
whole_model_version,HearthCottage,HearthCottage_SharedUV_Polished,共享UV与屋顶高光改进小屋整模,ThreeHearthsVillage/Art/HearthCottage/HearthCottage_SharedUV_Polished.glb,1122488,fbbc8bd48eba1a55b9a9c88e51859353aae0609a3167d0d963a6585864aefdad,ThreeHearthsVillage/Content/ThreeHearths/Generated/HearthCottagePolished/HearthCottage_SharedUV_Polished/HearthCottage_SharedUV_Polished.uasset,发现同名UE原生包；不等于已接入玩法
metadata_or_generator,HearthCottage,HearthCottage_SharedUV_Polished_diagnosis,HearthCottage_SharedUV_Polished_diagnosis,ThreeHearthsVillage/Art/HearthCottage/HearthCottage_SharedUV_Polished_diagnosis.json,11781,f16d050cbb6422267d3d58b64d33370ad2e6a9e4ea1b29b845fc71b8c3fbe108,,
preview_or_uv_diagram,HearthCottage,HearthCottage_SharedUV_Polished_house_original,HearthCottage_SharedUV_Polished_house_original,ThreeHearthsVillage/Art/HearthCottage/HearthCottage_SharedUV_Polished_house_original.png,1767256,1cbabb28e43bdcc382285c80dfe2524e279511daf031b9b0709639e212336137,,
metadata_or_generator,HearthCottage,HearthCottage_SharedUV_Polished_house_original_render,HearthCottage_SharedUV_Polished_house_original_render,ThreeHearthsVillage/Art/HearthCottage/HearthCottage_SharedUV_Polished_house_original_render.json,3738,8bd424f034283d11bea51b774f20bbd8caf3ad1afd21464c164bc2ad8b62ce87,,
preview_or_uv_diagram,HearthCottage,HearthCottage_SharedUV_Polished_house_polished,HearthCottage_SharedUV_Polished_house_polished,ThreeHearthsVillage/Art/HearthCottage/HearthCottage_SharedUV_Polished_house_polished.png,1780130,366ab7ab56323ca5c60b749b3d184453b1721977ba8a29ab3129fb5a6dea745a,,
metadata_or_generator,HearthCottage,HearthCottage_SharedUV_Polished_house_polished_render,HearthCottage_SharedUV_Polished_house_polished_render,ThreeHearthsVillage/Art/HearthCottage/HearthCottage_SharedUV_Polished_house_polished_render.json,3736,b8cb756802374113c912a2bd62848bcacfccea9022bb2bf5e01ad90eb4043d6c,,
metadata_or_generator,HearthCottage,HearthCottage_SharedUV_Polished_manifest,HearthCottage_SharedUV_Polished_manifest,ThreeHearthsVillage/Art/HearthCottage/HearthCottage_SharedUV_Polished_manifest.json,4220,c32662cd90211502096b1736da722ce33b82b83172f4fdb2e899acba06307563,,
metadata_or_generator,HearthCottage,HearthCottage_SharedUV_Polished_repair-report,HearthCottage_SharedUV_Polished_repair-report,ThreeHearthsVillage/Art/HearthCottage/HearthCottage_SharedUV_Polished_repair-report.json,9668,97a46c0a9b266c01f4078a529d579596b87d4a87b349e1580e2674e53aaa591f,,
preview_or_uv_diagram,HearthCottage,HearthCottage_SharedUV_Polished_roof_finish_only,HearthCottage_SharedUV_Polished_roof_finish_only,ThreeHearthsVillage/Art/HearthCottage/HearthCottage_SharedUV_Polished_roof_finish_only.png,1473161,2dcc4d58b7225253c99d5891ac394bd91635e217313c29c7b5f7f3d2a13d70bf,,
metadata_or_generator,HearthCottage,HearthCottage_SharedUV_Polished_roof_finish_only_render,HearthCottage_SharedUV_Polished_roof_finish_only_render,ThreeHearthsVillage/Art/HearthCottage/HearthCottage_SharedUV_Polished_roof_finish_only_render.json,3742,c9b2ff689508c842cb49066a7bf6adf7e771804be93b726cc9fcb776b95bd5d6,,
preview_or_uv_diagram,HearthCottage,HearthCottage_SharedUV_Polished_roof_original,HearthCottage_SharedUV_Polished_roof_original,ThreeHearthsVillage/Art/HearthCottage/HearthCottage_SharedUV_Polished_roof_original.png,1470014,52729e1065311da9e90ea4bc66851254331383e3dc53337147013c0d000d4b01,,
metadata_or_generator,HearthCottage,HearthCottage_SharedUV_Polished_roof_original_render,HearthCottage_SharedUV_Polished_roof_original_render,ThreeHearthsVillage/Art/HearthCottage/HearthCottage_SharedUV_Polished_roof_original_render.json,3737,b148222231c076401220049a94d3c8b7fe1d32e6dcad708df4a48f4f3d40c247,,
preview_or_uv_diagram,HearthCottage,HearthCottage_SharedUV_Polished_roof_polished,HearthCottage_SharedUV_Polished_roof_polished,ThreeHearthsVillage/Art/HearthCottage/HearthCottage_SharedUV_Polished_roof_polished.png,1486582,f298c288b5cd7b793ceb4f18abb1ee93e06d47075ab6333bd5e950037b4a46df,,
metadata_or_generator,HearthCottage,HearthCottage_SharedUV_Polished_roof_polished_render,HearthCottage_SharedUV_Polished_roof_polished_render,ThreeHearthsVillage/Art/HearthCottage/HearthCottage_SharedUV_Polished_roof_polished_render.json,3735,28d5955e41f2fa246b7ecdac23d1b6fd708a4e1a8a39db82f936fccf592a1855,,
metadata_or_generator,HearthCottage,HearthCottage_SharedUV_Polished_validation,HearthCottage_SharedUV_Polished_validation,ThreeHearthsVillage/Art/HearthCottage/HearthCottage_SharedUV_Polished_validation.json,4134,de2f004dc3be68b8b5e139935de0a4f5bc60fc66e12829015fe2fa570903ff39,,
metadata_or_generator,HearthCottage,HearthCottage_SharedUV_Polished_visual-review,HearthCottage_SharedUV_Polished_visual-review,ThreeHearthsVillage/Art/HearthCottage/HearthCottage_SharedUV_Polished_visual-review.json,2617,13b31da4a1ab02430e1f657e8ef3af1b3b3a96aa1b4a8e98883fa46680a23380,,
preview_or_uv_diagram,HearthCottage,HearthCottage_SharedUV_RoofUV,HearthCottage_SharedUV_RoofUV,ThreeHearthsVillage/Art/HearthCottage/HearthCottage_SharedUV_RoofUV.svg,21958,e812b827fe68f650514ada65fa0ea8c078701c776e8314f3b40cd2da752cb6a8,,
metadata_or_generator,HearthCottage,HearthCottage_SharedUV_uv-report,HearthCottage_SharedUV_uv-report,ThreeHearthsVillage/Art/HearthCottage/HearthCottage_SharedUV_uv-report.json,1269,b1ecb0be432f40a37d1a0294988981f5ff653b629dc368e892081961ce5018f2,,
metadata_or_generator,HearthCottage,HearthCottage_SharedUV_uv-validation,HearthCottage_SharedUV_uv-validation,ThreeHearthsVillage/Art/HearthCottage/HearthCottage_SharedUV_uv-validation.json,899,17f29d0b791ce3ae33f7f0a305924901a9a95a268d288f6831fe701803bebef2,,
metadata_or_generator,HearthCottage,HearthCottage_SharedUV_validation,HearthCottage_SharedUV_validation,ThreeHearthsVillage/Art/HearthCottage/HearthCottage_SharedUV_validation.json,323,44286330a238311d4b191829b38a27a158891240a6fcb0dd78847eb31f1d361a,,
blender_source,HearthCottage,HearthCottage_UV,HearthCottage_UV,ThreeHearthsVillage/Art/HearthCottage/HearthCottage_UV.blend,403751,aee072c04c96f0c0f6d1af2d0b618d218910ec336dba8fb8e8e8c05b098312df,,
preview_or_uv_diagram,HearthCottage,HearthCottage_UV_Interface,HearthCottage_UV_Interface,ThreeHearthsVillage/Art/HearthCottage/HearthCottage_UV_Interface.png,867668,28f7f686c6b2a92dc9e3ac42d5f7c138cfb092d1f54258c7b8c35369257fbae8,,
preview_or_uv_diagram,HearthCottage,HearthCottage_UV_Layout,HearthCottage_UV_Layout,ThreeHearthsVillage/Art/HearthCottage/HearthCottage_UV_Layout.svg,1470931,2b0f84c40c5e995f416e529912f192725edd8ac527858f0d937fe1c539c32b16,,
metadata_or_generator,HearthCottage,model-report,model-report,ThreeHearthsVillage/Art/HearthCottage/model-report.json,795,f1098ec5fc6a3d6c67929d337519b52ab58a0c0d659faa906f4d02d80677a928,,
metadata_or_generator,HearthCottage,polish_cottage_roof,polish_cottage_roof,ThreeHearthsVillage/Art/HearthCottage/polish_cottage_roof.py,12736,1ea691fa7586bb4b075a2b7d78da080245607f72236b0aa0360370a71229c8c9,,
preview_or_uv_diagram,HearthCottage,Polished_UE_house_original,Polished_UE_house_original,ThreeHearthsVillage/Art/HearthCottage/Polished_UE_house_original.png,2465884,2c0fd9c315ccf51e7445ddfef8d6927c90ec222549baa531675681f5675aa149,,
preview_or_uv_diagram,HearthCottage,Polished_UE_house_polished,Polished_UE_house_polished,ThreeHearthsVillage/Art/HearthCottage/Polished_UE_house_polished.png,2516142,629ff7169bd2d6adb21b5dfe7b6795b1fb18adaa61b429c0c78b39fcb6415bec,,
metadata_or_generator,HearthCottage,Polished_UE_Import,Polished_UE_Import,ThreeHearthsVillage/Art/HearthCottage/Polished_UE_Import.json,18762,1b7ba4cc42f3e2553d91aff27a98dd8a42fafe466bf6119243ae20c628c73fcf,,
metadata_or_generator,HearthCottage,Polished_UE_Manifest,Polished_UE_Manifest,ThreeHearthsVillage/Art/HearthCottage/Polished_UE_Manifest.json,7239,93a4aea08dc2c9ece914481ead35b20affe3a8147b3af5bb8425b9d84d528402,,
metadata_or_generator,HearthCottage,Polished_UE_README,Polished_UE_README,ThreeHearthsVillage/Art/HearthCottage/Polished_UE_README.md,3307,09ed250cf7e52ad26b701403214622cc28f856e9aa7d276e10b5abcd31e22d9c,,
preview_or_uv_diagram,HearthCottage,Polished_UE_roof_original,Polished_UE_roof_original,ThreeHearthsVillage/Art/HearthCottage/Polished_UE_roof_original.png,2478145,e9c1c9c60c466cf982e31c59888c619a9c15ecc78883cbf650bfef5422bfeea9,,
preview_or_uv_diagram,HearthCottage,Polished_UE_roof_polished,Polished_UE_roof_polished,ThreeHearthsVillage/Art/HearthCottage/Polished_UE_roof_polished.png,2573260,1f85d5c1454c8af9cabfcb05dfadee10bd30fa76e01350417bcd69441f405f5f,,
metadata_or_generator,HearthCottage,Polished_UE_Visual_Review,Polished_UE_Visual_Review,ThreeHearthsVillage/Art/HearthCottage/Polished_UE_Visual_Review.json,8899,80abf19312679ad4022ae3fb2875fce094adf265bcc9dffbb7a40d476472e7e3,,
metadata_or_generator,HearthCottage,prepare_uv_view,prepare_uv_view,ThreeHearthsVillage/Art/HearthCottage/prepare_uv_view.py,438,cb50f860b27fe0c8a27d653a47e972041e5d28af313b345bf40dcb646a70c0ae,,
metadata_or_generator,HearthCottage,README,README,ThreeHearthsVillage/Art/HearthCottage/README.md,8957,e9df32538afd7fcebc5bb4958862e0fde1323f0c2512c4a9c28d5b2311dbe4fa,,
metadata_or_generator,HearthCottage,repair_shared_uv,repair_shared_uv,ThreeHearthsVillage/Art/HearthCottage/repair_shared_uv.py,5791,516f7bf481189f2d08b2356d950fa8e8f17ac30c9976e2c7a1f7faa7452ac36c,,
metadata_or_generator,HearthCottage,shared_roof_uv,shared_roof_uv,ThreeHearthsVillage/Art/HearthCottage/shared_roof_uv.py,11498,79049f9ac5610158a16419d3369bb2f95405c1900c53f74271f65264cde965a4,,
metadata_or_generator,HearthCottage,show_uv_workspace,show_uv_workspace,ThreeHearthsVillage/Art/HearthCottage/show_uv_workspace.py,2827,5d13fc58c3b24ce4cfa72afa1e4cc76624d9631366984349ab617f2b35654a32,,
metadata_or_generator,HearthCottage,UE_Import_Report,UE_Import_Report,ThreeHearthsVillage/Art/HearthCottage/UE_Import_Report.json,9347,5f938ce04d1e064fbe1d058b8af1a8137c8891bb32cb83797fd95549a901be0e,,
metadata_or_generator,HearthCottage,uv-report,uv-report,ThreeHearthsVillage/Art/HearthCottage/uv-report.json,5251,cd81dae6c250737c804a68addeb9bb0fe1954e65004620c8e0237dc98aebaf3e,,
metadata_or_generator,HearthCottage,validate_cottage,validate_cottage,ThreeHearthsVillage/Art/HearthCottage/validate_cottage.py,2757,e2df95810fe6790f7cc271c05e96dbf0a9466700fdb83c0cf2764f700bd7c8ce,,
metadata_or_generator,HearthCottage,validate_polished_cottage,validate_polished_cottage,ThreeHearthsVillage/Art/HearthCottage/validate_polished_cottage.py,7585,14517d9821623f6605c6fff5819b6932bcac6b0c07e935e007379f4dc7f63045,,
metadata_or_generator,HearthCottage,validate_shared_uv,validate_shared_uv,ThreeHearthsVillage/Art/HearthCottage/validate_shared_uv.py,2994,0baec8ee4d58257bc2d39aaa24eeee62d849899370566323e884917e25415307,,
metadata_or_generator,HearthCottage,validation,validation,ThreeHearthsVillage/Art/HearthCottage/validation.json,323,385a634275cfbad2c053a133a61c138292529ca0777c6848083adec96eec047d,,
metadata_or_generator,HomeLifeKit,artifact-manifest,artifact-manifest,ThreeHearthsVillage/Art/HomeLifeKit/artifact-manifest.json,6510,a07fe0c151c62284e841ecd575282d37bb897a07f002fe3ad2cfc1ea668976af,,
metadata_or_generator,HomeLifeKit,create_home_life_kit,create_home_life_kit,ThreeHearthsVillage/Art/HomeLifeKit/create_home_life_kit.py,13221,930adf60354a94e81069ca0a9e5367f25aa73916894da676e4ada0f54e52f503,,
metadata_or_generator,HomeLifeKit,example-layouts,example-layouts,ThreeHearthsVillage/Art/HomeLifeKit/example-layouts.json,6803,9c1507412f2e4c7e92ac4fb00b09bc36d6223295670b92748b5221edbfc876b8,,
blender_source,HomeLifeKit,cabin_living_4x4m,4×4米居住角组合,ThreeHearthsVillage/Art/HomeLifeKit/examples/cabin_living_4x4m.blend,759208,a92c2672d5ec36a6a2731e4fe800149a98f52170899f89162054f85e5770b9b1,,
assembly,HomeLifeKit,cabin_living_4x4m,4×4米居住角组合,ThreeHearthsVillage/Art/HomeLifeKit/examples/cabin_living_4x4m.glb,1524224,42420d5603cbf9c2054bb3a451f76cc8b25c263154262e6118a37a9036ccc06b,ThreeHearthsVillage/Content/ThreeHearths/Generated/HomeLifeKit/example__cabin_living_4x4m/cabin_living_4x4m.uasset,发现同名UE原生包；不等于已接入玩法
blender_source,HomeLifeKit,common_meal_10_seats,十人公共餐区组合,ThreeHearthsVillage/Art/HomeLifeKit/examples/common_meal_10_seats.blend,693847,db9e5ac10081d9bb2faa19437b120a993273c9e78d2ba1484271cd0cf6fa1441,,
assembly,HomeLifeKit,common_meal_10_seats,十人公共餐区组合,ThreeHearthsVillage/Art/HomeLifeKit/examples/common_meal_10_seats.glb,1203520,de90cd29384eba9dac81500bc7a3535998194bfa4831e6b745956b29cab545f3,ThreeHearthsVillage/Content/ThreeHearths/Generated/HomeLifeKit/example__common_meal_10_seats/common_meal_10_seats.uasset,发现同名UE原生包；不等于已接入玩法
metadata_or_generator,HomeLifeKit,home_geometry,home_geometry,ThreeHearthsVillage/Art/HomeLifeKit/home_geometry.py,5563,e8abe42ed245047ca4d9f786d9ecf84d15910d0420af7a9629f4aa8ebba314e4,,
blender_source,HomeLifeKit,HomeLifeKit,HomeLifeKit,ThreeHearthsVillage/Art/HomeLifeKit/HomeLifeKit.blend,437167,7bf9a610339350f60fcd7fb76a48dbb105ee9a7c542cbe9aed2caa9fba66f67a,,
metadata_or_generator,HomeLifeKit,generate-request,generate-request,ThreeHearthsVillage/Art/HomeLifeKit/mcp/generate-request.json,298,4868c6de4bc53430cadb985d766473a202b40c5ce1b5cb19f8994708eb200368,,
metadata_or_generator,HomeLifeKit,preview-cabin_living_4x4m-request,preview-cabin_living_4x4m-request,ThreeHearthsVillage/Art/HomeLifeKit/mcp/preview-cabin_living_4x4m-request.json,360,1376d5f4464402a85e243fc53ee48b046076843485319d526e93d88b76ec441d,,
metadata_or_generator,HomeLifeKit,preview-common_meal_10_seats-request,preview-common_meal_10_seats-request,ThreeHearthsVillage/Art/HomeLifeKit/mcp/preview-common_meal_10_seats-request.json,363,ca8e7cde9abc9724e349a8fbdc1be742891a2f8dcbe22cbcce63750c432e3174,,
metadata_or_generator,HomeLifeKit,preview-overview-request,preview-overview-request,ThreeHearthsVillage/Art/HomeLifeKit/mcp/preview-overview-request.json,351,ca283b182e86bb6a55a6899e6b6995818ffb65ab2049a277b98bf5d46b9446ec,,
metadata_or_generator,HomeLifeKit,model-report,model-report,ThreeHearthsVillage/Art/HomeLifeKit/model-report.json,6082,7cb7359852b25100c99de599301a2d71aec696066d07dca4e85f147c8b8364ae,,
metadata_or_generator,HomeLifeKit,module-specs,module-specs,ThreeHearthsVillage/Art/HomeLifeKit/module-specs.json,14138,b7a8722226702792f4f7eccb3da3abd69c4db288404d5fd51a939cd44de14d20,,
module,HomeLifeKit,basket_berries,浆果篮,ThreeHearthsVillage/Art/HomeLifeKit/modules/basket_berries.glb,310792,405da7ca7dfb69b454257edc80565a4477b77dc2ae144876f6d56b0a159aaec6,ThreeHearthsVillage/Content/ThreeHearths/Generated/HomeLifeKit/basket_berries/basket_berries.uasset,发现同名UE原生包；不等于已接入玩法
module,HomeLifeKit,basket_empty,空篮,ThreeHearthsVillage/Art/HomeLifeKit/modules/basket_empty.glb,219284,c0e59857dc34e3a197767112ccc209249aa78d07657d9f74aded0bd4a876eb8e,ThreeHearthsVillage/Content/ThreeHearths/Generated/HomeLifeKit/basket_empty/basket_empty.uasset,发现同名UE原生包；不等于已接入玩法
module,HomeLifeKit,bed_double_2x2m,双人床,ThreeHearthsVillage/Art/HomeLifeKit/modules/bed_double_2x2m.glb,249460,f12f85f78ef58bc48fac72f04b268a45d4df481eb49f069f4e5255d58be33b84,ThreeHearthsVillage/Content/ThreeHearths/Generated/HomeLifeKit/bed_double_2x2m/bed_double_2x2m.uasset,发现同名UE原生包；不等于已接入玩法
module,HomeLifeKit,bed_single_1_1x2m,单人床,ThreeHearthsVillage/Art/HomeLifeKit/modules/bed_single_1_1x2m.glb,234296,752488c9b425acf16ad026183e1ec6eb11537f1f9a9846849a8aaaf26d33a3c8,ThreeHearthsVillage/Content/ThreeHearths/Generated/HomeLifeKit/bed_single_1_1x2m/bed_single_1_1x2m.uasset,发现同名UE原生包；不等于已接入玩法
module,HomeLifeKit,bench_backed_1_8m,靠背长凳,ThreeHearthsVillage/Art/HomeLifeKit/modules/bench_backed_1_8m.glb,215344,2c69bf9b64210dbde821026634b0ba99a61f15c88fc5c3525cb635875f6cdd30,ThreeHearthsVillage/Content/ThreeHearths/Generated/HomeLifeKit/bench_backed_1_8m/bench_backed_1_8m.uasset,发现同名UE原生包；不等于已接入玩法
module,HomeLifeKit,chair_oak_wide,宽橡木椅,ThreeHearthsVillage/Art/HomeLifeKit/modules/chair_oak_wide.glb,162412,5778d2fb450ef3ea608fc63bcdac91f502e95d7337b99e5837735b766236af80,ThreeHearthsVillage/Content/ThreeHearths/Generated/HomeLifeKit/chair_oak_wide/chair_oak_wide.uasset,发现同名UE原生包；不等于已接入玩法
module,HomeLifeKit,fence_low_2m,矮木围栏,ThreeHearthsVillage/Art/HomeLifeKit/modules/fence_low_2m.glb,69924,b488479c436ac0270ef8979f7361870fae6965c455ba0a457c636c24b65b7c20,ThreeHearthsVillage/Content/ThreeHearths/Generated/HomeLifeKit/fence_low_2m/fence_low_2m.uasset,发现同名UE原生包；不等于已接入玩法
module,HomeLifeKit,firewood_stack,柴火堆,ThreeHearthsVillage/Art/HomeLifeKit/modules/firewood_stack.glb,227348,da972ff72c0e5e32945acd3a6b0e083b45404bd7cdfd1f453b5a0da698a7fdc1,ThreeHearthsVillage/Content/ThreeHearths/Generated/HomeLifeKit/firewood_stack/firewood_stack.uasset,发现同名UE原生包；不等于已接入玩法
module,HomeLifeKit,food_tray_bread,面包餐盘,ThreeHearthsVillage/Art/HomeLifeKit/modules/food_tray_bread.glb,125084,aac271915d7868d0b2769e411e6c42b290966f19af97cb42321411fcc3ec70ea,ThreeHearthsVillage/Content/ThreeHearths/Generated/HomeLifeKit/food_tray_bread/food_tray_bread.uasset,发现同名UE原生包；不等于已接入玩法
module,HomeLifeKit,grain_chest,粮食箱,ThreeHearthsVillage/Art/HomeLifeKit/modules/grain_chest.glb,197172,56264fa912858bb781da6d5eee679395be7a2328581f0ecb2f479b50da46ee48,ThreeHearthsVillage/Content/ThreeHearths/Generated/HomeLifeKit/grain_chest/grain_chest.uasset,发现同名UE原生包；不等于已接入玩法
module,HomeLifeKit,table_communal_2_6m,2.6米公共餐桌,ThreeHearthsVillage/Art/HomeLifeKit/modules/table_communal_2_6m.glb,110076,b0ea6771d216421948d5758665e471941121211e29587c977024ed9a977cc962,ThreeHearthsVillage/Content/ThreeHearths/Generated/HomeLifeKit/table_communal_2_6m/table_communal_2_6m.uasset,发现同名UE原生包；不等于已接入玩法
module,HomeLifeKit,table_dining_1_2m,1.2米家用餐桌,ThreeHearthsVillage/Art/HomeLifeKit/modules/table_dining_1_2m.glb,93580,b451d56c1a6e4b63dfd5704b327ed9b672a71093a35056ad19cbd839279cf8d5,ThreeHearthsVillage/Content/ThreeHearths/Generated/HomeLifeKit/table_dining_1_2m/table_dining_1_2m.uasset,发现同名UE原生包；不等于已接入玩法
metadata_or_generator,HomeLifeKit,preview-report,preview-report,ThreeHearthsVillage/Art/HomeLifeKit/preview-report.json,4539,26615deb57dbbe9cda496a359217db0fe8e1aff04fa91988f0aedd7ab887f5bc,,
metadata_or_generator,HomeLifeKit,preview_home_life_kit,preview_home_life_kit,ThreeHearthsVillage/Art/HomeLifeKit/preview_home_life_kit.py,8765,bec073fb6de81885c693bb1c405ded4cad55c933e0594bc1583eaaf91de8e00b,,
preview_or_uv_diagram,HomeLifeKit,HomeLifeKit_cabin_InUE,HomeLifeKit_cabin_InUE,ThreeHearthsVillage/Art/HomeLifeKit/previews/HomeLifeKit_cabin_InUE.png,1896695,4ccb9a45bcea8754e4b285cfc00cf6b8268a3783f68fb353ac491b410792f6e2,,
preview_or_uv_diagram,HomeLifeKit,HomeLifeKit_cabin_living_4x4m,HomeLifeKit_cabin_living_4x4m,ThreeHearthsVillage/Art/HomeLifeKit/previews/HomeLifeKit_cabin_living_4x4m.png,3728278,da377a5fb0103525c63c96c16a276eb563874604163b1c93861c2ac152fc46ff,,
preview_or_uv_diagram,HomeLifeKit,HomeLifeKit_common_meal_10_seats,HomeLifeKit_common_meal_10_seats,ThreeHearthsVillage/Art/HomeLifeKit/previews/HomeLifeKit_common_meal_10_seats.png,4044181,bd13f59d734283c0f39aec4eec79f2dc65dc1abb553a597953d44166646d928d,,
preview_or_uv_diagram,HomeLifeKit,HomeLifeKit_InUE,HomeLifeKit_InUE,ThreeHearthsVillage/Art/HomeLifeKit/previews/HomeLifeKit_InUE.png,1369715,a2984d6655817704152f32345f8576800fca0c01fe4aa863ce435788cb0f2595,,
preview_or_uv_diagram,HomeLifeKit,HomeLifeKit_meal_InUE,HomeLifeKit_meal_InUE,ThreeHearthsVillage/Art/HomeLifeKit/previews/HomeLifeKit_meal_InUE.png,1555535,c6fe32eb89fcbd42a0f5aad951c8c4577b6cb9ef646d912e6e30c151ae073ff2,,
preview_or_uv_diagram,HomeLifeKit,HomeLifeKit_overview,HomeLifeKit_overview,ThreeHearthsVillage/Art/HomeLifeKit/previews/HomeLifeKit_overview.png,4634756,198a538564aeb18c9ec516a9b787ac7a46e9b57280469fcb337dac8ee0427530,,
metadata_or_generator,HomeLifeKit,README,README,ThreeHearthsVillage/Art/HomeLifeKit/README.md,10710,4288bff726eb4d10b1d0671ee8e1fa6e94ee07ece02a7ce0784700bbb1a6baec,,
metadata_or_generator,HomeLifeKit,UE_Import_Report,UE_Import_Report,ThreeHearthsVillage/Art/HomeLifeKit/UE_Import_Report.json,64663,990e8ef228f6d4cc7cacc483afa3f59d41c33c7696f05a69b4bc8496a495de3f,,
metadata_or_generator,HomeLifeKit,UE_Showcase_Report,UE_Showcase_Report,ThreeHearthsVillage/Art/HomeLifeKit/UE_Showcase_Report.json,7038,96c30d042d2034c5ed7b2ebdf1cc47195a2df5c8c8e33d696082e3a57e8b9726,,
metadata_or_generator,HomeLifeKit,UE_Visual_Review,UE_Visual_Review,ThreeHearthsVillage/Art/HomeLifeKit/UE_Visual_Review.json,31442,e5a0b680304b5d6e74d9b7fbf5f0b89c766258a27d687e9bc8092d1289cc8625,,
metadata_or_generator,HomeLifeKit,validate_home_life_kit,validate_home_life_kit,ThreeHearthsVillage/Art/HomeLifeKit/validate_home_life_kit.py,11809,0696bfa2e32743bebca328dfe89ff729ec98fb183fc7ae7621af6c981b044c07,,
metadata_or_generator,HomeLifeKit,validation,validation,ThreeHearthsVillage/Art/HomeLifeKit/validation.json,10720,b78e7edb5a09b6824df7779294f675ee475713f3fc62e66e0bf9e6e5bed8bd41,,
metadata_or_generator,HomeLifeKit,visual-review,visual-review,ThreeHearthsVillage/Art/HomeLifeKit/visual-review.json,1736,334d2f44d7ff65fa681c4ba36f5c431c3d8ff156243cdbb6df5bb072214db262,,
metadata_or_generator,HomeLifeKit,write_contracts,write_contracts,ThreeHearthsVillage/Art/HomeLifeKit/write_contracts.py,7246,f246df206bde997d1329d49b75c8e1540eca624fd6225356617ae00089663f49,,
metadata_or_generator,PublicWallKit,artifact-manifest,artifact-manifest,ThreeHearthsVillage/Art/PublicWallKit/artifact-manifest.json,4103,c85d69262a23899155ddd6aed9c8e49919367b57b0b0714f2074cd02720b6359,,
metadata_or_generator,PublicWallKit,assembly,assembly,ThreeHearthsVillage/Art/PublicWallKit/assembly.json,6718,75491f0ed01bbe473a68947145f47701626739665772162cf5753fef8df75f73,,
metadata_or_generator,PublicWallKit,catalog,catalog,ThreeHearthsVillage/Art/PublicWallKit/catalog.json,7465,672873205afc4c89ad578842ad188aa34bfd52f2eb20dc9777cd177c08316826,,
metadata_or_generator,PublicWallKit,create_public_wall_kit,create_public_wall_kit,ThreeHearthsVillage/Art/PublicWallKit/create_public_wall_kit.py,10412,1aad78dd20e013a89fe9e4262478bb66092e7e8a0b03e51e2ceee3cfe1fdc850,,
metadata_or_generator,PublicWallKit,create-request,create-request,ThreeHearthsVillage/Art/PublicWallKit/mcp/create-request.json,391,1dade82d546b82cf05d53ba4959122cc5edbd83051262327eb6337bc2b58fee4,,
metadata_or_generator,PublicWallKit,render-assembly-request,render-assembly-request,ThreeHearthsVillage/Art/PublicWallKit/mcp/render-assembly-request.json,431,b2def3a97743b9dfebea7a5083da5267166572202adeb09cfe4c361ddb178693,,
metadata_or_generator,PublicWallKit,render-components-request,render-components-request,ThreeHearthsVillage/Art/PublicWallKit/mcp/render-components-request.json,385,237b12fcedbb55ad229ef3c9710a453a38ae1ead3ae7e15fb5692a22df35af64,,
module,PublicWallKit,public_wall_foundation_2m,公共城墙石基座,ThreeHearthsVillage/Art/PublicWallKit/modules/public_wall_foundation_2m.glb,29324,a3d89e3bbe6b95d14a398aad84535a82d8e2463f39569bba9c980fff13a2c3a3,ThreeHearthsVillage/Content/ThreeHearths/Generated/PublicWallKit/public_wall_foundation_2m/public_wall_foundation_2m.uasset,发现同名UE原生包；不等于已接入玩法
module,PublicWallKit,public_wall_parapet_2m,公共城墙木护栏,ThreeHearthsVillage/Art/PublicWallKit/modules/public_wall_parapet_2m.glb,35992,70b93c3ea26cc21607e73a677294fd13924f946441cefd0ed4aefef672dbf0f3,ThreeHearthsVillage/Content/ThreeHearths/Generated/PublicWallKit/public_wall_parapet_2m/public_wall_parapet_2m.uasset,发现同名UE原生包；不等于已接入玩法
module,PublicWallKit,public_wall_stone_2m,公共城墙石墙段（复用城堡墙几何）,ThreeHearthsVillage/Art/PublicWallKit/modules/public_wall_stone_2m.glb,123752,567ee1560dea93899fd662359406f9c7263701385f6d4071661948ababba1032,ThreeHearthsVillage/Content/ThreeHearths/Generated/PublicWallKit/public_wall_stone_2m/public_wall_stone_2m.uasset,发现同名UE原生包；不等于已接入玩法
module,PublicWallKit,public_wall_walkway_2m,公共城墙木步道,ThreeHearthsVillage/Art/PublicWallKit/modules/public_wall_walkway_2m.glb,43580,809d85262fd4fe6285436e8abfdc6620731884e73198c3ff4978a0d1083feb43,ThreeHearthsVillage/Content/ThreeHearths/Generated/PublicWallKit/public_wall_walkway_2m/public_wall_walkway_2m.uasset,发现同名UE原生包；不等于已接入玩法
preview_or_uv_diagram,PublicWallKit,PublicWall_assembly,PublicWall_assembly,ThreeHearthsVillage/Art/PublicWallKit/previews/PublicWall_assembly.png,2768225,399e130aa8a04b4484cd67653cbd556534157fb2f315df26cb0da9262e2903cd,,
preview_or_uv_diagram,PublicWallKit,PublicWall_components,PublicWall_components,ThreeHearthsVillage/Art/PublicWallKit/previews/PublicWall_components.png,2479153,5c8f0e71b0786e0d1318fee85bd9ea13c56ba151ce6f7f6b13280216164629a2,,
blender_source,PublicWallKit,PublicWallKit,PublicWallKit,ThreeHearthsVillage/Art/PublicWallKit/PublicWallKit.blend,157094,2ad326fa7b3fb1a7069c8057d4ededf2a895c973d53f155bd333862e67a6b0f3,,
metadata_or_generator,PublicWallKit,README,README,ThreeHearthsVillage/Art/PublicWallKit/README.md,5368,4d2f31597452a78668522299ff0b49a67e122d9c215643a5229104e9e0a16868,,
metadata_or_generator,PublicWallKit,recipes,recipes,ThreeHearthsVillage/Art/PublicWallKit/recipes.json,2056,78f6d7f188e656b55a25bae473902fa6453b0ae57cee6312a4831d8d844f9da8,,
metadata_or_generator,PublicWallKit,render-assembly-report,render-assembly-report,ThreeHearthsVillage/Art/PublicWallKit/render-assembly-report.json,369,69591193adb8de58a82542b8ea94e8d497ccd053dbb134fb54a1236fab1f3e8f,,
metadata_or_generator,PublicWallKit,render-components-report,render-components-report,ThreeHearthsVillage/Art/PublicWallKit/render-components-report.json,370,71dbfd887e2a4d5c78f2b6e4d8a4fa998b8eae6e7467c95c7f2ebca62a86491c,,
metadata_or_generator,PublicWallKit,render_public_wall_kit,render_public_wall_kit,ThreeHearthsVillage/Art/PublicWallKit/render_public_wall_kit.py,5999,c108c60532842bc58dea5ae023bb8ecef8b2639608528495685bce76be24464c,,
metadata_or_generator,PublicWallKit,reuse-manifest,reuse-manifest,ThreeHearthsVillage/Art/PublicWallKit/reuse-manifest.json,1350,00da52aff8f45f5dd4f6e6c8d71ef8dfdc9e7653b35b474d90108e7437c85ec3,,
metadata_or_generator,PublicWallKit,runtime-acceptance,runtime-acceptance,ThreeHearthsVillage/Art/PublicWallKit/runtime-acceptance.md,3004,d8f77e9a173e72bcebdab466fb75f0625c490e698d677a54ea2543ba0acc9e55,,
metadata_or_generator,PublicWallKit,runtime-acceptance,runtime-acceptance,ThreeHearthsVillage/Art/PublicWallKit/runtime-acceptance.ps1,1629,ddc7514ed1d70e3417d8c883792d13b2e3b2f26085773b834b27d28b74e6679b,,
metadata_or_generator,PublicWallKit,source-audit,source-audit,ThreeHearthsVillage/Art/PublicWallKit/source-audit.json,733,69c76e9c04e8f675eacb4d0517d18d2cf756fbd0e3181fa4b5dc8ad522f69115,,
metadata_or_generator,PublicWallKit,UE_Import_Report,UE_Import_Report,ThreeHearthsVillage/Art/PublicWallKit/UE_Import_Report.json,10245,56a7f0fbbbd2d75f297bd4a0c281b9d881b46ecb786e9abbf9340125b346f172,,
metadata_or_generator,PublicWallKit,validate_public_wall_kit,validate_public_wall_kit,ThreeHearthsVillage/Art/PublicWallKit/validate_public_wall_kit.py,7341,fdcacad839458bd2b1fd2533eb481034b25a04f96745e99fc9610c7025f6b71e,,
metadata_or_generator,PublicWallKit,validation,validation,ThreeHearthsVillage/Art/PublicWallKit/validation.json,6387,8a3cabb7215c8341fb007dc27f80e242f071760b5e3bd203f3e596e876157173,,
metadata_or_generator,PublicWallKit,visual-review,visual-review,ThreeHearthsVillage/Art/PublicWallKit/visual-review.json,1095,26ddacc2cdd8b84c9af0e278a7ae087a7cd5c60e7724102203e52780577685a2,,
metadata_or_generator,ResidentialVariants,component-map,component-map,ThreeHearthsVillage/Art/ResidentialVariants/component-map.json,132555,5bcfd55289cc95903ca0cb695cc19126c350769d697e2af8200631cccb9cb8e3,,
metadata_or_generator,ResidentialVariants,native-validation,native-validation,ThreeHearthsVillage/Art/ResidentialVariants/native-validation.json,96751,5166c155463297582b44ce57cf57236fc0e6e820a15cb59147aa697b52bed376,,
metadata_or_generator,ResidentialVariants,README,README,ThreeHearthsVillage/Art/ResidentialVariants/README.md,6495,fa2056420ae75a64c5c9d8400dcef208d7fe894cba0a932457fe0dcbe16fb17c,,
metadata_or_generator,ResidentKit,artifact-manifest,artifact-manifest,ThreeHearthsVillage/Art/ResidentKit/artifact-manifest.json,7133,ba2a925a5fe36c840f01b00f66fbcaa00cca91062c55ba12761d06c84bdad823,,
metadata_or_generator,ResidentKit,attachment-reference,attachment-reference,ThreeHearthsVillage/Art/ResidentKit/attachment-reference.json,33608,e57dc3fa3c029ffb4a8e60d32ff886de596edc35e931f92587a008bfc7de5ef3,,
metadata_or_generator,ResidentKit,create_resident_kit,create_resident_kit,ThreeHearthsVillage/Art/ResidentKit/create_resident_kit.py,14879,30f59805674cbfe653bc53a4c90a8d07b0d6e3462dde2e12d9e02fb0266d531e,,
metadata_or_generator,ResidentKit,export_resident_reference,export_resident_reference,ThreeHearthsVillage/Art/ResidentKit/export_resident_reference.py,1526,51fd1bb7402f9a39fdad85f48aad6cc0746a03a60516aa978ba26c0dfc98f573,,
metadata_or_generator,ResidentKit,fitting-report,fitting-report,ThreeHearthsVillage/Art/ResidentKit/fitting-report.json,4744,cb082bdc6db6d51cb510e13d0f0f4bd22813203d9f24bf76dd69a3a56e73e6ff,,
metadata_or_generator,ResidentKit,inspect_reference,inspect_reference,ThreeHearthsVillage/Art/ResidentKit/inspect_reference.py,2485,01b281df49ba441f15a44a7490a42613f49ba9c761442967f4cff813dff180b1,,
metadata_or_generator,ResidentKit,looks,looks,ThreeHearthsVillage/Art/ResidentKit/looks.json,3473,b9cfcf4ffb75c4f10d86ba017f059f7871ec80de5bba7226bae22c1dc6e1241e,,
metadata_or_generator,ResidentKit,model-report,model-report,ThreeHearthsVillage/Art/ResidentKit/model-report.json,16509,b079b553849a89177ed7eba0c6fe5332c8bed65d59d7066f6ea111e1ecc29b1b,,
metadata_or_generator,ResidentKit,module-specs,module-specs,ThreeHearthsVillage/Art/ResidentKit/module-specs.json,2686,6473132d15d18eeb8005f8aed94dc81ddfc2559f9d1ade46d6399daa590d3d36,,
module,ResidentKit,apron_linen_short,亚麻短围裙,ThreeHearthsVillage/Art/ResidentKit/modules/apron_linen_short.glb,25888,819d1b0aa5ad40283640b4bf6a3f260f2822bc96d6e95034484ef9ec562f0b69,ThreeHearthsVillage/Content/ThreeHearths/Generated/ResidentKit/apron_linen_short/apron_linen_short.uasset,发现同名UE原生包；不等于已接入玩法
module,ResidentKit,backpack_bedroll,背包与铺盖卷,ThreeHearthsVillage/Art/ResidentKit/modules/backpack_bedroll.glb,77192,8f1a7900216d27f0770872ee8a8969188cd05b0536dab6c63c22c077bc5e13fc,ThreeHearthsVillage/Content/ThreeHearths/Generated/ResidentKit/backpack_bedroll/backpack_bedroll.uasset,发现同名UE原生包；不等于已接入玩法
module,ResidentKit,bag_crossbody_leather,皮革斜挎包,ThreeHearthsVillage/Art/ResidentKit/modules/bag_crossbody_leather.glb,55528,0518fbc2534bdf00aecd537b15c1b8fa713ca428674d2394525f958ce934ffe8,ThreeHearthsVillage/Content/ThreeHearths/Generated/ResidentKit/bag_crossbody_leather/bag_crossbody_leather.uasset,发现同名UE原生包；不等于已接入玩法
module,ResidentKit,beard_neat_silver,整齐银胡须,ThreeHearthsVillage/Art/ResidentKit/modules/beard_neat_silver.glb,23432,b0fcce52f3032e7440704e1d3de5cec4e1415d7e42f02b8d3c4f0acb9698b6da,ThreeHearthsVillage/Content/ThreeHearths/Generated/ResidentKit/beard_neat_silver/beard_neat_silver.uasset,发现同名UE原生包；不等于已接入玩法
module,ResidentKit,cap_merchant_plum,梅紫商人帽,ThreeHearthsVillage/Art/ResidentKit/modules/cap_merchant_plum.glb,42180,fb7be070ce8ce7313cd0e0e1a83bf365e9a4db73ed5c455225ed52598cb4f2f8,ThreeHearthsVillage/Content/ThreeHearths/Generated/ResidentKit/cap_merchant_plum/cap_merchant_plum.uasset,发现同名UE原生包；不等于已接入玩法
module,ResidentKit,cape_royal_blue,王室蓝披风,ThreeHearthsVillage/Art/ResidentKit/modules/cape_royal_blue.glb,21084,8f7eb63f4644e855555f8452abfc0a3439421b342802f69f9de847fbaa43d6b6,ThreeHearthsVillage/Content/ThreeHearths/Generated/ResidentKit/cape_royal_blue/cape_royal_blue.uasset,发现同名UE原生包；不等于已接入玩法
module,ResidentKit,hair_braid_auburn,赤褐辫发,ThreeHearthsVillage/Art/ResidentKit/modules/hair_braid_auburn.glb,96408,6500fa053cc3c646383b615e6f381a8ebddf83b5c5730680f26d165a6724acc5,ThreeHearthsVillage/Content/ThreeHearths/Generated/ResidentKit/hair_braid_auburn/hair_braid_auburn.uasset,发现同名UE原生包；不等于已接入玩法
module,ResidentKit,hair_bun_dark,深色发髻,ThreeHearthsVillage/Art/ResidentKit/modules/hair_bun_dark.glb,77772,b4dc8929290f90fbcbb6a41f6ac96b59d2f6d236c6baba79dd32a24b1749f29b,ThreeHearthsVillage/Content/ThreeHearths/Generated/ResidentKit/hair_bun_dark/hair_bun_dark.uasset,发现同名UE原生包；不等于已接入玩法
module,ResidentKit,hair_cropped_dark,深色短发,ThreeHearthsVillage/Art/ResidentKit/modules/hair_cropped_dark.glb,66176,c66e793a8a745753cdaefe915aaac8dc4f5001699a82483b627fdd8c159ee359,ThreeHearthsVillage/Content/ThreeHearths/Generated/ResidentKit/hair_cropped_dark/hair_cropped_dark.uasset,发现同名UE原生包；不等于已接入玩法
module,ResidentKit,hair_swept_silver,银色侧梳发,ThreeHearthsVillage/Art/ResidentKit/modules/hair_swept_silver.glb,80720,d8e97d1c3b09c46d034b171b757b09e8d22ec4f8fd69a2455505c9e56b5fdc3c,ThreeHearthsVillage/Content/ThreeHearths/Generated/ResidentKit/hair_swept_silver/hair_swept_silver.uasset,发现同名UE原生包；不等于已接入玩法
module,ResidentKit,hair_waves_chestnut,栗色波浪发,ThreeHearthsVillage/Art/ResidentKit/modules/hair_waves_chestnut.glb,87012,31949079e541422d0707b082d2044c4a608c18d4825477195f7c65c0c47fe5c9,ThreeHearthsVillage/Content/ThreeHearths/Generated/ResidentKit/hair_waves_chestnut/hair_waves_chestnut.uasset,发现同名UE原生包；不等于已接入玩法
module,ResidentKit,hat_straw_wide,宽檐草帽,ThreeHearthsVillage/Art/ResidentKit/modules/hat_straw_wide.glb,53292,dfacaac384c6e8d77ee68a341a679c45a86126d69a1151e668aeb15825f0ae1b,ThreeHearthsVillage/Content/ThreeHearths/Generated/ResidentKit/hat_straw_wide/hat_straw_wide.uasset,发现同名UE原生包；不等于已接入玩法
module,ResidentKit,headwrap_sage,鼠尾草绿头巾,ThreeHearthsVillage/Art/ResidentKit/modules/headwrap_sage.glb,84256,a9b53a4bd9eb6992fc9d37715a38f5e393fd5a1b071ae0dcae62c6b4052e549d,ThreeHearthsVillage/Content/ThreeHearths/Generated/ResidentKit/headwrap_sage/headwrap_sage.uasset,发现同名UE原生包；不等于已接入玩法
module,ResidentKit,pouch_belt_double,双腰包,ThreeHearthsVillage/Art/ResidentKit/modules/pouch_belt_double.glb,47288,31f724362f00152f8d54feff5225cfbc84bec5701e2a4ff688c1746a13a97ac9,ThreeHearthsVillage/Content/ThreeHearths/Generated/ResidentKit/pouch_belt_double/pouch_belt_double.uasset,发现同名UE原生包；不等于已接入玩法
module,ResidentKit,scarf_red,红围巾,ThreeHearthsVillage/Art/ResidentKit/modules/scarf_red.glb,30388,ab05ae4c3067586decf11fa945b6e57fc2afedc5cab396c46fc70fad040657e6,ThreeHearthsVillage/Content/ThreeHearths/Generated/ResidentKit/scarf_red/scarf_red.uasset,发现同名UE原生包；不等于已接入玩法
module,ResidentKit,shawl_ochre,赭黄披肩,ThreeHearthsVillage/Art/ResidentKit/modules/shawl_ochre.glb,86016,e376d12641859bfa1be3fc7d0a5086f144544776be950d47e6e71ef90eef4cb6,ThreeHearthsVillage/Content/ThreeHearths/Generated/ResidentKit/shawl_ochre/shawl_ochre.uasset,发现同名UE原生包；不等于已接入玩法
metadata_or_generator,ResidentKit,preview_accessories,preview_accessories,ThreeHearthsVillage/Art/ResidentKit/preview_accessories.py,3315,24a73bab938b59459b72ef2f69a1b9260ce17f3289b2a3454ee4970fb5583e49,,
metadata_or_generator,ResidentKit,preview_resident_kit,preview_resident_kit,ThreeHearthsVillage/Art/ResidentKit/preview_resident_kit.py,7915,ccdb53d95d268846b066151ffa30e07b6585172c9d07bbbf6debe22a55ac4548,,
preview_or_uv_diagram,ResidentKit,ResidentKit_Accessories,ResidentKit_Accessories,ThreeHearthsVillage/Art/ResidentKit/previews/ResidentKit_Accessories.png,3299662,159ab58227a6743f58541f075d965c78a6ace8f53c8279756ff00b401eebb1db,,
preview_or_uv_diagram,ResidentKit,ResidentKit_InUE,ResidentKit_InUE,ThreeHearthsVillage/Art/ResidentKit/previews/ResidentKit_InUE.png,1205862,086c386b715c2fd9fbc3cbb46e95b9606171734dd542efb554df039d4c1c564f,,
preview_or_uv_diagram,ResidentKit,ResidentKit_TenAdults_back,ResidentKit_TenAdults_back,ThreeHearthsVillage/Art/ResidentKit/previews/ResidentKit_TenAdults_back.png,3390717,e06c36f8bf5650726398555eede1002b859e33863bda256f37591b85b5bac9d7,,
preview_or_uv_diagram,ResidentKit,ResidentKit_TenAdults_front,ResidentKit_TenAdults_front,ThreeHearthsVillage/Art/ResidentKit/previews/ResidentKit_TenAdults_front.png,3472459,ab179d12ff724a5bce6278d09b27ad4569dcc8a5f315fe689afd2704d30efee9,,
metadata_or_generator,ResidentKit,README,README,ThreeHearthsVillage/Art/ResidentKit/README.md,9238,25b29f65107e8b2f169599d437f68bef0bd331ee834540205ed26d149ac4fe82,,
metadata_or_generator,ResidentKit,resident_geometry,resident_geometry,ThreeHearthsVillage/Art/ResidentKit/resident_geometry.py,5563,998c1e43db974ddc458fb02559c044a809f19c592b547c56a7bccf19b148edd2,,
blender_source,ResidentKit,ResidentKit,ResidentKit,ThreeHearthsVillage/Art/ResidentKit/ResidentKit.blend,364055,90d42a9bcfc315db604bf19dd9871e9f55238dedca2c3227bd8b647c6beea4d9,,
metadata_or_generator,ResidentKit,UE_Import_Report,UE_Import_Report,ThreeHearthsVillage/Art/ResidentKit/UE_Import_Report.json,33702,0046b12a1029eb02c69be6cff11a5b4aa748cd9d7a22d32ec5d6936a9c4b340c,,
metadata_or_generator,ResidentKit,UE_Showcase_Report,UE_Showcase_Report,ThreeHearthsVillage/Art/ResidentKit/UE_Showcase_Report.json,8202,b0c041af0abdbebc61f9b2fe90876f320187f6a462859a7a2ce39a9ac8a2fafc,,
metadata_or_generator,ResidentKit,UE_Visual_Review,UE_Visual_Review,ThreeHearthsVillage/Art/ResidentKit/UE_Visual_Review.json,12754,152231fe9734fee925385c1672742792e7705a9a77888e17fbd482fa262ecad8,,
metadata_or_generator,ResidentKit,validate_resident_kit,validate_resident_kit,ThreeHearthsVillage/Art/ResidentKit/validate_resident_kit.py,4078,2b6f036b4983493790dd7a43c37da39406afc246992f8995a499c2f5c5955a7f,,
metadata_or_generator,ResidentKit,validation,validation,ThreeHearthsVillage/Art/ResidentKit/validation.json,6002,0e79683251a87b24d4f7729ac7ec81daa4b08d6cc8121b522c27b22dfc98849e,,
metadata_or_generator,ResidentKit,visual-review,visual-review,ThreeHearthsVillage/Art/ResidentKit/visual-review.json,1715,5072b5830baeb0b0c900bcf8b965f6fca06931b4e6947480e37a8618678f5397,,
metadata_or_generator,RoofMaterialAudit,native-audit,native-audit,ThreeHearthsVillage/Art/RoofMaterialAudit/native-audit.json,75997,303b287d5b2f6e5092d95598f67e1fd0d6a97a3772382b26d18cd20bf5294424,,
metadata_or_generator,RoofMaterialAudit,README,README,ThreeHearthsVillage/Art/RoofMaterialAudit/README.md,3475,d1e77b27525bf218e6ea66eeada8a37c1dd6a2f0ed3aedd9316191c275352b23,,
metadata_or_generator,RoofMaterialAudit,source-audit,source-audit,ThreeHearthsVillage/Art/RoofMaterialAudit/source-audit.json,6718,57076c97b2f7aaadcbc7379181ce35fdee07bf8ab4d8cc9cfb5c1b0c2c7c608c,,
metadata_or_generator,SocietyKit,artifact-manifest,artifact-manifest,ThreeHearthsVillage/Art/SocietyKit/artifact-manifest.json,6087,b476962c8a8fa7f793b0b3c48273311b47c06ba0972dacfea9dd4f115e37a41e,,
metadata_or_generator,SocietyKit,catalog,catalog,ThreeHearthsVillage/Art/SocietyKit/catalog.json,46860,213e2e7d785a7dd2dedb62c8829815162206cc2f482082911cdabe8b529c356e,,
metadata_or_generator,SocietyKit,create_society_kit,create_society_kit,ThreeHearthsVillage/Art/SocietyKit/create_society_kit.py,33552,7a43a50b3e4adaca2660b820dfe40293b9eeab38578d9b470b962d1e15acb176,,
metadata_or_generator,SocietyKit,example-layouts,example-layouts,ThreeHearthsVillage/Art/SocietyKit/example-layouts.json,11873,d820ed3c78bf3fcbcaddb3d0e2d01f19fb96c9c52b33c684a0da396a0b475567,,
assembly,SocietyKit,guild_market_yard,行会市集院落组合,ThreeHearthsVillage/Art/SocietyKit/examples/guild_market_yard.glb,1867876,34c02ecc0098072b0092af6ca0515a4538607fe4dd04158ce523ad8c49a95803,ThreeHearthsVillage/Content/ThreeHearths/Generated/SocietyKit/example__guild_market_yard/guild_market_yard.uasset,发现同名UE原生包；不等于已接入玩法
assembly,SocietyKit,kings_gate_courtyard,国王城门院落组合,ThreeHearthsVillage/Art/SocietyKit/examples/kings_gate_courtyard.glb,2463996,d092e7a31027d489843185f7a80beb2f924ee705581d22ef1f591c9d36734e4b,ThreeHearthsVillage/Content/ThreeHearths/Generated/SocietyKit/example__kings_gate_courtyard/kings_gate_courtyard.uasset,发现同名UE原生包；不等于已接入玩法
metadata_or_generator,SocietyKit,model-report,model-report,ThreeHearthsVillage/Art/SocietyKit/model-report.json,22002,9324e307676f7409ed59dee6069db405ad4a039e2fb04014261e67bdcdf7f9cc,,
metadata_or_generator,SocietyKit,module-specs,module-specs,ThreeHearthsVillage/Art/SocietyKit/module-specs.json,5504,12f12cfef9b821c4dbb02501c82ddf383af80842732e08d2a2979d06e3a37b00,,
module,SocietyKit,castle_buttress_stone,城堡石扶壁,ThreeHearthsVillage/Art/SocietyKit/modules/castle_buttress_stone.glb,32656,e84b8569bdc6744535ed3dc0ce1f6e8d41cfeafe6fa209e8402890cdcec57d65,ThreeHearthsVillage/Content/ThreeHearths/Generated/SocietyKit/castle_buttress_stone/castle_buttress_stone.uasset,发现同名UE原生包；不等于已接入玩法
module,SocietyKit,castle_gate_arch_4m,4米城门石拱,ThreeHearthsVillage/Art/SocietyKit/modules/castle_gate_arch_4m.glb,463220,88b2e68218e0fbcfa63788cab052a6ead47143c2b4c0431107504e7b966da75e,ThreeHearthsVillage/Content/ThreeHearths/Generated/SocietyKit/castle_gate_arch_4m/castle_gate_arch_4m.uasset,发现同名UE原生包；不等于已接入玩法
module,SocietyKit,castle_gate_oak_pair,双扇橡木城门,ThreeHearthsVillage/Art/SocietyKit/modules/castle_gate_oak_pair.glb,146332,735d116f70820a14bf255698889ce6b8e2c6047b920085657a814a5667b05682,ThreeHearthsVillage/Content/ThreeHearths/Generated/SocietyKit/castle_gate_oak_pair/castle_gate_oak_pair.uasset,发现同名UE原生包；不等于已接入玩法
module,SocietyKit,castle_tower_battlement_cap_4m,塔楼垛口顶段,ThreeHearthsVillage/Art/SocietyKit/modules/castle_tower_battlement_cap_4m.glb,183816,f99690cf9c9ed4ef12c3b42849f4dfb22f9702f2bd336d270441cba194e25d03,ThreeHearthsVillage/Content/ThreeHearths/Generated/SocietyKit/castle_tower_battlement_cap_4m/castle_tower_battlement_cap_4m.uasset,发现同名UE原生包；不等于已接入玩法
module,SocietyKit,castle_tower_storey_4m,塔楼层段,ThreeHearthsVillage/Art/SocietyKit/modules/castle_tower_storey_4m.glb,917288,5d1fd63bcf8ee9c3f2a7c23c312c0df091f85816627c8b07fb74600b0a6fe95a,ThreeHearthsVillage/Content/ThreeHearths/Generated/SocietyKit/castle_tower_storey_4m/castle_tower_storey_4m.uasset,发现同名UE原生包；不等于已接入玩法
module,SocietyKit,castle_walkway_timber_2m,城墙木步道,ThreeHearthsVillage/Art/SocietyKit/modules/castle_walkway_timber_2m.glb,77960,ed947e16b5e342e864c1db77400000bd116664de49145536364c0def42e2ce4a,ThreeHearthsVillage/Content/ThreeHearths/Generated/SocietyKit/castle_walkway_timber_2m/castle_walkway_timber_2m.uasset,发现同名UE原生包；不等于已接入玩法
module,SocietyKit,castle_wall_battlement_2m,城墙垛口段,ThreeHearthsVillage/Art/SocietyKit/modules/castle_wall_battlement_2m.glb,176376,ce176ea7197553f074a8c510475e537a83436439e6704e1e9896f07858e1b04e,ThreeHearthsVillage/Content/ThreeHearths/Generated/SocietyKit/castle_wall_battlement_2m/castle_wall_battlement_2m.uasset,发现同名UE原生包；不等于已接入玩法
module,SocietyKit,castle_wall_stone_2m,城堡石墙段,ThreeHearthsVillage/Art/SocietyKit/modules/castle_wall_stone_2m.glb,123496,43317cfd1e3132d74e498dbb7857f8a067435ecdd8c5fb0180d1bc698753c92a,ThreeHearthsVillage/Content/ThreeHearths/Generated/SocietyKit/castle_wall_stone_2m/castle_wall_stone_2m.uasset,发现同名UE原生包；不等于已接入玩法
module,SocietyKit,goods_beams_bundle,成品房梁捆,ThreeHearthsVillage/Art/SocietyKit/modules/goods_beams_bundle.glb,77516,91d0a1f84ce842b096ca724e67e4402afce295e96e09980b61ad764beb76f675,ThreeHearthsVillage/Content/ThreeHearths/Generated/SocietyKit/goods_beams_bundle/goods_beams_bundle.uasset,发现同名UE原生包；不等于已接入玩法
module,SocietyKit,goods_bricks_tiles_crate,砖瓦混装箱,ThreeHearthsVillage/Art/SocietyKit/modules/goods_bricks_tiles_crate.glb,215520,0725d65fc41b87e6ed32298d35fffe0d545bec3e06ee72b4431b944fa452a9e8,ThreeHearthsVillage/Content/ThreeHearths/Generated/SocietyKit/goods_bricks_tiles_crate/goods_bricks_tiles_crate.uasset,发现同名UE原生包；不等于已接入玩法
module,SocietyKit,goods_paint_pails,涂料桶组,ThreeHearthsVillage/Art/SocietyKit/modules/goods_paint_pails.glb,113872,b65b8f1279d1b41a1a5daec15688eb38baa62819f25091a3d5f5a8f89cb522e7,ThreeHearthsVillage/Content/ThreeHearths/Generated/SocietyKit/goods_paint_pails/goods_paint_pails.uasset,发现同名UE原生包；不等于已接入玩法
module,SocietyKit,goods_planks_bundle,成品木板捆,ThreeHearthsVillage/Art/SocietyKit/modules/goods_planks_bundle.glb,94080,a6fa6816b1ae7efa845a2b2bc9133055d8ffab0b35c14641f5b1b1710fd2f5c6,ThreeHearthsVillage/Content/ThreeHearths/Generated/SocietyKit/goods_planks_bundle/goods_planks_bundle.uasset,发现同名UE原生包；不等于已接入玩法
module,SocietyKit,kingdom_banner_blue,蓝色王国旗,ThreeHearthsVillage/Art/SocietyKit/modules/kingdom_banner_blue.glb,50716,ac46bd1ff3f38df7ae6f2bc894bd4da7dd5b84fd4513a9a37108664426f7b65d,ThreeHearthsVillage/Content/ThreeHearths/Generated/SocietyKit/kingdom_banner_blue/kingdom_banner_blue.uasset,发现同名UE原生包；不等于已接入玩法
module,SocietyKit,kingdom_banner_red,红色王国旗,ThreeHearthsVillage/Art/SocietyKit/modules/kingdom_banner_red.glb,50712,83a040f48ff56c7b83c5413d57ee3b84bd4fa9328f49c3eb7643029b2341a960,ThreeHearthsVillage/Content/ThreeHearths/Generated/SocietyKit/kingdom_banner_red/kingdom_banner_red.uasset,发现同名UE原生包；不等于已接入玩法
module,SocietyKit,market_barrel_oak,市场橡木桶,ThreeHearthsVillage/Art/SocietyKit/modules/market_barrel_oak.glb,80264,aac1300298945a752a824ac6dee570caaf9ca3ff7b7ddd988b82ddbbf81bd6c8,ThreeHearthsVillage/Content/ThreeHearths/Generated/SocietyKit/market_barrel_oak/market_barrel_oak.uasset,发现同名UE原生包；不等于已接入玩法
module,SocietyKit,market_crate_oak,市场橡木箱,ThreeHearthsVillage/Art/SocietyKit/modules/market_crate_oak.glb,162080,3500eb09f6797fd1d18b53cc83cc248ec264a7ea4a8a059a988c6e3e0bab8eec,ThreeHearthsVillage/Content/ThreeHearths/Generated/SocietyKit/market_crate_oak/market_crate_oak.uasset,发现同名UE原生包；不等于已接入玩法
module,SocietyKit,market_stall_blue_2m,蓝色市集摊位,ThreeHearthsVillage/Art/SocietyKit/modules/market_stall_blue_2m.glb,264836,83ebf209d5efc6cfc40cb811cef4729d281e9b0b35bf3b45fa8320e953fb1384,ThreeHearthsVillage/Content/ThreeHearths/Generated/SocietyKit/market_stall_blue_2m/market_stall_blue_2m.uasset,发现同名UE原生包；不等于已接入玩法
module,SocietyKit,market_stall_red_2m,红色市集摊位,ThreeHearthsVillage/Art/SocietyKit/modules/market_stall_red_2m.glb,264832,bf32a2b01052a6d4d1004327e11f6ae3fc1bba3b98c162d62e8d8b64cd74a341,ThreeHearthsVillage/Content/ThreeHearths/Generated/SocietyKit/market_stall_red_2m/market_stall_red_2m.uasset,发现同名UE原生包；不等于已接入玩法
module,SocietyKit,profession_carpenter_cap,木匠帽,ThreeHearthsVillage/Art/SocietyKit/modules/profession_carpenter_cap.glb,26140,b6b7780583c196f2e4f8bb8935116adaedf86ca28fe019160ce3c0c15bd27d3f,ThreeHearthsVillage/Content/ThreeHearths/Generated/SocietyKit/profession_carpenter_cap/profession_carpenter_cap.uasset,发现同名UE原生包；不等于已接入玩法
module,SocietyKit,profession_mason_hood,石匠兜帽,ThreeHearthsVillage/Art/SocietyKit/modules/profession_mason_hood.glb,25208,7ee645e1a559e55837b2f91a79983b74c7376394c5ee9f5a56ecd97b581f103d,ThreeHearthsVillage/Content/ThreeHearths/Generated/SocietyKit/profession_mason_hood/profession_mason_hood.uasset,发现同名UE原生包；不等于已接入玩法
module,SocietyKit,profession_smith_apron,铁匠围裙,ThreeHearthsVillage/Art/SocietyKit/modules/profession_smith_apron.glb,39496,bd192e549ed5c815d939f74eb4ab2b6005ce63b2a47744431df8484c183ce826,ThreeHearthsVillage/Content/ThreeHearths/Generated/SocietyKit/profession_smith_apron/profession_smith_apron.uasset,发现同名UE原生包；不等于已接入玩法
module,SocietyKit,regalia_king_crown,国王皇冠,ThreeHearthsVillage/Art/SocietyKit/modules/regalia_king_crown.glb,29980,f20f798b8e346401d01288ff5026df64b0f93e030caab512d243dd8da7de6208,ThreeHearthsVillage/Content/ThreeHearths/Generated/SocietyKit/regalia_king_crown/regalia_king_crown.uasset,发现同名UE原生包；不等于已接入玩法
module,SocietyKit,tool_carpenter_hammer,木工锤,ThreeHearthsVillage/Art/SocietyKit/modules/tool_carpenter_hammer.glb,24496,4c9f1b6cdb612f132e43fb59c5f2758b29ec84b839bf4134762780f70cf62412,ThreeHearthsVillage/Content/ThreeHearths/Generated/SocietyKit/tool_carpenter_hammer/tool_carpenter_hammer.uasset,发现同名UE原生包；不等于已接入玩法
module,SocietyKit,tool_carpenter_saw,木工锯,ThreeHearthsVillage/Art/SocietyKit/modules/tool_carpenter_saw.glb,38476,367d86dcd2bcd9eeff3674f5019a9951a39efabafd7de5cd58a70b75e2829e53,ThreeHearthsVillage/Content/ThreeHearths/Generated/SocietyKit/tool_carpenter_saw/tool_carpenter_saw.uasset,发现同名UE原生包；不等于已接入玩法
module,SocietyKit,tool_mason_chisel,石匠凿,ThreeHearthsVillage/Art/SocietyKit/modules/tool_mason_chisel.glb,28576,bedfc549a6570f38baeff8aef37a81930ebb28e26a9399ff74542586675a8cc0,ThreeHearthsVillage/Content/ThreeHearths/Generated/SocietyKit/tool_mason_chisel/tool_mason_chisel.uasset,发现同名UE原生包；不等于已接入玩法
module,SocietyKit,tool_mason_trowel,石匠抹刀,ThreeHearthsVillage/Art/SocietyKit/modules/tool_mason_trowel.glb,19860,9bff21cc340e35b62d03d872810e6cd32c563d4a777007cc770dbc1457f18d0d,ThreeHearthsVillage/Content/ThreeHearths/Generated/SocietyKit/tool_mason_trowel/tool_mason_trowel.uasset,发现同名UE原生包；不等于已接入玩法
module,SocietyKit,village_lantern_post,村庄灯柱,ThreeHearthsVillage/Art/SocietyKit/modules/village_lantern_post.glb,95180,7d6a6d3d9af6915bb10706695be3e73e5d6673087004e1e6f975ab891fdb2dff,ThreeHearthsVillage/Content/ThreeHearths/Generated/SocietyKit/village_lantern_post/village_lantern_post.uasset,发现同名UE原生包；不等于已接入玩法
module,SocietyKit,village_notice_board,村庄告示牌,ThreeHearthsVillage/Art/SocietyKit/modules/village_notice_board.glb,92780,040669568449ff99eff635d506eefba896688d569a0f26e945a7f9b481a5929f,ThreeHearthsVillage/Content/ThreeHearths/Generated/SocietyKit/village_notice_board/village_notice_board.uasset,发现同名UE原生包；不等于已接入玩法
module,SocietyKit,workshop_blacksmith_forge,铁匠锻炉,ThreeHearthsVillage/Art/SocietyKit/modules/workshop_blacksmith_forge.glb,79700,0b560d21c131a53f50982a9892cc6ac49d78e5a349a4775ce8ae65e4f3d15385,ThreeHearthsVillage/Content/ThreeHearths/Generated/SocietyKit/workshop_blacksmith_forge/workshop_blacksmith_forge.uasset,发现同名UE原生包；不等于已接入玩法
module,SocietyKit,workshop_carpenter_station,木工工位,ThreeHearthsVillage/Art/SocietyKit/modules/workshop_carpenter_station.glb,181968,e0b15f7ab462fd8e7a3289eebe2aa66b67494da66f80741b45fecf22f062ffdb,ThreeHearthsVillage/Content/ThreeHearths/Generated/SocietyKit/workshop_carpenter_station/workshop_carpenter_station.uasset,发现同名UE原生包；不等于已接入玩法
module,SocietyKit,workshop_mason_station,石工工位,ThreeHearthsVillage/Art/SocietyKit/modules/workshop_mason_station.glb,76324,c3e1fd42278dcd5b29ddda1c31d9d0aafaf3e6503a4f1e1d8af14d4cf53efe45,ThreeHearthsVillage/Content/ThreeHearths/Generated/SocietyKit/workshop_mason_station/workshop_mason_station.uasset,发现同名UE原生包；不等于已接入玩法
module,SocietyKit,workshop_tile_kiln,烧瓦窑,ThreeHearthsVillage/Art/SocietyKit/modules/workshop_tile_kiln.glb,93228,e7754379b77efd113247420a5b7fd1aa222237cf7f0a232f3d5700327e04a5e4,ThreeHearthsVillage/Content/ThreeHearths/Generated/SocietyKit/workshop_tile_kiln/workshop_tile_kiln.uasset,发现同名UE原生包；不等于已接入玩法
preview_or_uv_diagram,SocietyKit,SocietyKit_Castle_InUE,SocietyKit_Castle_InUE,ThreeHearthsVillage/Art/SocietyKit/previews/SocietyKit_Castle_InUE.png,1507196,d74a0d2b90f218bf3b8bcbbc78bafc036994df2c0ceceb0dd2056657daa0d3d5,,
preview_or_uv_diagram,SocietyKit,SocietyKit_guild_market_yard,SocietyKit_guild_market_yard,ThreeHearthsVillage/Art/SocietyKit/previews/SocietyKit_guild_market_yard.png,3045526,057d45505f7e46fdf93403dcb79908ee8ae69f4bfb5b483d2572b7373bf69444,,
preview_or_uv_diagram,SocietyKit,SocietyKit_InUE,SocietyKit_InUE,ThreeHearthsVillage/Art/SocietyKit/previews/SocietyKit_InUE.png,1387379,1a01a11df5bbebd2217bf735e37cfc02b2383d092f36703bfaeb2c95e158eba2,,
preview_or_uv_diagram,SocietyKit,SocietyKit_kings_gate_courtyard,SocietyKit_kings_gate_courtyard,ThreeHearthsVillage/Art/SocietyKit/previews/SocietyKit_kings_gate_courtyard.png,3375219,8dd11f3f7e019bc0ffc2d9ef72ce4b6867a43c861edd43b8596852bc65d8ebea,,
preview_or_uv_diagram,SocietyKit,SocietyKit_Market_InUE,SocietyKit_Market_InUE,ThreeHearthsVillage/Art/SocietyKit/previews/SocietyKit_Market_InUE.png,1432006,0f8b7810d5994384b6888475364d98f881cfb42415d8f8e27164a7ed1e7bc9e9,,
preview_or_uv_diagram,SocietyKit,SocietyKit_Modules,SocietyKit_Modules,ThreeHearthsVillage/Art/SocietyKit/previews/SocietyKit_Modules.png,4469309,6e8d96a05428da8370e33c92ecb7a5d516cc6162a756f3b9df0af95aea7ddd9d,,
metadata_or_generator,SocietyKit,README,README,ThreeHearthsVillage/Art/SocietyKit/README.md,5994,09fc4c71cb3164c3f3be11548bc19a5e8400b6e807d554e5e074d9d8fc60770f,,
metadata_or_generator,SocietyKit,render-report,render-report,ThreeHearthsVillage/Art/SocietyKit/render-report.json,755,aadb9b65512d627066ba7ba889208418d704d353f687aa41b37827356e3b08c0,,
metadata_or_generator,SocietyKit,render_society_kit,render_society_kit,ThreeHearthsVillage/Art/SocietyKit/render_society_kit.py,1223,fe4db42dbe69cc81808e529d06a03e98794c3b82812e43e67e3ede340bec2b74,,
metadata_or_generator,SocietyKit,society_geometry,society_geometry,ThreeHearthsVillage/Art/SocietyKit/society_geometry.py,5559,78ff8ca4d7ba60effe3f09ec8a16e076abe2dd31611e91c488dd01c809ec1e56,,
blender_source,SocietyKit,SocietyKit,SocietyKit,ThreeHearthsVillage/Art/SocietyKit/SocietyKit.blend,711741,03a544990a480078cb9a37297c419491d19a2ca49cbed6cc9ffcf1eefadcce53,,
blender_source,SocietyKit,SocietyKit_guild_market_yard,SocietyKit_guild_market_yard,ThreeHearthsVillage/Art/SocietyKit/SocietyKit_guild_market_yard.blend,715887,aa3261ae97c8893d6501c05f1e468367d1ba0d1d227886ec8eecc25ca464c727,,
blender_source,SocietyKit,SocietyKit_kings_gate_courtyard,SocietyKit_kings_gate_courtyard,ThreeHearthsVillage/Art/SocietyKit/SocietyKit_kings_gate_courtyard.blend,716460,dedac8e82030e7e46b3e66652190a92c05b118e326db06dc6e323c245c0775db,,
metadata_or_generator,SocietyKit,UE_Import_Report,UE_Import_Report,ThreeHearthsVillage/Art/SocietyKit/UE_Import_Report.json,20642,0a11b26a83c1c1814b2c8f167a9f7c38de2be1e98344134d9defe6b92dfba5b3,,
metadata_or_generator,SocietyKit,UE_Showcase_Report,UE_Showcase_Report,ThreeHearthsVillage/Art/SocietyKit/UE_Showcase_Report.json,6855,044b71fc8a4667074fe7d74f643c4b8290acce459efd4a661bbad17918593a59,,
metadata_or_generator,SocietyKit,validate_society_kit,validate_society_kit,ThreeHearthsVillage/Art/SocietyKit/validate_society_kit.py,4869,90197b24e70f0d65d8c216503465eebac381b6d6799adf13e22c02d42bb33b79,,
metadata_or_generator,SocietyKit,validation,validation,ThreeHearthsVillage/Art/SocietyKit/validation.json,11230,8928000990f6734e2f6e6a3f447af3569a1e2f1e26ee91d47f0f61c609faea0e,,
metadata_or_generator,SocietyKit,write_artifact_manifest,write_artifact_manifest,ThreeHearthsVillage/Art/SocietyKit/write_artifact_manifest.py,691,89f672d69e27c0b808270177dbe8aaf56b7505043c0de32f5b343eb525edb772,,
metadata_or_generator,Stage4HouseAudit,artifact-manifest,artifact-manifest,ThreeHearthsVillage/Art/Stage4HouseAudit/artifact-manifest.json,4264,5ea1d9408b251b9364417cc43d87a497503d4b6e2b2df47d756d24411bc12182,,
metadata_or_generator,Stage4HouseAudit,audit_stage4_components,audit_stage4_components,ThreeHearthsVillage/Art/Stage4HouseAudit/audit_stage4_components.py,14490,b152d67b29896e2d8f017e38dfea205fca857da4e22159b05aef3924db441527,,
metadata_or_generator,Stage4HouseAudit,catalog-update-report,catalog-update-report,ThreeHearthsVillage/Art/Stage4HouseAudit/catalog-update-report.json,610,3f13d85e4e3395cfe505e0ef3b5469a007f4e1b297798e88d6e9c3a37c5d5ff9,,
metadata_or_generator,Stage4HouseAudit,component-catalog,component-catalog,ThreeHearthsVillage/Art/Stage4HouseAudit/component-catalog.json,26021,ee26d0e4a6939b3abae27d1dc984ec67d2dc3ea76328479c7333188d66a132ca,,
metadata_or_generator,Stage4HouseAudit,create_timber_roof_variants,create_timber_roof_variants,ThreeHearthsVillage/Art/Stage4HouseAudit/create_timber_roof_variants.py,5557,c005d2d31ab7391aa7d678e6125af850b23af65edc271bc8f1d3d0daf91130ed,,
metadata_or_generator,Stage4HouseAudit,create-timber-roof-request,create-timber-roof-request,ThreeHearthsVillage/Art/Stage4HouseAudit/mcp/create-timber-roof-request.json,379,e55942d875ed7b69eab08d014408b5abf7a315b572c9b429e962cac27f40e853,,
metadata_or_generator,Stage4HouseAudit,render-request,render-request,ThreeHearthsVillage/Art/Stage4HouseAudit/mcp/render-request.json,347,cad38a401a8b1e3e854fabafab9182bc113c1b71e66e772dc88a8e8b0f638fa6,,
metadata_or_generator,Stage4HouseAudit,render-timber-components-request,render-timber-components-request,ThreeHearthsVillage/Art/Stage4HouseAudit/mcp/render-timber-components-request.json,366,0d0b76d177783cc2ad6b892b3141209748f7b433659348a99cd9d0cacb853313,,
preview_or_uv_diagram,Stage4HouseAudit,Stage4_ComponentStages,Stage4_ComponentStages,ThreeHearthsVillage/Art/Stage4HouseAudit/previews/Stage4_ComponentStages.png,3170953,63bc97693803ee72b9934194c16df3e4c33299d348f733b926af2e849763a68e,,
preview_or_uv_diagram,Stage4HouseAudit,TimberRoof_Components,TimberRoof_Components,ThreeHearthsVillage/Art/Stage4HouseAudit/previews/TimberRoof_Components.png,1906095,e21b2396583b9a98032dcd71324524285c6edbcc684e2cf0c059db5160cf3b31,,
metadata_or_generator,Stage4HouseAudit,README,README,ThreeHearthsVillage/Art/Stage4HouseAudit/README.md,6814,9cd86da530b39c86c337ea76ac26b9da29e5d392375117097a761984a24725b5,,
metadata_or_generator,Stage4HouseAudit,render-report,render-report,ThreeHearthsVillage/Art/Stage4HouseAudit/render-report.json,7731,d61cec008507fd6fe881e1b6e3d9083c4efa362b0e1606e2576e2898be3fcb32,,
metadata_or_generator,Stage4HouseAudit,render_stage4_components,render_stage4_components,ThreeHearthsVillage/Art/Stage4HouseAudit/render_stage4_components.py,5946,75c1b5b250014aacd9ccdd25fbef686290f61b7a2585a8512adc181bb5f67305,,
metadata_or_generator,Stage4HouseAudit,render_timber_roof_components,render_timber_roof_components,ThreeHearthsVillage/Art/Stage4HouseAudit/render_timber_roof_components.py,4179,76fa2d36220c70396e0f7002cca31ec2c8743156d4abb4bbf7492759ffb2a2ff,,
metadata_or_generator,Stage4HouseAudit,stage4-assembly,stage4-assembly,ThreeHearthsVillage/Art/Stage4HouseAudit/stage4-assembly.json,19558,95284cc2000ed89741b06d914425ec1600884024d7895dc00161c2c00aa22958,,
metadata_or_generator,Stage4HouseAudit,timber-roof-render-report,timber-roof-render-report,ThreeHearthsVillage/Art/Stage4HouseAudit/timber-roof-render-report.json,763,72f5757f8cb2f38f799857ef9ab82a1ee5871dab00ec7b19dde649c097cb3b54,,
metadata_or_generator,Stage4HouseAudit,timber-roof-source-audit,timber-roof-source-audit,ThreeHearthsVillage/Art/Stage4HouseAudit/timber-roof-source-audit.json,1406,21e12458419f91c1313203cc5f9b536908382f8b765dc77de5471be389eb5973,,
metadata_or_generator,Stage4HouseAudit,timber-roof-specs,timber-roof-specs,ThreeHearthsVillage/Art/Stage4HouseAudit/timber-roof-specs.json,2633,1cde2e095e79423d49ca95b4dc6a71d0ed3cd5cf5fd272b77bcef1167c768e14,,
metadata_or_generator,Stage4HouseAudit,timber-roof-validation,timber-roof-validation,ThreeHearthsVillage/Art/Stage4HouseAudit/timber-roof-validation.json,2757,67cc9af92f194a54040c1919e2a9fc4c1e7df58fd009504ed4959082df08fb35,,
blender_source,Stage4HouseAudit,TimberRoofVariants,TimberRoofVariants,ThreeHearthsVillage/Art/Stage4HouseAudit/TimberRoofVariants.blend,183504,aecc617692d9395f50c96d39dff3e54014d7e5a2fa0787b188b6e7a3145c7b53,,
metadata_or_generator,Stage4HouseAudit,validate_timber_roof,validate_timber_roof,ThreeHearthsVillage/Art/Stage4HouseAudit/validate_timber_roof.py,5433,69520663c650dc0a020425efe6795b8d8551428e2aa52c9374bcd64a8ad25944,,
metadata_or_generator,Stage4HouseAudit,validation,validation,ThreeHearthsVillage/Art/Stage4HouseAudit/validation.json,1013,cced58ec4ce720bd517bb7e915ef67636cd5b7f4ca2ad70c9b69de3dfb532211,,
metadata_or_generator,Stage4HouseAudit,visual-review,visual-review,ThreeHearthsVillage/Art/Stage4HouseAudit/visual-review.json,1206,3aea4918e6e530614fe773ff979324c9404d75e1ac4350405f5b0e4f9e308c57,,
metadata_or_generator,ToolKit,artifact-manifest,artifact-manifest,ThreeHearthsVillage/Art/ToolKit/artifact-manifest.json,4251,385f5ee5421848802a95dec43785fca06308600569bc3b850ef67588fb0cef3c,,
metadata_or_generator,ToolKit,create_tool_kit,create_tool_kit,ThreeHearthsVillage/Art/ToolKit/create_tool_kit.py,13176,040b822a7f443fec8930e513b3a6cbefa4ae714bfdc4f0eb8a44f12ca3e90803,,
metadata_or_generator,ToolKit,generate-request,generate-request,ThreeHearthsVillage/Art/ToolKit/mcp/generate-request.json,320,3c3a737ace923baf9437ec1dabbd8d19c03fb023b9cd44a41f08b2540d2d4280,,
metadata_or_generator,ToolKit,render-grips-request,render-grips-request,ThreeHearthsVillage/Art/ToolKit/mcp/render-grips-request.json,374,634b8913b3b7822a2f9cc5d242967c22c69d021ddd2d53cb4f02b04ab07c95c3,,
metadata_or_generator,ToolKit,render-overview-request,render-overview-request,ThreeHearthsVillage/Art/ToolKit/mcp/render-overview-request.json,354,1422ccf9e1cbdecbb2827f7228ae8b9ed288cfeab393b4a2ee989f8ac1dfc5c5,,
metadata_or_generator,ToolKit,source-audit-request,source-audit-request,ThreeHearthsVillage/Art/ToolKit/mcp/source-audit-request.json,1157,e51fc54e2595d07828548124a542167d602db951587a8ec0863c26645fd99292,,
metadata_or_generator,ToolKit,model-report,model-report,ThreeHearthsVillage/Art/ToolKit/model-report.json,3406,93213d215ce2c86e3bd3508f7481d88f3d3412bff875ece7265df122c878e9a7,,
metadata_or_generator,ToolKit,module-specs,module-specs,ThreeHearthsVillage/Art/ToolKit/module-specs.json,8864,b2bdcdf1a9ad66545b6a074c83c05a93e5a28632571f328d95ef16e0a97fcee1,,
module,ToolKit,tool_axe,斧头,ThreeHearthsVillage/Art/ToolKit/modules/tool_axe.glb,58564,b18a9d48833ef4a1dbb65f8fe84842ad4fa326da53d2c5a0e9895f3416bdb35f,ThreeHearthsVillage/Content/ThreeHearths/Generated/ToolKit/tool_axe/tool_axe.uasset,发现同名UE原生包；不等于已接入玩法
module,ToolKit,tool_hammer,铁锤,ThreeHearthsVillage/Art/ToolKit/modules/tool_hammer.glb,62068,1a1d75e995814ddb3c547f7c61da05f4cfdc1d418050cae60c1e82e729e90fbf,ThreeHearthsVillage/Content/ThreeHearths/Generated/ToolKit/tool_hammer/tool_hammer.uasset,发现同名UE原生包；不等于已接入玩法
module,ToolKit,tool_hoe,锄头,ThreeHearthsVillage/Art/ToolKit/modules/tool_hoe.glb,57888,6ec39bdf0ade4c59cdc56698573dd856a7eb026299471e5f2a1bb2186f8ea6bd,ThreeHearthsVillage/Content/ThreeHearths/Generated/ToolKit/tool_hoe/tool_hoe.uasset,发现同名UE原生包；不等于已接入玩法
module,ToolKit,tool_mallet,木槌,ThreeHearthsVillage/Art/ToolKit/modules/tool_mallet.glb,58988,f78ccef677b3467c27dcb7658f085608a89a57424b8a2ab175b61ce043ed663a,ThreeHearthsVillage/Content/ThreeHearths/Generated/ToolKit/tool_mallet/tool_mallet.uasset,发现同名UE原生包；不等于已接入玩法
module,ToolKit,tool_pickaxe,镐,ThreeHearthsVillage/Art/ToolKit/modules/tool_pickaxe.glb,56244,4c1239ecf6be587d3df247d4bde10a04bea702ab417546875a0933b39e77c0f2,ThreeHearthsVillage/Content/ThreeHearths/Generated/ToolKit/tool_pickaxe/tool_pickaxe.uasset,发现同名UE原生包；不等于已接入玩法
module,ToolKit,tool_saw,手锯,ThreeHearthsVillage/Art/ToolKit/modules/tool_saw.glb,54604,1346bf337524b70d91324ead7cfba9ef75e1efc5b5ce95578ed059818351fb5c,ThreeHearthsVillage/Content/ThreeHearths/Generated/ToolKit/tool_saw/tool_saw.uasset,发现同名UE原生包；不等于已接入玩法
module,ToolKit,tool_shovel,铲子,ThreeHearthsVillage/Art/ToolKit/modules/tool_shovel.glb,66748,b83e27f2a77e5e22b2c9b2aed000dc06c5c8c7e595f1f38529f2b52aa07190bc,ThreeHearthsVillage/Content/ThreeHearths/Generated/ToolKit/tool_shovel/tool_shovel.uasset,发现同名UE原生包；不等于已接入玩法
module,ToolKit,tool_trowel,砌筑抹刀,ThreeHearthsVillage/Art/ToolKit/modules/tool_trowel.glb,43636,0c6466242469e31c1ecd3882bd53c8870fda8dd03fa116f92b2c98d9be957472,ThreeHearthsVillage/Content/ThreeHearths/Generated/ToolKit/tool_trowel/tool_trowel.uasset,发现同名UE原生包；不等于已接入玩法
preview_or_uv_diagram,ToolKit,ToolKit_grips,ToolKit_grips,ThreeHearthsVillage/Art/ToolKit/previews/ToolKit_grips.png,2871104,b5cc41c813e641b49d0af811b03ef120ca3a41454843dc8f5be65aaf3bb0b8f7,,
preview_or_uv_diagram,ToolKit,ToolKit_overview,ToolKit_overview,ThreeHearthsVillage/Art/ToolKit/previews/ToolKit_overview.png,2856638,a2e85b79392dd195d39bd23257fe5b1ebd9ff33e00d09ca6d6c8b370492ece0a,,
metadata_or_generator,ToolKit,README,README,ThreeHearthsVillage/Art/ToolKit/README.md,4478,8fd20b1f069ff7e6a2a9955558164eec09cfddae38c39f63361ba7d898db773b,,
metadata_or_generator,ToolKit,render-report,render-report,ThreeHearthsVillage/Art/ToolKit/render-report.json,7176,298bccfba5ed0ec20c8188eaac44a72fce6d9033347515c69bb2259ed966b21a,,
metadata_or_generator,ToolKit,render_tool_kit,render_tool_kit,ThreeHearthsVillage/Art/ToolKit/render_tool_kit.py,6208,234e6717640db74a128055bda2bad9e658b813c856804a39e599f8776d9b5cea,,
metadata_or_generator,ToolKit,source-audit,source-audit,ThreeHearthsVillage/Art/ToolKit/source-audit.json,1071,e58c2f56e863a9f58d0ee77834ae242ed7d8180f0668695d0128bebb69bee915,,
metadata_or_generator,ToolKit,tool_geometry,tool_geometry,ThreeHearthsVillage/Art/ToolKit/tool_geometry.py,5558,38c697cbb84ee9da9bd1f8d6dccc3c0d32580575c3dbe3877bf8b423b08450de,,
blender_source,ToolKit,ToolKit,ToolKit,ThreeHearthsVillage/Art/ToolKit/ToolKit.blend,206455,e987ac015479c4a24ad5af923e710b2433d9b351f027ec0efac176c503eadb96,,
metadata_or_generator,ToolKit,UE_Import_Report,UE_Import_Report,ThreeHearthsVillage/Art/ToolKit/UE_Import_Report.json,4925,e901abab182776c400b574434b7849e28d70dbc5bfa7c2aac60ce54532fdaef0,,
metadata_or_generator,ToolKit,UE_Validation,UE_Validation,ThreeHearthsVillage/Art/ToolKit/UE_Validation.json,3361,9eb54bcc981a49b81b38bd71fd5e3cbec7ace78865fce74326be8bfa70bdd955,,
metadata_or_generator,ToolKit,validate_tool_kit,validate_tool_kit,ThreeHearthsVillage/Art/ToolKit/validate_tool_kit.py,7002,22635664dee57d9bf0d75b110160525f4f42b2553496a61772506ad2aa35ecf2,,
metadata_or_generator,ToolKit,validation,validation,ThreeHearthsVillage/Art/ToolKit/validation.json,8537,562d21b515385973e788e0f3c24f184cc124682e979233cec4cabb915e8c089c,,
metadata_or_generator,ToolKit,visual-review,visual-review,ThreeHearthsVillage/Art/ToolKit/visual-review.json,864,8f84c8a90680f5dc4e4031258857eda272fc8c03e0bbc00cdb3c09b2173a5580,,
metadata_or_generator,TownKit,artifact-manifest,artifact-manifest,ThreeHearthsVillage/Art/TownKit/artifact-manifest.json,2605,c1c7885f2f917832d673da68c301e2194b43cdff866f382706f52d5740fefe1d,,
metadata_or_generator,TownKit,attachment-sockets,attachment-sockets,ThreeHearthsVillage/Art/TownKit/attachment-sockets.json,2430,c1eab28756cbe05d809b39e6996fc2a877d3b6e2829234a0d431ad9fa7d495eb,,
metadata_or_generator,TownKit,catalog,catalog,ThreeHearthsVillage/Art/TownKit/catalog.json,9298,5e7ec95d220ae9277f779d32ed4019a9d94be4af63e3109a8ae990b13403f290,,
metadata_or_generator,TownKit,create_town_kit,create_town_kit,ThreeHearthsVillage/Art/TownKit/create_town_kit.py,12228,7a7d4f29df6dbac55b1d87055826e0ee38f0494717cba1a4126f35cfec30a321,,
module,TownKit,town_corner_stone_2m,街区直角石墙连接件,ThreeHearthsVillage/Art/TownKit/modules/town_corner_stone_2m.glb,3788,1769835e0a1b5b13eeb8e5f990e4a73ebb4b3a1fe67c4431e843b14d26bf676d,,未发现同名UE包；可能未导入或使用改名路径
module,TownKit,town_gable_end_timber_2m,木屋顶端封板,ThreeHearthsVillage/Art/TownKit/modules/town_gable_end_timber_2m.glb,7468,bfb1e803a798baaf4424cb75a7c631aaf40d74977cf3a755a88b079bb0b124d4,,未发现同名UE包；可能未导入或使用改名路径
module,TownKit,town_roof_ridge_joint_2m,屋脊连接节点,ThreeHearthsVillage/Art/TownKit/modules/town_roof_ridge_joint_2m.glb,5672,66a6d4c7f58eebcbcf09622b77d468c42d1f0f78dfc6760fdc206ff2cdd19c29,,未发现同名UE包；可能未导入或使用改名路径
module,TownKit,town_roof_valley_joint_2m,L/T屋顶谷线节点,ThreeHearthsVillage/Art/TownKit/modules/town_roof_valley_joint_2m.glb,4748,477bdd9cb7f7b6589d773d12219bef65bc2e1c91b49cd73f093f4f38de031308,,未发现同名UE包；可能未导入或使用改名路径
module,TownKit,town_stair_timber_2m,八级木楼梯段,ThreeHearthsVillage/Art/TownKit/modules/town_stair_timber_2m.glb,11108,724d720dfa91da452eeffef55ddc7397e1e5cae72e2b0cd8934b9d8633e872c0,,未发现同名UE包；可能未导入或使用改名路径
module,TownKit,town_wall_gate_timber_2m,带中央通道木墙,ThreeHearthsVillage/Art/TownKit/modules/town_wall_gate_timber_2m.glb,5640,ad70abff1007faa2c51a48c3a0831abe204ae5a799b254a4f254f554eef4e9e6,,未发现同名UE包；可能未导入或使用改名路径
preview_or_uv_diagram,TownKit,preview-assembly,preview-assembly,ThreeHearthsVillage/Art/TownKit/preview-assembly.svg,2154,3dd9ec879cfa0bace9dbdee6f203270dbf82d20491aa8995e9a82646ce77b216,,
metadata_or_generator,TownKit,README,README,ThreeHearthsVillage/Art/TownKit/README.md,2299,f4763931c137851ddd30e64a1e9c351bb605bd36509fe1d14bab1b3a37d28259,,
metadata_or_generator,TownKit,recipes,recipes,ThreeHearthsVillage/Art/TownKit/recipes.json,2828,25e84c6b1ab57a50929c0f6333e77b2b7d5d234a51b034fed415f86038d17657,,
metadata_or_generator,TownKit,validate_town_kit,validate_town_kit,ThreeHearthsVillage/Art/TownKit/validate_town_kit.py,2365,1adf84f89652eb6e08d49941832e7cd010ddb5a79bc398548d1e6d24237cab26,,
metadata_or_generator,TownKit,validation,validation,ThreeHearthsVillage/Art/TownKit/validation.json,4566,70e0c606b5111a90718b3ab3ef7f78ef450b52228fb369cc69bdb7d75dd61bc9,,
metadata_or_generator,VillageKit,catalog,catalog,ThreeHearthsVillage/Art/VillageKit/catalog.json,26079,6d01d378ea21b20583597b6e092f2c4bdb0ef4aebef2295e1ac59728b0f8b8fa,,
metadata_or_generator,VillageKit,construction-plans,construction-plans,ThreeHearthsVillage/Art/VillageKit/construction-plans.json,350065,ff47613404437b145be7097fa3ad20f44bd913c0d509e04f586de6a4b4dee4d7,,
metadata_or_generator,VillageKit,create_village_kit,create_village_kit,ThreeHearthsVillage/Art/VillageKit/create_village_kit.py,37251,8b1f1e46ed6bc07bea64d75d37b57a63b3a81dbc11e577027c5564416b4eada3,,
metadata_or_generator,VillageKit,example-assemblies,example-assemblies,ThreeHearthsVillage/Art/VillageKit/example-assemblies.json,49708,4e5c31fbcae54bbb2177c825609573661acf68dce27074cb05d69dd6f6ac3cac,,
metadata_or_generator,VillageKit,example-layouts,example-layouts,ThreeHearthsVillage/Art/VillageKit/example-layouts.json,59799,3a18488b1b4024f5a68e0221c1038248dfaea03707dd0cff5a80a29281812e9a,,
assembly,VillageKit,cottage_terracotta,红陶瓦灰泥小屋组合,ThreeHearthsVillage/Art/VillageKit/examples/cottage_terracotta.glb,866940,ebb2442fd54583441a1ee6d0a46d5fabebc36501f1045e4f567af20ecc14d94c,ThreeHearthsVillage/Content/ThreeHearths/Generated/VillageKit/example__cottage_terracotta/cottage_terracotta.uasset,发现同名UE原生包；不等于已接入玩法
assembly,VillageKit,longhouse_slateblue,蓝灰瓦木长屋组合,ThreeHearthsVillage/Art/VillageKit/examples/longhouse_slateblue.glb,1034340,0a8b2d954f564f70b53011bdf9450ed79ed507449ffcea6d7b7595688cf696d2,ThreeHearthsVillage/Content/ThreeHearths/Generated/VillageKit/example__longhouse_slateblue/longhouse_slateblue.uasset,发现同名UE原生包；不等于已接入玩法
assembly,VillageKit,townhouse_terracotta,红陶瓦双层石屋组合,ThreeHearthsVillage/Art/VillageKit/examples/townhouse_terracotta.glb,1776520,da995b3ff77d493b36da0e5add51fda7b4268e44850e4cd3dbfd5441f95399b3,ThreeHearthsVillage/Content/ThreeHearths/Generated/VillageKit/example__townhouse_terracotta/townhouse_terracotta.uasset,发现同名UE原生包；不等于已接入玩法
metadata_or_generator,VillageKit,model-report,model-report,ThreeHearthsVillage/Art/VillageKit/model-report.json,25947,add94ea82e6ae7d68805474ae4c8f7d4504ac3ef5f90cd4b0895013aab181c17,,
metadata_or_generator,VillageKit,module-specs,module-specs,ThreeHearthsVillage/Art/VillageKit/module-specs.json,6725,42c5d81a64a7c0a7c016694664d38b2987fc7f7b2ae407f02f2fd4e2ead88a08,,
module,VillageKit,beam_timber_2m,2米木梁,ThreeHearthsVillage/Art/VillageKit/modules/beam_timber_2m.glb,8940,86f7356e44f90871e163b2f6e798652fb5962425c07a2b788b1336f188dcd921,ThreeHearthsVillage/Content/ThreeHearths/Generated/VillageKit/beam_timber_2m/beam_timber_2m.uasset,发现同名UE原生包；不等于已接入玩法
module,VillageKit,bench_timber,木长凳,ThreeHearthsVillage/Art/VillageKit/modules/bench_timber.glb,39632,8c65e74f06cabf3c77787901dba62b8aaf5fef58d104c230ba3adc27cbf84db5,ThreeHearthsVillage/Content/ThreeHearths/Generated/VillageKit/bench_timber/bench_timber.uasset,发现同名UE原生包；不等于已接入玩法
module,VillageKit,canopy_slateblue_2m,蓝灰瓦雨棚,ThreeHearthsVillage/Art/VillageKit/modules/canopy_slateblue_2m.glb,88556,d7f1a849578fbefd9e4e2ba71627c8d4b8484979798a66092572148659f29924,ThreeHearthsVillage/Content/ThreeHearths/Generated/VillageKit/canopy_slateblue_2m/canopy_slateblue_2m.uasset,发现同名UE原生包；不等于已接入玩法
module,VillageKit,canopy_terracotta_2m,红陶瓦雨棚,ThreeHearthsVillage/Art/VillageKit/modules/canopy_terracotta_2m.glb,88560,7a4b6d1fa6f9a0d20d2d5deedd0aafe5a1bceb4a8ad27d0010aa5f432e6ad038,ThreeHearthsVillage/Content/ThreeHearths/Generated/VillageKit/canopy_terracotta_2m/canopy_terracotta_2m.uasset,发现同名UE原生包；不等于已接入玩法
module,VillageKit,carry_logs,搬运原木包,ThreeHearthsVillage/Art/VillageKit/modules/carry_logs.glb,194728,22081c8c7a4dc62d972524b6d262d852e9e597f659581cafc766285e71dc042e,ThreeHearthsVillage/Content/ThreeHearths/Generated/VillageKit/carry_logs/carry_logs.uasset,发现同名UE原生包；不等于已接入玩法
module,VillageKit,carry_planks,搬运木板包,ThreeHearthsVillage/Art/VillageKit/modules/carry_planks.glb,94020,7e6408af8b50f96b9a3bd01f33fc3ddc0be6fdfa0c5feed648e24bec205d4ed2,ThreeHearthsVillage/Content/ThreeHearths/Generated/VillageKit/carry_planks/carry_planks.uasset,发现同名UE原生包；不等于已接入玩法
module,VillageKit,carry_plaster,搬运灰浆桶,ThreeHearthsVillage/Art/VillageKit/modules/carry_plaster.glb,78048,7c00072f4d4aea9183116cbac1aad08f5c6d976a5f7b91885921126557ef1177,ThreeHearthsVillage/Content/ThreeHearths/Generated/VillageKit/carry_plaster/carry_plaster.uasset,发现同名UE原生包；不等于已接入玩法
module,VillageKit,carry_stones,搬运石料箱,ThreeHearthsVillage/Art/VillageKit/modules/carry_stones.glb,128664,e47d231ca303d807b9c40ca6a08d4c86ee78bb34207ca0f71d46f01a0426abbe,ThreeHearthsVillage/Content/ThreeHearths/Generated/VillageKit/carry_stones/carry_stones.uasset,发现同名UE原生包；不等于已接入玩法
module,VillageKit,carry_tiles,搬运瓦片箱,ThreeHearthsVillage/Art/VillageKit/modules/carry_tiles.glb,115584,bc6c1662b8806b43c2e32ac276839625075db28bca4dbd92a7310b4e84845c95,ThreeHearthsVillage/Content/ThreeHearths/Generated/VillageKit/carry_tiles/carry_tiles.uasset,发现同名UE原生包；不等于已接入玩法
module,VillageKit,door_oak,橡木门,ThreeHearthsVillage/Art/VillageKit/modules/door_oak.glb,88380,456f1041dd2e6486369a29a309cdbf9fb14c4d1a4e3eabe013ec65e789cd3883,ThreeHearthsVillage/Content/ThreeHearths/Generated/VillageKit/door_oak/door_oak.uasset,发现同名UE原生包；不等于已接入玩法
module,VillageKit,floor_opening_2m,楼梯井开口楼板,ThreeHearthsVillage/Art/VillageKit/modules/floor_opening_2m.glb,16464,9988f53b6691d6b8fe8e7c7ff2b8483a582dbbc7656b1843f8fe7f6aab1311fd,ThreeHearthsVillage/Content/ThreeHearths/Generated/VillageKit/floor_opening_2m/floor_opening_2m.uasset,发现同名UE原生包；不等于已接入玩法
module,VillageKit,floor_timber_2m,木楼板,ThreeHearthsVillage/Art/VillageKit/modules/floor_timber_2m.glb,78768,04d19de6c2df4d629991d251027229fafe518a9f4e18df3bdc4c41cb5659032c,ThreeHearthsVillage/Content/ThreeHearths/Generated/VillageKit/floor_timber_2m/floor_timber_2m.uasset,发现同名UE原生包；不等于已接入玩法
module,VillageKit,foundation_stone_2m,石地基,ThreeHearthsVillage/Art/VillageKit/modules/foundation_stone_2m.glb,126348,6898bb09a0213b2ab2efacf8744b7a94445c879b0ff3bc3e144c48ee728524fc,ThreeHearthsVillage/Content/ThreeHearths/Generated/VillageKit/foundation_stone_2m/foundation_stone_2m.uasset,发现同名UE原生包；不等于已接入玩法
module,VillageKit,frame_timber_2m,木结构框架,ThreeHearthsVillage/Art/VillageKit/modules/frame_timber_2m.glb,108168,78a7712a689a4d827a0553715b68581142fb2dbd6ab812b67a9dd4a4e6223888,ThreeHearthsVillage/Content/ThreeHearths/Generated/VillageKit/frame_timber_2m/frame_timber_2m.uasset,发现同名UE原生包；不等于已接入玩法
module,VillageKit,gable_plaster_4m,灰泥山墙,ThreeHearthsVillage/Art/VillageKit/modules/gable_plaster_4m.glb,46724,e972423f82170d781da8e5a08925e412985f63607df524fa3bda34f1ab3cfdc8,ThreeHearthsVillage/Content/ThreeHearths/Generated/VillageKit/gable_plaster_4m/gable_plaster_4m.uasset,发现同名UE原生包；不等于已接入玩法
module,VillageKit,gable_stone_4m,石山墙,ThreeHearthsVillage/Art/VillageKit/modules/gable_stone_4m.glb,50156,8774b623d4d854f75855376f052f76b013ed7d92ea49a252a23a07f62fa66439,ThreeHearthsVillage/Content/ThreeHearths/Generated/VillageKit/gable_stone_4m/gable_stone_4m.uasset,发现同名UE原生包；不等于已接入玩法
module,VillageKit,gable_timber_4m,木山墙,ThreeHearthsVillage/Art/VillageKit/modules/gable_timber_4m.glb,59436,7447ab6ffa3ff0b0e8a4fb98d88c693912cc3d575ebd9df509cd1437ecee0600,ThreeHearthsVillage/Content/ThreeHearths/Generated/VillageKit/gable_timber_4m/gable_timber_4m.uasset,发现同名UE原生包；不等于已接入玩法
module,VillageKit,porch_post_timber,门廊木柱,ThreeHearthsVillage/Art/VillageKit/modules/porch_post_timber.glb,24368,f89a555f283fe2fa12ce7f5ad31baf4e9ffb01a77b3e035e083372275aeaad6d,ThreeHearthsVillage/Content/ThreeHearths/Generated/VillageKit/porch_post_timber/porch_post_timber.uasset,发现同名UE原生包；不等于已接入玩法
module,VillageKit,porch_steps_stone_2m,门廊石台阶,ThreeHearthsVillage/Art/VillageKit/modules/porch_steps_stone_2m.glb,24060,87ac5f8ec6ed2fff6bface4d690ec78e8eeeeffeba1f8ada0a0a09aea94f1c24,ThreeHearthsVillage/Content/ThreeHearths/Generated/VillageKit/porch_steps_stone_2m/porch_steps_stone_2m.uasset,发现同名UE原生包；不等于已接入玩法
module,VillageKit,post_timber_2_4m,2.4米木柱,ThreeHearthsVillage/Art/VillageKit/modules/post_timber_2_4m.glb,8948,d37e8d67e0d4d3b0a9088d57fb8e7517b4f4c1c0ff751ebb6d66782232ed3559,ThreeHearthsVillage/Content/ThreeHearths/Generated/VillageKit/post_timber_2_4m/post_timber_2_4m.uasset,发现同名UE原生包；不等于已接入玩法
module,VillageKit,railing_timber_2m,木栏杆,ThreeHearthsVillage/Art/VillageKit/modules/railing_timber_2m.glb,93060,36748667d9021323d71285d267098e222e05eaeaff952f1dfc1f2d0436a05a53,ThreeHearthsVillage/Content/ThreeHearths/Generated/VillageKit/railing_timber_2m/railing_timber_2m.uasset,发现同名UE原生包；不等于已接入玩法
module,VillageKit,roof_ridge_slateblue_2m,蓝灰瓦屋脊,ThreeHearthsVillage/Art/VillageKit/modules/roof_ridge_slateblue_2m.glb,20524,84c36710c698ee352df9dffe324b0df5f1e7124ecb95891fa827056a91a9a14f,ThreeHearthsVillage/Content/ThreeHearths/Generated/VillageKit/roof_ridge_slateblue_2m/roof_ridge_slateblue_2m.uasset,发现同名UE原生包；不等于已接入玩法
module,VillageKit,roof_ridge_terracotta_2m,红陶瓦屋脊,ThreeHearthsVillage/Art/VillageKit/modules/roof_ridge_terracotta_2m.glb,20528,92e147d3ce80b8a26d43eb89838a812e28082fef85f7b64c98906a0220666204,ThreeHearthsVillage/Content/ThreeHearths/Generated/VillageKit/roof_ridge_terracotta_2m/roof_ridge_terracotta_2m.uasset,发现同名UE原生包；不等于已接入玩法
module,VillageKit,roof_ridge_timber_2m,木屋脊,ThreeHearthsVillage/Art/VillageKit/modules/roof_ridge_timber_2m.glb,20748,5ed45fc00dcbb3c7ad0ef4ea499d2a5ecbdefa864be99492ef433d1193d7e3c2,ThreeHearthsVillage/Content/ThreeHearths/Generated/VillageKit/roof_ridge_timber_2m/roof_ridge_timber_2m.uasset,发现同名UE原生包；不等于已接入玩法
module,VillageKit,roof_slope_slateblue_2m,蓝灰瓦坡面,ThreeHearthsVillage/Art/VillageKit/modules/roof_slope_slateblue_2m.glb,149864,131f0a6ebbfcc9b6d686aea2b8658c21df08460546bf3023fc948d292775ac8b,ThreeHearthsVillage/Content/ThreeHearths/Generated/VillageKit/roof_slope_slateblue_2m/roof_slope_slateblue_2m.uasset,发现同名UE原生包；不等于已接入玩法
module,VillageKit,roof_slope_terracotta_2m,红陶瓦坡面,ThreeHearthsVillage/Art/VillageKit/modules/roof_slope_terracotta_2m.glb,149872,1ed7107ae6e69bb75dd92eda5ec236a66407e6c35a5dfee180dc9112cc32d559,ThreeHearthsVillage/Content/ThreeHearths/Generated/VillageKit/roof_slope_terracotta_2m/roof_slope_terracotta_2m.uasset,发现同名UE原生包；不等于已接入玩法
module,VillageKit,roof_slope_timber_2m,木屋顶坡面,ThreeHearthsVillage/Art/VillageKit/modules/roof_slope_timber_2m.glb,150096,5921bfc1f5897008cbf29b43178900e463dc4d7f712da535229529e64a3ced9a,ThreeHearthsVillage/Content/ThreeHearths/Generated/VillageKit/roof_slope_timber_2m/roof_slope_timber_2m.uasset,发现同名UE原生包；不等于已接入玩法
module,VillageKit,shutter_sage,鼠尾草绿窗板,ThreeHearthsVillage/Art/VillageKit/modules/shutter_sage.glb,64116,2b9f4c149d512b0b710bd464fa2576da493c98da44665c263bbd2a50892bf75d,ThreeHearthsVillage/Content/ThreeHearths/Generated/VillageKit/shutter_sage/shutter_sage.uasset,发现同名UE原生包；不等于已接入玩法
module,VillageKit,stairs_switchback_2x4m,折返楼梯,ThreeHearthsVillage/Art/VillageKit/modules/stairs_switchback_2x4m.glb,343512,33dc7e1b1ab2e6c915dca5d60f023ace361ede49b25a84b11d87b65cf57dbfdb,ThreeHearthsVillage/Content/ThreeHearths/Generated/VillageKit/stairs_switchback_2x4m/stairs_switchback_2x4m.uasset,发现同名UE原生包；不等于已接入玩法
module,VillageKit,table_communal,公共木桌,ThreeHearthsVillage/Art/VillageKit/modules/table_communal.glb,86408,0eef427db2026d8119fb97b9473d348f228670dc9daca0ac8a9ece61ad1b9d76,ThreeHearthsVillage/Content/ThreeHearths/Generated/VillageKit/table_communal/table_communal.uasset,发现同名UE原生包；不等于已接入玩法
module,VillageKit,wall_door_plaster_2m,带门洞灰泥墙,ThreeHearthsVillage/Art/VillageKit/modules/wall_door_plaster_2m.glb,47696,0b8b30fd835a2f2d2be3bdef7e452c2816068767ad8ff272df01e17a080950d8,ThreeHearthsVillage/Content/ThreeHearths/Generated/VillageKit/wall_door_plaster_2m/wall_door_plaster_2m.uasset,发现同名UE原生包；不等于已接入玩法
module,VillageKit,wall_door_stone_2m,带门洞石墙,ThreeHearthsVillage/Art/VillageKit/modules/wall_door_stone_2m.glb,196164,6d878bb89f38c0e6063f27f870d71ff3ae5c5550d2d8a95ac736c8306ca1f4b1,ThreeHearthsVillage/Content/ThreeHearths/Generated/VillageKit/wall_door_stone_2m/wall_door_stone_2m.uasset,发现同名UE原生包；不等于已接入玩法
module,VillageKit,wall_door_timber_2m,带门洞木墙,ThreeHearthsVillage/Art/VillageKit/modules/wall_door_timber_2m.glb,85512,0bae324426cb30195d54ded5d663e799869c10f865279ad0f715d88c60e9cfd5,ThreeHearthsVillage/Content/ThreeHearths/Generated/VillageKit/wall_door_timber_2m/wall_door_timber_2m.uasset,发现同名UE原生包；不等于已接入玩法
module,VillageKit,wall_plaster_2m,灰泥实墙,ThreeHearthsVillage/Art/VillageKit/modules/wall_plaster_2m.glb,8956,23fd0a392e44560c1425c3e7a19d1bc8cff6091d0879e70c2e016c55a782e4a0,ThreeHearthsVillage/Content/ThreeHearths/Generated/VillageKit/wall_plaster_2m/wall_plaster_2m.uasset,发现同名UE原生包；不等于已接入玩法
module,VillageKit,wall_stone_2m,石实墙,ThreeHearthsVillage/Art/VillageKit/modules/wall_stone_2m.glb,231060,2f926df7faee11bd6f009a21c404de4aa946310d4d73748512ae837d82eaac69,ThreeHearthsVillage/Content/ThreeHearths/Generated/VillageKit/wall_stone_2m/wall_stone_2m.uasset,发现同名UE原生包；不等于已接入玩法
module,VillageKit,wall_timber_2m,木实墙,ThreeHearthsVillage/Art/VillageKit/modules/wall_timber_2m.glb,62824,f65b37c567b0c3bb3c458db40219c698616b5ea57e0f52754f5a13b1877ab77a,ThreeHearthsVillage/Content/ThreeHearths/Generated/VillageKit/wall_timber_2m/wall_timber_2m.uasset,发现同名UE原生包；不等于已接入玩法
module,VillageKit,wall_window_plaster_2m,带窗灰泥墙,ThreeHearthsVillage/Art/VillageKit/modules/wall_window_plaster_2m.glb,87416,b5c3ae18009e24c238be384a8ed43f8417fe72aa58cb98b3eba1c0080eb7f0b8,ThreeHearthsVillage/Content/ThreeHearths/Generated/VillageKit/wall_window_plaster_2m/wall_window_plaster_2m.uasset,发现同名UE原生包；不等于已接入玩法
module,VillageKit,wall_window_stone_2m,带窗石墙,ThreeHearthsVillage/Art/VillageKit/modules/wall_window_stone_2m.glb,277408,44232b2e6d9ad440daf183a68e73ea3d73b46968d61b4eadc487d661e0a07169,ThreeHearthsVillage/Content/ThreeHearths/Generated/VillageKit/wall_window_stone_2m/wall_window_stone_2m.uasset,发现同名UE原生包；不等于已接入玩法
module,VillageKit,wall_window_timber_2m,带窗木墙,ThreeHearthsVillage/Art/VillageKit/modules/wall_window_timber_2m.glb,147916,2f7c42495d688b84bdbfd9e14b78afd6d85503ea3796c6a0e719dcb9161d587a,ThreeHearthsVillage/Content/ThreeHearths/Generated/VillageKit/wall_window_timber_2m/wall_window_timber_2m.uasset,发现同名UE原生包；不等于已接入玩法
module,VillageKit,workbench_carpenter,木工工作台,ThreeHearthsVillage/Art/VillageKit/modules/workbench_carpenter.glb,112936,1d967fc22e77e9e3980768f98c4282b173ffee9cdef545503533e0b5cd2b1294,ThreeHearthsVillage/Content/ThreeHearths/Generated/VillageKit/workbench_carpenter/workbench_carpenter.uasset,发现同名UE原生包；不等于已接入玩法
preview_or_uv_diagram,VillageKit,VillageKit_HouseChoices,VillageKit_HouseChoices,ThreeHearthsVillage/Art/VillageKit/previews/VillageKit_HouseChoices.png,2949650,184a4c9d1e8cb6dcf0898649e847eb9f3078b2a68bd96cc03cb9916c5b46c79f,,
preview_or_uv_diagram,VillageKit,VillageKit_InUE,VillageKit_InUE,ThreeHearthsVillage/Art/VillageKit/previews/VillageKit_InUE.png,1420582,c1e95974f7875fd5b3096a544cccfebb1010309fe9ee07122253d1d0987a6e77,,
preview_or_uv_diagram,VillageKit,VillageKit_Modules,VillageKit_Modules,ThreeHearthsVillage/Art/VillageKit/previews/VillageKit_Modules.png,3920057,8048b1ace835ed8d7bee1b10ae4444dfb7d31569effb111937e681dbd2fc4ebc,,
preview_or_uv_diagram,VillageKit,VillageKit_RoofMaterials,VillageKit_RoofMaterials,ThreeHearthsVillage/Art/VillageKit/previews/VillageKit_RoofMaterials.png,1759070,c1105f9e51823da6fcb974cb5fb04cc47c20f07f52d95033c9e5906e1b74a32d,,
preview_or_uv_diagram,VillageKit,VillageKit_Stairwell,VillageKit_Stairwell,ThreeHearthsVillage/Art/VillageKit/previews/VillageKit_Stairwell.png,2297627,093167b3120723daaea54bb3b832910ae88869c74e22cb1da7ff724c2ea96738,,
metadata_or_generator,VillageKit,README,README,ThreeHearthsVillage/Art/VillageKit/README.md,4454,9a6f2fe3dd8cdb2ce9515f4fe6c2f73212974decd65825879dbf89b9761a838c,,
metadata_or_generator,VillageKit,render-report,render-report,ThreeHearthsVillage/Art/VillageKit/render-report.json,966,c63bd1ab4b4da45a75b873f6236e06ebcfe9aaa0bd6be40a13f850e29b5f8389,,
metadata_or_generator,VillageKit,render_village_kit,render_village_kit,ThreeHearthsVillage/Art/VillageKit/render_village_kit.py,2586,0e6106bcbf5aedc45d871ceabdd104aaa13432281c026c6b1179368a84e3bfe0,,
metadata_or_generator,VillageKit,UE_Import_Report,UE_Import_Report,ThreeHearthsVillage/Art/VillageKit/UE_Import_Report.json,27235,1082ce9a1cf10613c73e8e89827a6e7af3ac58e3b30d73bee254e694beeccb7d,,
metadata_or_generator,VillageKit,UE_Showcase_Report,UE_Showcase_Report,ThreeHearthsVillage/Art/VillageKit/UE_Showcase_Report.json,6557,5383029a653c3e6a6eef91c5b6a1ef57bbf21ffd05ca10cd6b8bc6d3c4da8435,,
metadata_or_generator,VillageKit,UE_Validation,UE_Validation,ThreeHearthsVillage/Art/VillageKit/UE_Validation.json,17376,cdfba10482597cecfcf84dace606dcd883ecf62015bf6d52293aa0e4f8ebadcf,,
metadata_or_generator,VillageKit,validation,validation,ThreeHearthsVillage/Art/VillageKit/validation.json,16064,e71709a007949ba1ac50a1cf8b38d4d53f4198b0107954923f55434f7ad0bab9,,
blender_source,VillageKit,VillageKit,VillageKit,ThreeHearthsVillage/Art/VillageKit/VillageKit.blend,540800,088d843a9d88377d532be18adb09f3891c344dbcf69628a64a82233fbd3acff8,,
blender_source,VillageKit,VillageKit_Examples,VillageKit_Examples,ThreeHearthsVillage/Art/VillageKit/VillageKit_Examples.blend,555731,8be323422a434d261e2de8872c758e85889e2c7f927bdc767a9dacc7f05f516c,,
blender_source,VillageKit,VillageKit_RoofStudy,VillageKit_RoofStudy,ThreeHearthsVillage/Art/VillageKit/VillageKit_RoofStudy.blend,551333,3c6a221007bc51eb795fc983de6a7884222fa82f4f1842f78ac658a100afe1e6,,
metadata_or_generator,WoodProductionKit,artifact-manifest,artifact-manifest,ThreeHearthsVillage/Art/WoodProductionKit/artifact-manifest.json,3846,a674231529bcad11543fc5d079a0dd43c62230f4c7fca909e247cf7f1ec3a062,,
metadata_or_generator,WoodProductionKit,create_wood_production_kit,create_wood_production_kit,ThreeHearthsVillage/Art/WoodProductionKit/create_wood_production_kit.py,8568,eda7871a1c296a8a783be48d1a6931efd58bbc9e11760ea5f897d0dbe103e440,,
metadata_or_generator,WoodProductionKit,generate-request,generate-request,ThreeHearthsVillage/Art/WoodProductionKit/mcp/generate-request.json,364,f0e96f4ce1bcc85f37182008c9ccfe2b680893333751809073e8abe093b3baff,,
metadata_or_generator,WoodProductionKit,render-originals-request,render-originals-request,ThreeHearthsVillage/Art/WoodProductionKit/mcp/render-originals-request.json,400,bfc4820363b531a9aa7067802b22dbae047f58f1062f64cbd0aa42d15e41342b,,
metadata_or_generator,WoodProductionKit,render-production-request,render-production-request,ThreeHearthsVillage/Art/WoodProductionKit/mcp/render-production-request.json,476,2343947dcaa9f88ef7b0f7fbbbc82c20b7ee184f86fde2288c858458edafa56d,,
metadata_or_generator,WoodProductionKit,source-audit-request,source-audit-request,ThreeHearthsVillage/Art/WoodProductionKit/mcp/source-audit-request.json,1231,78593cb4ab50e61e0410c947fbc467e05e360717274ec1807cee5f7bb3518ef6,,
metadata_or_generator,WoodProductionKit,model-report,model-report,ThreeHearthsVillage/Art/WoodProductionKit/model-report.json,1409,970dd2c0b2971ceef7a6567bd3c687ee00f8ccc1107d23b3a53d6fba587bd990,,
metadata_or_generator,WoodProductionKit,module-specs,module-specs,ThreeHearthsVillage/Art/WoodProductionKit/module-specs.json,2146,8661fd36539e353a90fb3e6eac964f71061acc702363c127285fd850a40b856d,,
module,WoodProductionKit,wip_log_to_beam,原木加工房梁半成品,ThreeHearthsVillage/Art/WoodProductionKit/modules/wip_log_to_beam.glb,24436,63917ac523b0123a1e99800e620e22500e784c4bf108ec1a15a8abc42801d78c,,未发现同名UE包；可能未导入或使用改名路径
module,WoodProductionKit,wip_log_to_planks,原木锯板半成品,ThreeHearthsVillage/Art/WoodProductionKit/modules/wip_log_to_planks.glb,34284,99345ee722159c6c5582b0050dbe2b2412e8fc8202768e0000db2ceb7679e10c,,未发现同名UE包；可能未导入或使用改名路径
preview_or_uv_diagram,WoodProductionKit,WoodProduction_originals,WoodProduction_originals,ThreeHearthsVillage/Art/WoodProductionKit/previews/WoodProduction_originals.png,2038473,1b5728fb262fa1be3022b66143b78b3bbc340a6087f241bb885c8de5fe018b16,,
preview_or_uv_diagram,WoodProductionKit,WoodProduction_production,WoodProduction_production,ThreeHearthsVillage/Art/WoodProductionKit/previews/WoodProduction_production.png,2987313,a0ffedfe0fa99d23f8a93280569a2cbdb12780b24fa13caaa2351766d93c8d1a,,
metadata_or_generator,WoodProductionKit,production-layout,production-layout,ThreeHearthsVillage/Art/WoodProductionKit/production-layout.json,1917,e8c5d3b0bdef14684e4e7744d736d47afb44a00432bac20b86dd700e8fd07e20,,
metadata_or_generator,WoodProductionKit,README,README,ThreeHearthsVillage/Art/WoodProductionKit/README.md,5650,1c87b71fc22fbaa278a6ec6c77ea5643ad15a57d2a5bd1b3b5eb27e64de846d6,,
metadata_or_generator,WoodProductionKit,render-report,render-report,ThreeHearthsVillage/Art/WoodProductionKit/render-report.json,719,b2b303f64ab4609d4a6242ad2c4af2db7446703c64cc875ebb4e5c9006f66cfd,,
metadata_or_generator,WoodProductionKit,render_wood_production_kit,render_wood_production_kit,ThreeHearthsVillage/Art/WoodProductionKit/render_wood_production_kit.py,8163,83c3cc608aed13f40d73690de930a9293eb71738f9dbaaf9412848ba67da4fda,,
metadata_or_generator,WoodProductionKit,reuse-manifest,reuse-manifest,ThreeHearthsVillage/Art/WoodProductionKit/reuse-manifest.json,8954,0312ae8233a78bcbadafc9869e9d4543beed9eb39c5334bc0c0ab7ce3b161da3,,
metadata_or_generator,WoodProductionKit,source-audit,source-audit,ThreeHearthsVillage/Art/WoodProductionKit/source-audit.json,637,8a9567e1204a10485282dbad5a7dcc4915b01c03e8e6c68021246d65998dc7bb,,
metadata_or_generator,WoodProductionKit,validate_wood_production_kit,validate_wood_production_kit,ThreeHearthsVillage/Art/WoodProductionKit/validate_wood_production_kit.py,5947,7819a9010100f716a66a7f44669f44b2498ec78ff59bcfa87ea49e8b32a66a21,,
metadata_or_generator,WoodProductionKit,validation,validation,ThreeHearthsVillage/Art/WoodProductionKit/validation.json,3358,91c49632c47462cd32eec3cd3f8083916e55a887c654cf77e59732ff4abb9e74,,
metadata_or_generator,WoodProductionKit,visual-review,visual-review,ThreeHearthsVillage/Art/WoodProductionKit/visual-review.json,945,11d02d54a4bebbb5044cd5d7399637d273aea37b27d18210ec8b98ddfff30ba1,,
metadata_or_generator,WoodProductionKit,wood_geometry,wood_geometry,ThreeHearthsVillage/Art/WoodProductionKit/wood_geometry.py,5557,8e2f647f93974a34ad62cf21f0947e8ed5b4fe60b4b5e099eb91e18d58980dae,,
blender_source,WoodProductionKit,WoodProductionKit,WoodProductionKit,ThreeHearthsVillage/Art/WoodProductionKit/WoodProductionKit.blend,127033,f8b08f342d71e067fdb0fc07b304fb22bf4ff91c58b828fd5d272c44519ba3a6,,
metadata_or_generator,WoodProductionKit,write_reuse_manifest,write_reuse_manifest,ThreeHearthsVillage/Art/WoodProductionKit/write_reuse_manifest.py,3836,73324a1c3ef2f93b33e447c20520e92bef797a054e8e8e7e61d72371e6c5df35,,
native_asset_package,GoodsKit,GK_Cream_Label,GK_Cream_Label,ThreeHearthsVillage/Content/ThreeHearths/Generated/GoodsKit/goods_bricks_crate/GK_Cream_Label.uasset,21357,5b5c2d787b31460ccc4da2c8018719f82d5e66633b808bf32ccd80e1d4f5550f,,
native_asset_package,GoodsKit,GK_Cut_Edge,GK_Cut_Edge,ThreeHearthsVillage/Content/ThreeHearths/Generated/GoodsKit/goods_bricks_crate/GK_Cut_Edge.uasset,21324,f718b4991af201780f9b942b0eb2925c6ec765b5b8e95198a62ef21616dd7c97,,
native_asset_package,GoodsKit,GK_Fired_Brick,GK_Fired_Brick,ThreeHearthsVillage/Content/ThreeHearths/Generated/GoodsKit/goods_bricks_crate/GK_Fired_Brick.uasset,21357,b8d003d760bba1c4d6f1924444184bd4c5e3aba838f935c0f7f01eaacae085e1,,
native_asset_package,GoodsKit,GK_Fired_Brick_Light,GK_Fired_Brick_Light,ThreeHearthsVillage/Content/ThreeHearths/Generated/GoodsKit/goods_bricks_crate/GK_Fired_Brick_Light.uasset,21423,d7a9e9188adf05bae2072f9b837056a4f5d564811a3063b3ef9fb8877910b7a6,,
native_asset_package,GoodsKit,GK_Honey_Plank,GK_Honey_Plank,ThreeHearthsVillage/Content/ThreeHearths/Generated/GoodsKit/goods_bricks_crate/GK_Honey_Plank.uasset,21357,e94235a0c687a6675fa7bad9ece91ca923b4427ad356e42a66a1bc799bf917ba,,
native_asset_package,GoodsKit,GK_Timber_Recess,GK_Timber_Recess,ThreeHearthsVillage/Content/ThreeHearths/Generated/GoodsKit/goods_bricks_crate/GK_Timber_Recess.uasset,21379,fa3783414fb9ec98028d16444827d8fa56db698cbf990ec36ee50484045eb5cc,,
native_asset_package,GoodsKit,GK_Warm_Oak,GK_Warm_Oak,ThreeHearthsVillage/Content/ThreeHearths/Generated/GoodsKit/goods_bricks_crate/GK_Warm_Oak.uasset,21324,87c3e0fc5359858adc54606708c72f262d6268da3a94199b12497897800b9744,,
native_asset_package,GoodsKit,goods_bricks_crate,烧制砖块箱,ThreeHearthsVillage/Content/ThreeHearths/Generated/GoodsKit/goods_bricks_crate/goods_bricks_crate.uasset,88575,d69ed2448933b2e31930b4b2adb710c66902fcd992a2cc9616d5887e8e098485,,
native_asset_package,GoodsKit,GK_Forged_Iron,GK_Forged_Iron,ThreeHearthsVillage/Content/ThreeHearths/Generated/GoodsKit/goods_iron_ingots_bundle/GK_Forged_Iron.uasset,21434,4d549ecf5b917015f7fc9512949101c247b220acd1f78e7330913e7044b4a247,,
native_asset_package,GoodsKit,GK_Hemp_Rope,GK_Hemp_Rope,ThreeHearthsVillage/Content/ThreeHearths/Generated/GoodsKit/goods_iron_ingots_bundle/GK_Hemp_Rope.uasset,21412,9b7a86334a664d734ce6d144a22e4a3c78b88a8c710da0d295e6f5e5ca55252e,,
native_asset_package,GoodsKit,GK_Honey_Plank,GK_Honey_Plank,ThreeHearthsVillage/Content/ThreeHearths/Generated/GoodsKit/goods_iron_ingots_bundle/GK_Honey_Plank.uasset,21434,a670a69b2ed2573573bcf17a63d027a4cbb55e295fe56161feb593de7d27ec4d,,
native_asset_package,GoodsKit,GK_Iron_Edge,GK_Iron_Edge,ThreeHearthsVillage/Content/ThreeHearths/Generated/GoodsKit/goods_iron_ingots_bundle/GK_Iron_Edge.uasset,21412,1551c3e840e1f9da25066262b9274835f0cccf83f6dde7ce15db2bbecc58ad6b,,
native_asset_package,GoodsKit,GK_Warm_Oak,GK_Warm_Oak,ThreeHearthsVillage/Content/ThreeHearths/Generated/GoodsKit/goods_iron_ingots_bundle/GK_Warm_Oak.uasset,21401,ff6e2e54727bd2ccc7c2cce9b2f92b7aa65a70f5994b6c919485a56ff110c74e,,
native_asset_package,GoodsKit,goods_iron_ingots_bundle,铁锭捆,ThreeHearthsVillage/Content/ThreeHearths/Generated/GoodsKit/goods_iron_ingots_bundle/goods_iron_ingots_bundle.uasset,57496,f90f5e6acd74a0e56ef9ba024157c30f72e2270a2f71cc4f929cab1a46e79ea5,,
native_asset_package,GoodsKit,GK_Cream_Glazed_Pail,GK_Cream_Glazed_Pail,ThreeHearthsVillage/Content/ThreeHearths/Generated/GoodsKit/goods_lime_pail/GK_Cream_Glazed_Pail.uasset,21390,f69983b679024515a765fd194ff370b60a1c6e7a57efbf1735f7a5a1ecb43001,,
native_asset_package,GoodsKit,GK_Cut_Edge,GK_Cut_Edge,ThreeHearthsVillage/Content/ThreeHearths/Generated/GoodsKit/goods_lime_pail/GK_Cut_Edge.uasset,21291,2f6af8435aff4953f0ca11d2ffec54ac57e0439bcaf52815c1af3e08d10cd23f,,
native_asset_package,GoodsKit,GK_Forged_Iron,GK_Forged_Iron,ThreeHearthsVillage/Content/ThreeHearths/Generated/GoodsKit/goods_lime_pail/GK_Forged_Iron.uasset,21324,21e9b800956b73b9b58ba62235cd744bf963d91acd16b9ffe80a5da977f9a5e2,,
native_asset_package,GoodsKit,GK_Lime_Powder,GK_Lime_Powder,ThreeHearthsVillage/Content/ThreeHearths/Generated/GoodsKit/goods_lime_pail/GK_Lime_Powder.uasset,21324,e729e6f6b5017deec5bae8ffa376aad3acb9559a90b6e826029b776af59be323,,
native_asset_package,GoodsKit,GK_Warm_Oak,GK_Warm_Oak,ThreeHearthsVillage/Content/ThreeHearths/Generated/GoodsKit/goods_lime_pail/GK_Warm_Oak.uasset,21291,402d3d5febea637aa3c304c676f0d0171aa6e9fd437350f639fdcf00838cb119,,
native_asset_package,GoodsKit,goods_lime_pail,石灰桶,ThreeHearthsVillage/Content/ThreeHearths/Generated/GoodsKit/goods_lime_pail/goods_lime_pail.uasset,72221,53642a438b8f8c74836517b3bef2e72e031a9f5cd8aad2d6cd2a675019c6c169,,
native_asset_package,GoodsKit,GK_Cream_Label,GK_Cream_Label,ThreeHearthsVillage/Content/ThreeHearths/Generated/GoodsKit/goods_nails_box/GK_Cream_Label.uasset,21335,907d9bfff9e99844e97c2bb6d35963915966b35182f9f4681aaede41c7dc865e,,
native_asset_package,GoodsKit,GK_Cut_Edge,GK_Cut_Edge,ThreeHearthsVillage/Content/ThreeHearths/Generated/GoodsKit/goods_nails_box/GK_Cut_Edge.uasset,21302,7e43ff164515abc6f0a14e1b6d4ea68d29b8e0ff2c6b9bca3bbded907575ce1d,,
native_asset_package,GoodsKit,GK_Forged_Iron,GK_Forged_Iron,ThreeHearthsVillage/Content/ThreeHearths/Generated/GoodsKit/goods_nails_box/GK_Forged_Iron.uasset,21335,43ee01a78731dd413784621159ae6ead0580b1d51e9217f3e215732cdf38421e,,
native_asset_package,GoodsKit,GK_Honey_Plank,GK_Honey_Plank,ThreeHearthsVillage/Content/ThreeHearths/Generated/GoodsKit/goods_nails_box/GK_Honey_Plank.uasset,21335,17410d163826838934e36480d4f7a4174307e315e4a43b223e8b4ebed336e814,,
native_asset_package,GoodsKit,GK_Iron_Edge,GK_Iron_Edge,ThreeHearthsVillage/Content/ThreeHearths/Generated/GoodsKit/goods_nails_box/GK_Iron_Edge.uasset,21313,b7f83d43875ade5e57fc811206236deb0c62b39178ef6cc53b35b4196b4084a1,,
native_asset_package,GoodsKit,GK_Timber_Recess,GK_Timber_Recess,ThreeHearthsVillage/Content/ThreeHearths/Generated/GoodsKit/goods_nails_box/GK_Timber_Recess.uasset,21357,dc760acc54b46f1d0f8c305c86d51173270b20f9131935aca4fea054b232b77e,,
native_asset_package,GoodsKit,GK_Warm_Oak,GK_Warm_Oak,ThreeHearthsVillage/Content/ThreeHearths/Generated/GoodsKit/goods_nails_box/GK_Warm_Oak.uasset,21302,ad74bf6c9d431d8b055ae58f5ce0ddb85fd8b6962bface8d62a70992685326f4,,
native_asset_package,GoodsKit,goods_nails_box,铁钉盒,ThreeHearthsVillage/Content/ThreeHearths/Generated/GoodsKit/goods_nails_box/goods_nails_box.uasset,90680,b45ca43d3f2b48a72ce100ba1cae7c74e5695a69909538819830ddedc17cd063,,
native_asset_package,GoodsKit,GK_Blue_Pigment,GK_Blue_Pigment,ThreeHearthsVillage/Content/ThreeHearths/Generated/GoodsKit/goods_pigment_pots/GK_Blue_Pigment.uasset,21379,76c86cca0de380193eedb4e5e1f2a54a98170fcae8e4e7ec1e702dcd2cb3d734,,
native_asset_package,GoodsKit,GK_Cream_Glazed_Pail,GK_Cream_Glazed_Pail,ThreeHearthsVillage/Content/ThreeHearths/Generated/GoodsKit/goods_pigment_pots/GK_Cream_Glazed_Pail.uasset,21434,bb1c0b34f37591b15fd4acef805dbab54e6e4106d0908ffbda5fd949461dfe92,,
native_asset_package,GoodsKit,GK_Cream_Label,GK_Cream_Label,ThreeHearthsVillage/Content/ThreeHearths/Generated/GoodsKit/goods_pigment_pots/GK_Cream_Label.uasset,21368,f9fad437f7f71cb8145a583db9c4180795527d5ce2c13cfe10fae093b6255ac5,,
native_asset_package,GoodsKit,GK_Cut_Edge,GK_Cut_Edge,ThreeHearthsVillage/Content/ThreeHearths/Generated/GoodsKit/goods_pigment_pots/GK_Cut_Edge.uasset,21335,3a6e395bd95854a5ecf2c8c251a5ee192dde7e65d702926f729d2a2aecc1a694,,
native_asset_package,GoodsKit,GK_Honey_Plank,GK_Honey_Plank,ThreeHearthsVillage/Content/ThreeHearths/Generated/GoodsKit/goods_pigment_pots/GK_Honey_Plank.uasset,21368,6c4d8261c3e25605db03e701bad4e606cd7202fd98215e985852e84b94a09cd3,,
native_asset_package,GoodsKit,GK_Ochre_Pigment,GK_Ochre_Pigment,ThreeHearthsVillage/Content/ThreeHearths/Generated/GoodsKit/goods_pigment_pots/GK_Ochre_Pigment.uasset,21390,690bf3397b5a70ca744c67dae3efd81bb184a06fd81cfcfc4364a5160b88e3b9,,
native_asset_package,GoodsKit,GK_Red_Pigment,GK_Red_Pigment,ThreeHearthsVillage/Content/ThreeHearths/Generated/GoodsKit/goods_pigment_pots/GK_Red_Pigment.uasset,21368,7672a1ec5516bfda553129b6c282ebbf143d3aa58366013e96dd65ebef68a278,,
native_asset_package,GoodsKit,GK_Timber_Recess,GK_Timber_Recess,ThreeHearthsVillage/Content/ThreeHearths/Generated/GoodsKit/goods_pigment_pots/GK_Timber_Recess.uasset,21390,0a33353088683accdf4e723e4996b17a9d30f3a5ab1563ce80f6c6c5d7cdffee,,
native_asset_package,GoodsKit,GK_Warm_Oak,GK_Warm_Oak,ThreeHearthsVillage/Content/ThreeHearths/Generated/GoodsKit/goods_pigment_pots/GK_Warm_Oak.uasset,21335,f36a8a6f3d8be537465af03d3f3cad13555680b08a9d32d8ab386021accabffc,,
native_asset_package,GoodsKit,goods_pigment_pots,颜料罐组,ThreeHearthsVillage/Content/ThreeHearths/Generated/GoodsKit/goods_pigment_pots/goods_pigment_pots.uasset,112723,26739f748a15ef6c7f6f189cc99c203f21e28149c95c0086ef81570b42a4c1bf,,
native_asset_package,GoodsKit,GK_Clay_Cut,GK_Clay_Cut,ThreeHearthsVillage/Content/ThreeHearths/Generated/GoodsKit/goods_raw_clay_basket/GK_Clay_Cut.uasset,21357,6602c28877f08e23d38e44e988a7249014611fe38fbb1a50c269340c165a4810,,
native_asset_package,GoodsKit,GK_Golden_Wicker,GK_Golden_Wicker,ThreeHearthsVillage/Content/ThreeHearths/Generated/GoodsKit/goods_raw_clay_basket/GK_Golden_Wicker.uasset,21412,600109c889c2367c1858ca84106ec387e9958837fb27e0c63e3db90b9113e827,,
native_asset_package,GoodsKit,GK_Hemp_Rope,GK_Hemp_Rope,ThreeHearthsVillage/Content/ThreeHearths/Generated/GoodsKit/goods_raw_clay_basket/GK_Hemp_Rope.uasset,21368,ed2a8300745c7b48dc41dd76792619680c3e034381568adc4ea1db73fcf84a38,,
native_asset_package,GoodsKit,GK_Raw_Clay,GK_Raw_Clay,ThreeHearthsVillage/Content/ThreeHearths/Generated/GoodsKit/goods_raw_clay_basket/GK_Raw_Clay.uasset,21357,51718fd6d2c1819b65ecdb9bbb10a6249c6355fa0d2f4b664409be5ec0f7d8d9,,
native_asset_package,GoodsKit,GK_Wicker_Weave,GK_Wicker_Weave,ThreeHearthsVillage/Content/ThreeHearths/Generated/GoodsKit/goods_raw_clay_basket/GK_Wicker_Weave.uasset,21401,ca6ca91f555dde4c6b9982bb3650de41ef1acaa7197faf20cad6b2e74ecceebb,,
native_asset_package,GoodsKit,goods_raw_clay_basket,黏土篮,ThreeHearthsVillage/Content/ThreeHearths/Generated/GoodsKit/goods_raw_clay_basket/goods_raw_clay_basket.uasset,71365,028efff7ceab777d2a6aaec23807aee268cb7883f0bf901fbcd6f1209925a1df,,
native_asset_package,GoodsKit,GK_Cream_Label,GK_Cream_Label,ThreeHearthsVillage/Content/ThreeHearths/Generated/GoodsKit/goods_tiles_slateblue_crate/GK_Cream_Label.uasset,21456,57e839ebec64acfcc1b3595064d887275805974fe498f5576d7d63d898ca4975,,
native_asset_package,GoodsKit,GK_Cut_Edge,GK_Cut_Edge,ThreeHearthsVillage/Content/ThreeHearths/Generated/GoodsKit/goods_tiles_slateblue_crate/GK_Cut_Edge.uasset,21423,c025f9070dd04e5eeef01f323a42a5f05ffb4e257d4c68e48b3dffcb8b8f77ef,,
native_asset_package,GoodsKit,GK_Honey_Plank,GK_Honey_Plank,ThreeHearthsVillage/Content/ThreeHearths/Generated/GoodsKit/goods_tiles_slateblue_crate/GK_Honey_Plank.uasset,21456,f76e77e36d494816eea7ce846f49dfe104245408ef4dc4f459dd2c10e336938e,,
native_asset_package,GoodsKit,GK_Slateblue_Tile,GK_Slateblue_Tile,ThreeHearthsVillage/Content/ThreeHearths/Generated/GoodsKit/goods_tiles_slateblue_crate/GK_Slateblue_Tile.uasset,21489,1e8ebbb6cdfd070e5a263232765388961c89435608e93d1100c5182090096077,,
native_asset_package,GoodsKit,GK_Slateblue_Tile_Light,GK_Slateblue_Tile_Light,ThreeHearthsVillage/Content/ThreeHearths/Generated/GoodsKit/goods_tiles_slateblue_crate/GK_Slateblue_Tile_Light.uasset,21555,c1cefb4b0e8de50c9bdc532a981c57b52e4b8911a9e3a8d6ca889a414ab24a1e,,
native_asset_package,GoodsKit,GK_Timber_Recess,GK_Timber_Recess,ThreeHearthsVillage/Content/ThreeHearths/Generated/GoodsKit/goods_tiles_slateblue_crate/GK_Timber_Recess.uasset,21478,8442756fd5c62d9f6093f41132c9e9f5f06ea19dddf4204921c6c4ac0653782e,,
native_asset_package,GoodsKit,GK_Warm_Oak,GK_Warm_Oak,ThreeHearthsVillage/Content/ThreeHearths/Generated/GoodsKit/goods_tiles_slateblue_crate/GK_Warm_Oak.uasset,21423,05d229b97f82f6544c3472e2fee11616150ef7f7ac65097ff72a5d714cc0de6f,,
native_asset_package,GoodsKit,goods_tiles_slateblue_crate,蓝灰瓦商品箱,ThreeHearthsVillage/Content/ThreeHearths/Generated/GoodsKit/goods_tiles_slateblue_crate/goods_tiles_slateblue_crate.uasset,86142,dba2b6aa611b6402e54d8ea79ebf8d90a742370b6343f9168a17cf7deb9efb33,,
native_asset_package,GoodsKit,GK_Cream_Label,GK_Cream_Label,ThreeHearthsVillage/Content/ThreeHearths/Generated/GoodsKit/goods_tiles_terracotta_crate/GK_Cream_Label.uasset,21467,81d94520ca600bd2acdb18880c7c9408d71ed6a8503ecd00e64a6aac7c73381b,,
native_asset_package,GoodsKit,GK_Cut_Edge,GK_Cut_Edge,ThreeHearthsVillage/Content/ThreeHearths/Generated/GoodsKit/goods_tiles_terracotta_crate/GK_Cut_Edge.uasset,21434,6e55088f31b21d6ece7bfa10ec88ec5669eaaeef0f31c059bd4b709b31240383,,
native_asset_package,GoodsKit,GK_Honey_Plank,GK_Honey_Plank,ThreeHearthsVillage/Content/ThreeHearths/Generated/GoodsKit/goods_tiles_terracotta_crate/GK_Honey_Plank.uasset,21467,e18688b31867a6322833de3274347fdd6671b09e21768042e1f972cb78bc12e9,,
native_asset_package,GoodsKit,GK_Terracotta_Tile,GK_Terracotta_Tile,ThreeHearthsVillage/Content/ThreeHearths/Generated/GoodsKit/goods_tiles_terracotta_crate/GK_Terracotta_Tile.uasset,21511,d4946ce7b8eb5e2ba749a1e0c253691123fe8e47e3c0c35ccb3cec848baf46e1,,
native_asset_package,GoodsKit,GK_Terracotta_Tile_Light,GK_Terracotta_Tile_Light,ThreeHearthsVillage/Content/ThreeHearths/Generated/GoodsKit/goods_tiles_terracotta_crate/GK_Terracotta_Tile_Light.uasset,21577,2fdfdddb36f53f3b597d426eed126b3b44eef607e7fb31e13a1043faa3da3752,,
native_asset_package,GoodsKit,GK_Timber_Recess,GK_Timber_Recess,ThreeHearthsVillage/Content/ThreeHearths/Generated/GoodsKit/goods_tiles_terracotta_crate/GK_Timber_Recess.uasset,21489,5479d039edc55a7347ab36cb9672c8846f9707df088b68dff1510b577ecc4a0e,,
native_asset_package,GoodsKit,GK_Warm_Oak,GK_Warm_Oak,ThreeHearthsVillage/Content/ThreeHearths/Generated/GoodsKit/goods_tiles_terracotta_crate/GK_Warm_Oak.uasset,21434,3962ccc9fc165ecd31acaa22bb34b570951d041023f9fbb9f2e91a8a628d2536,,
native_asset_package,GoodsKit,goods_tiles_terracotta_crate,红陶瓦商品箱,ThreeHearthsVillage/Content/ThreeHearths/Generated/GoodsKit/goods_tiles_terracotta_crate/goods_tiles_terracotta_crate.uasset,86287,0906e1e5a80fbf80534464a67dc15c3e5567a781f23304b1bf163b5469c8a8ff,,
native_asset_package,HearthCottage,01___warm_lime_plaster,01___warm_lime_plaster,ThreeHearthsVillage/Content/ThreeHearths/Generated/HearthCottage/01___warm_lime_plaster.uasset,53746,574ddeda7fbe11864cbc9b82a7b63c938f250f3d5400fdecff5d1ef357242035,,
native_asset_package,HearthCottage,02___gable_cream,02___gable_cream,ThreeHearthsVillage/Content/ThreeHearths/Generated/HearthCottage/02___gable_cream.uasset,53649,8b2f06687908cff1bb74c422a310a40e3293edf86fb3ed494567ebbd9c3528f6,,
native_asset_package,HearthCottage,03___chestnut_timber,03___chestnut_timber,ThreeHearthsVillage/Content/ThreeHearths/Generated/HearthCottage/03___chestnut_timber.uasset,53174,c3ba4b9f3e6f4562ad32f910e1d9aafdc515cf7a7ab2233b16189f7e50810ea4,,
native_asset_package,HearthCottage,04___cut_timber_and_door,04___cut_timber_and_door,ThreeHearthsVillage/Content/ThreeHearths/Generated/HearthCottage/04___cut_timber_and_door.uasset,53645,7aa326fc4ab2f8d1466386fb60bcf9ca48707d49d428fc2545bfa351b3f1db9f,,
native_asset_package,HearthCottage,05___timber_recess,05___timber_recess,ThreeHearthsVillage/Content/ThreeHearths/Generated/HearthCottage/05___timber_recess.uasset,52611,44f94004192cd437354f84f48c0fe8bdb70c9478b5807ff37a75de5f711616bc,,
native_asset_package,HearthCottage,06___soft_blue-grey_stone,06___soft_blue-grey_stone,ThreeHearthsVillage/Content/ThreeHearths/Generated/HearthCottage/06___soft_blue-grey_stone.uasset,53679,f8cbc101caa2789204ef5aa383fb4b06e2abc68b9b4443704b016af7343b4abd,,
native_asset_package,HearthCottage,07___stone_edge,07___stone_edge,ThreeHearthsVillage/Content/ThreeHearths/Generated/HearthCottage/07___stone_edge.uasset,53594,2d135ea9049fdc3cd6877c15e60d9ead447213ec3ed19074860394b206015be0,,
native_asset_package,HearthCottage,08___chimney_opening,08___chimney_opening,ThreeHearthsVillage/Content/ThreeHearths/Generated/HearthCottage/08___chimney_opening.uasset,53126,f6fd2e278b90af328983395f1491f79259bd81a427a1663edc68887f89bf9e19,,
native_asset_package,HearthCottage,09___sage-blue_shutters,09___sage-blue_shutters,ThreeHearthsVillage/Content/ThreeHearths/Generated/HearthCottage/09___sage-blue_shutters.uasset,53649,6c7641e6235acfa27b2f8ad96098a7d1a6641eaa3ac16d41a8bd864dfd0644f0,,
native_asset_package,HearthCottage,10___opaque_blue_glass,10___opaque_blue_glass,ThreeHearthsVillage/Content/ThreeHearths/Generated/HearthCottage/10___opaque_blue_glass.uasset,53551,44996b0bc9302b571b9d4273f4aa949c194e160d0ea5ec863929d113e93d71ac,,
native_asset_package,HearthCottage,12___forged_iron,12___forged_iron,ThreeHearthsVillage/Content/ThreeHearths/Generated/HearthCottage/12___forged_iron.uasset,52771,c36b410c036dc2bdd9b75ccf1b6b24775721265883d41475d267c5c0e2980217,,
native_asset_package,HearthCottage,13___sage_foliage,13___sage_foliage,ThreeHearthsVillage/Content/ThreeHearths/Generated/HearthCottage/13___sage_foliage.uasset,53541,e638cb0f147b2df4830e5de8d9c98b3032539f87b8f1db36c4d3fce6d3fe4764,,
native_asset_package,HearthCottage,14___sunlit_foliage,14___sunlit_foliage,ThreeHearthsVillage/Content/ThreeHearths/Generated/HearthCottage/14___sunlit_foliage.uasset,53728,25a8d8192c4d5b4eb6c993208da37fc8041963a27798f8b5b5ed072be47300bf,,
native_asset_package,HearthCottage,15___marigold,15___marigold,ThreeHearthsVillage/Content/ThreeHearths/Generated/HearthCottage/15___marigold.uasset,53774,3230c1a9490004c6fde539975a0aa8269a808f3a6ed30154fed1a9c3e669e522,,
native_asset_package,HearthCottage,16___planter_earth,16___planter_earth,ThreeHearthsVillage/Content/ThreeHearths/Generated/HearthCottage/16___planter_earth.uasset,52925,ff7a87fa93026b62766f036257fe3fbd6099892468a6d08998ea9b0afc12b9e7,,
native_asset_package,HearthCottage,Roof___1,Roof___1,ThreeHearthsVillage/Content/ThreeHearths/Generated/HearthCottage/Roof___1.uasset,53464,c813b09cfd3a06e3c4a59f5af68e7a036665adb1bccc2ffc7a9ecde578ac07a9,,
native_asset_package,HearthCottage,Roof___2,Roof___2,ThreeHearthsVillage/Content/ThreeHearths/Generated/HearthCottage/Roof___2.uasset,53510,8ecd5ac3c0aa769f858b2e8992c958e75cfb437c9d96e53ae813edd0dacb75e0,,
native_asset_package,HearthCottage,Roof___3,Roof___3,ThreeHearthsVillage/Content/ThreeHearths/Generated/HearthCottage/Roof___3.uasset,53402,f6af690eb30f44b6a04711e6174e304d72cf8bd84e06d59f227baadd344d5a8b,,
native_asset_package,HearthCottage,Roof___4,Roof___4,ThreeHearthsVillage/Content/ThreeHearths/Generated/HearthCottage/Roof___4.uasset,53511,13b4201f23a45b251209b6777a27a7e711fd05cbdff65cd4965054b4855b28b5,,
native_asset_package,HearthCottage,SM_HearthCottage_SharedUV,SM_HearthCottage_SharedUV,ThreeHearthsVillage/Content/ThreeHearths/Generated/HearthCottage/SM_HearthCottage_SharedUV.uasset,401905,15041e96437d9b119654adfcb19a7542cc7a1e46f5bf62e467bf43ac7b39d732,,
native_asset_package,HearthCottagePolished,01___warm_lime_plaster,01___warm_lime_plaster,ThreeHearthsVillage/Content/ThreeHearths/Generated/HearthCottagePolished/HearthCottage_SharedUV_Polished/01___warm_lime_plaster.uasset,21823,03b06f6fcc2962913c3114aa10eb1104b1fb9a549ba5249ad5da0e410195aa42,,
native_asset_package,HearthCottagePolished,02___gable_cream,02___gable_cream,ThreeHearthsVillage/Content/ThreeHearths/Generated/HearthCottagePolished/HearthCottage_SharedUV_Polished/02___gable_cream.uasset,21757,2858c632654583912ab8b10261f3f20efa418ebad98a0c61ce00dd6a381ab6ca,,
native_asset_package,HearthCottagePolished,03___chestnut_timber,03___chestnut_timber,ThreeHearthsVillage/Content/ThreeHearths/Generated/HearthCottagePolished/HearthCottage_SharedUV_Polished/03___chestnut_timber.uasset,21798,d31febb6a7cb5b4c716d5f1dcf78d79227841ef6cd958f9d8168b34c2dc2f007,,
native_asset_package,HearthCottagePolished,04___cut_timber_and_door,04___cut_timber_and_door,ThreeHearthsVillage/Content/ThreeHearths/Generated/HearthCottagePolished/HearthCottage_SharedUV_Polished/04___cut_timber_and_door.uasset,21842,223e6c689803f5e6aece2a4db18f6e3c168fcdb53fc19c777a03731ea63afa97,,
native_asset_package,HearthCottagePolished,05___timber_recess,05___timber_recess,ThreeHearthsVillage/Content/ThreeHearths/Generated/HearthCottagePolished/HearthCottage_SharedUV_Polished/05___timber_recess.uasset,21776,83f125c7cb8072bb1ee5fea89568c3ff9ed099d87dbdb77d42ebb141d49548f0,,
native_asset_package,HearthCottagePolished,06___soft_blue-grey_stone,06___soft_blue-grey_stone,ThreeHearthsVillage/Content/ThreeHearths/Generated/HearthCottagePolished/HearthCottage_SharedUV_Polished/06___soft_blue-grey_stone.uasset,21853,5f4b0b7be36aa96f996c7b70c44ab1eb11e0df3903de04d733a7b7dd99a224ff,,
native_asset_package,HearthCottagePolished,07___stone_edge,07___stone_edge,ThreeHearthsVillage/Content/ThreeHearths/Generated/HearthCottagePolished/HearthCottage_SharedUV_Polished/07___stone_edge.uasset,21743,fe8c92bc8d76adae28bec5017f91faff322b9c6df849ffb18357f05e10fa4b6b,,
native_asset_package,HearthCottagePolished,08___chimney_opening,08___chimney_opening,ThreeHearthsVillage/Content/ThreeHearths/Generated/HearthCottagePolished/HearthCottage_SharedUV_Polished/08___chimney_opening.uasset,21798,486cbb1f36619d1fcad0868a9be80b1b379e584662c54e427ac470570932b056,,
native_asset_package,HearthCottagePolished,09___sage-blue_shutters,09___sage-blue_shutters,ThreeHearthsVillage/Content/ThreeHearths/Generated/HearthCottagePolished/HearthCottage_SharedUV_Polished/09___sage-blue_shutters.uasset,21831,3bc8da1fb1afcddda12568578ce3ca73a8afc44cb5e5985ae42bcdfc24245cb7,,
native_asset_package,HearthCottagePolished,10___opaque_blue_glass,10___opaque_blue_glass,ThreeHearthsVillage/Content/ThreeHearths/Generated/HearthCottagePolished/HearthCottage_SharedUV_Polished/10___opaque_blue_glass.uasset,21820,1abcf572558cc61aedf2aa16996b47203e0f5dc9f4190cad708b5dc9ef4e015b,,
native_asset_package,HearthCottagePolished,12___forged_iron,12___forged_iron,ThreeHearthsVillage/Content/ThreeHearths/Generated/HearthCottagePolished/HearthCottage_SharedUV_Polished/12___forged_iron.uasset,21754,ba6388c59d395df6098ef34c49e68455edbcae8bf7aadd01841df982ad595e36,,
native_asset_package,HearthCottagePolished,13___sage_foliage,13___sage_foliage,ThreeHearthsVillage/Content/ThreeHearths/Generated/HearthCottagePolished/HearthCottage_SharedUV_Polished/13___sage_foliage.uasset,21768,3b9400f2d5cbcc7ad156f0515b277d79ec4525a0f1f44f3ee9821248498eda07,,
native_asset_package,HearthCottagePolished,14___sunlit_foliage,14___sunlit_foliage,ThreeHearthsVillage/Content/ThreeHearths/Generated/HearthCottagePolished/HearthCottage_SharedUV_Polished/14___sunlit_foliage.uasset,21790,aebd24e35fe030b31ddc7010e2e63ff9a97539ba6494f99ed1e428fc85528204,,
native_asset_package,HearthCottagePolished,15___marigold,15___marigold,ThreeHearthsVillage/Content/ThreeHearths/Generated/HearthCottagePolished/HearthCottage_SharedUV_Polished/15___marigold.uasset,21724,d839d3fddd25b747a278e9728f85bf66b1565e20b935debbf356cdf767c499fe,,
native_asset_package,HearthCottagePolished,16___planter_earth,16___planter_earth,ThreeHearthsVillage/Content/ThreeHearths/Generated/HearthCottagePolished/HearthCottage_SharedUV_Polished/16___planter_earth.uasset,21776,a17eff7ac44d3472578d230d4992e9055e577f371e37bca4df1f3fd2d1c080aa,,
native_asset_package,HearthCottagePolished,HearthCottage_SharedUV_Polished,共享UV与屋顶高光改进小屋整模,ThreeHearthsVillage/Content/ThreeHearths/Generated/HearthCottagePolished/HearthCottage_SharedUV_Polished/HearthCottage_SharedUV_Polished.uasset,383594,226a04d1a142c69c8ea783e23cec4fa709c857ebb65b5ac67e94da9a8296f23a,,
native_asset_package,HearthCottagePolished,Roof___1,Roof___1,ThreeHearthsVillage/Content/ThreeHearths/Generated/HearthCottagePolished/HearthCottage_SharedUV_Polished/Roof___1.uasset,21665,13678ae47386c48e78df56b4325296b61778fa4866b000a59e04961c998944c6,,
native_asset_package,HearthCottagePolished,Roof___2,Roof___2,ThreeHearthsVillage/Content/ThreeHearths/Generated/HearthCottagePolished/HearthCottage_SharedUV_Polished/Roof___2.uasset,21665,079571923542931db1bb2f084d59f28ba633a6e5deb6c984653209bcc38c5f8d,,
native_asset_package,HearthCottagePolished,Roof___3,Roof___3,ThreeHearthsVillage/Content/ThreeHearths/Generated/HearthCottagePolished/HearthCottage_SharedUV_Polished/Roof___3.uasset,21665,d036ef2dcba8d83db3bb3df22538a019e596b6004fb694e3ce5ea7f2e92f2060,,
native_asset_package,HearthCottagePolished,Roof___4,Roof___4,ThreeHearthsVillage/Content/ThreeHearths/Generated/HearthCottagePolished/HearthCottage_SharedUV_Polished/Roof___4.uasset,21665,06227e352a2ada098ba426edfea38a4f6d5e71e9235700f40a63f80fcf1df482,,
native_asset_package,HearthCottageRuntime,SM_HearthCottage_Polished,SM_HearthCottage_Polished,ThreeHearthsVillage/Content/ThreeHearths/Generated/HearthCottageRuntime/SM_HearthCottage_Polished.uasset,394378,a5c99ebe4b4d751c1e8f03393ccdc0a0ffd408d5618c98ddd49bf412e360857c,,
native_asset_package,HomeLifeKit,basket_berries,浆果篮,ThreeHearthsVillage/Content/ThreeHearths/Generated/HomeLifeKit/basket_berries/basket_berries.uasset,151231,0591765b99f2ff84e5df4512eee9c14e51fd5b2f301c25b47b051e5753496021,,
native_asset_package,HomeLifeKit,HL_Berry_Blue,HL_Berry_Blue,ThreeHearthsVillage/Content/ThreeHearths/Generated/HomeLifeKit/basket_berries/HL_Berry_Blue.uasset,21337,07b1174b13695873ea517dfb69f4f16c1e9335563dc92740cafe4348d258e392,,
native_asset_package,HomeLifeKit,HL_Berry_Burgundy,HL_Berry_Burgundy,ThreeHearthsVillage/Content/ThreeHearths/Generated/HomeLifeKit/basket_berries/HL_Berry_Burgundy.uasset,21381,10e3642513ba49e7490575eea303c43465682e5f3d8df748451c67c4688424f5,,
native_asset_package,HomeLifeKit,HL_Berry_Leaf,HL_Berry_Leaf,ThreeHearthsVillage/Content/ThreeHearths/Generated/HomeLifeKit/basket_berries/HL_Berry_Leaf.uasset,21337,aea8014b1109e1e7cbc2180bd6c88df907c6643b56104596ee38b63d07602f11,,
native_asset_package,HomeLifeKit,HL_Golden_Wicker,HL_Golden_Wicker,ThreeHearthsVillage/Content/ThreeHearths/Generated/HomeLifeKit/basket_berries/HL_Golden_Wicker.uasset,21370,c5e38020b41b4a01f0fd86070a3a6c6eb7f6ff2638d1501ee523e0f168263b89,,
native_asset_package,HomeLifeKit,HL_Wicker_Weave,HL_Wicker_Weave,ThreeHearthsVillage/Content/ThreeHearths/Generated/HomeLifeKit/basket_berries/HL_Wicker_Weave.uasset,21359,1c69d7e84d4601bd3ef070a466741cbe01acda9604ca39113cc4024c911d8e58,,
native_asset_package,HomeLifeKit,basket_empty,空篮,ThreeHearthsVillage/Content/ThreeHearths/Generated/HomeLifeKit/basket_empty/basket_empty.uasset,105958,e1ded741b47d47926f0b9888abac8e1265200a5d62f7f6c91ad290862b4e78cb,,
native_asset_package,HomeLifeKit,HL_Golden_Wicker,HL_Golden_Wicker,ThreeHearthsVillage/Content/ThreeHearths/Generated/HomeLifeKit/basket_empty/HL_Golden_Wicker.uasset,21348,9a5078e0cbd66069bccd10aa2695556b4afa0b13106800086906e158e8c040b9,,
native_asset_package,HomeLifeKit,HL_Wicker_Weave,HL_Wicker_Weave,ThreeHearthsVillage/Content/ThreeHearths/Generated/HomeLifeKit/basket_empty/HL_Wicker_Weave.uasset,21337,4f63e1f1ba7fb430841a1fc5d0249b08820d3d041756ea19221162d3597bb6c9,,
native_asset_package,HomeLifeKit,bed_double_2x2m,双人床,ThreeHearthsVillage/Content/ThreeHearths/Generated/HomeLifeKit/bed_double_2x2m/bed_double_2x2m.uasset,100151,3ed57ac714d3111bb21145a7f9e9dd096a683baf0c29817361c61e83e984ac28,,
native_asset_package,HomeLifeKit,HL_Blue_Blanket,HL_Blue_Blanket,ThreeHearthsVillage/Content/ThreeHearths/Generated/HomeLifeKit/bed_double_2x2m/HL_Blue_Blanket.uasset,21359,ebe721a5ca13c683eba3e8a0328bbc31c20a02b6901e1b7b67da3b9a7f1f9481,,
native_asset_package,HomeLifeKit,HL_Cream_Linen,HL_Cream_Linen,ThreeHearthsVillage/Content/ThreeHearths/Generated/HomeLifeKit/bed_double_2x2m/HL_Cream_Linen.uasset,21348,faf7d0eff873cd8252266c8d8d8c00b5645cd5a6593ac839901b0c2ce792cd9e,,
native_asset_package,HomeLifeKit,HL_Cut_Edge,HL_Cut_Edge,ThreeHearthsVillage/Content/ThreeHearths/Generated/HomeLifeKit/bed_double_2x2m/HL_Cut_Edge.uasset,21315,c56fd87ece1e45f0e84bdce232493132cc9dae5f9436687fdf8b2a72ed3d59a4,,
native_asset_package,HomeLifeKit,HL_Honey_Plank,HL_Honey_Plank,ThreeHearthsVillage/Content/ThreeHearths/Generated/HomeLifeKit/bed_double_2x2m/HL_Honey_Plank.uasset,21348,8aaaf32410814d191d5a3abc0f2bd23275c4ce97ed32b920fb697dbb049fe4df,,
native_asset_package,HomeLifeKit,HL_Linen_Stitch,HL_Linen_Stitch,ThreeHearthsVillage/Content/ThreeHearths/Generated/HomeLifeKit/bed_double_2x2m/HL_Linen_Stitch.uasset,21359,7566887504316fd0521f1ef6306a54d02a203a30505b040b3903efa6c4b26baf,,
native_asset_package,HomeLifeKit,HL_Timber_Recess,HL_Timber_Recess,ThreeHearthsVillage/Content/ThreeHearths/Generated/HomeLifeKit/bed_double_2x2m/HL_Timber_Recess.uasset,21370,75f8a84f403c6a328f3207940b5d8fb79e876a2b799c150202f1e0385ab66a22,,
native_asset_package,HomeLifeKit,HL_Warm_Oak,HL_Warm_Oak,ThreeHearthsVillage/Content/ThreeHearths/Generated/HomeLifeKit/bed_double_2x2m/HL_Warm_Oak.uasset,21315,efb931a1a2ef16552a7d67b8c535168456ba205786b96bdb0c876a22d772f240,,
native_asset_package,HomeLifeKit,bed_single_1_1x2m,单人床,ThreeHearthsVillage/Content/ThreeHearths/Generated/HomeLifeKit/bed_single_1_1x2m/bed_single_1_1x2m.uasset,115221,ffcb510ede4033f75fdc40f33577aeb827e4c2a6e61c18fc78b307975535e5ba,,
native_asset_package,HomeLifeKit,HL_Cream_Linen,HL_Cream_Linen,ThreeHearthsVillage/Content/ThreeHearths/Generated/HomeLifeKit/bed_single_1_1x2m/HL_Cream_Linen.uasset,21370,e700371ca56178d24b6644ceb4307ebc6c0b7866dca94dd9925a4293deb070a3,,
native_asset_package,HomeLifeKit,HL_Cut_Edge,HL_Cut_Edge,ThreeHearthsVillage/Content/ThreeHearths/Generated/HomeLifeKit/bed_single_1_1x2m/HL_Cut_Edge.uasset,21337,02374ff9a4756d910ac8770c04b2e23bed9c224465c6f610d11e0a3cc3df38c2,,
native_asset_package,HomeLifeKit,HL_Honey_Plank,HL_Honey_Plank,ThreeHearthsVillage/Content/ThreeHearths/Generated/HomeLifeKit/bed_single_1_1x2m/HL_Honey_Plank.uasset,21370,06f024cb586923ad6c58acdfc8f33a48716124d5ddaa12b834246b075e52457f,,
native_asset_package,HomeLifeKit,HL_Linen_Stitch,HL_Linen_Stitch,ThreeHearthsVillage/Content/ThreeHearths/Generated/HomeLifeKit/bed_single_1_1x2m/HL_Linen_Stitch.uasset,21381,4c091400d1e3e1e3357e96f27d7e17f47c6c312b2ca32ff6f4ea2435ea5b605f,,
native_asset_package,HomeLifeKit,HL_Sage_Blanket,HL_Sage_Blanket,ThreeHearthsVillage/Content/ThreeHearths/Generated/HomeLifeKit/bed_single_1_1x2m/HL_Sage_Blanket.uasset,21381,581c2883a941e08787dc7b4db22fb35e864d6c5cbeca583419f76713b8e6bd1d,,
native_asset_package,HomeLifeKit,HL_Timber_Recess,HL_Timber_Recess,ThreeHearthsVillage/Content/ThreeHearths/Generated/HomeLifeKit/bed_single_1_1x2m/HL_Timber_Recess.uasset,21392,e14c3bdb5b336dac729e90f7ee6f9e0fbfe129dd2d887e5a10b5b2576713ecb2,,
native_asset_package,HomeLifeKit,HL_Warm_Oak,HL_Warm_Oak,ThreeHearthsVillage/Content/ThreeHearths/Generated/HomeLifeKit/bed_single_1_1x2m/HL_Warm_Oak.uasset,21337,4f7483b6f62a427e40c03e54946e61639796b11250ffd4f1edaa96bca6db4180,,
native_asset_package,HomeLifeKit,bench_backed_1_8m,靠背长凳,ThreeHearthsVillage/Content/ThreeHearths/Generated/HomeLifeKit/bench_backed_1_8m/bench_backed_1_8m.uasset,91596,791270cfaf71b8a24ff9f55c347ddfff987974c8c19881dc3ae4efa1a0b44fa8,,
native_asset_package,HomeLifeKit,HL_Cut_Edge,HL_Cut_Edge,ThreeHearthsVillage/Content/ThreeHearths/Generated/HomeLifeKit/bench_backed_1_8m/HL_Cut_Edge.uasset,21337,a5da0153519b992e7603ebbe5c09fd13bdd2d61ca70478393dffe14758336fff,,
native_asset_package,HomeLifeKit,HL_Honey_Plank,HL_Honey_Plank,ThreeHearthsVillage/Content/ThreeHearths/Generated/HomeLifeKit/bench_backed_1_8m/HL_Honey_Plank.uasset,21370,829ca71a2ed7f9513ba3da4c55f509dddcc68b76331aca89a3262ff3a39c10cb,,
native_asset_package,HomeLifeKit,HL_Timber_Recess,HL_Timber_Recess,ThreeHearthsVillage/Content/ThreeHearths/Generated/HomeLifeKit/bench_backed_1_8m/HL_Timber_Recess.uasset,21392,50ca46b825ff3756dfea33b4b9bd064b39f18889f16ef9dddbc9f2b057958115,,
native_asset_package,HomeLifeKit,HL_Warm_Oak,HL_Warm_Oak,ThreeHearthsVillage/Content/ThreeHearths/Generated/HomeLifeKit/bench_backed_1_8m/HL_Warm_Oak.uasset,21337,63e7f991f0bed8fdd93f26f7f01e05ca590305388ea12cd5e24ee146d3c288a0,,
native_asset_package,HomeLifeKit,chair_oak_wide,宽橡木椅,ThreeHearthsVillage/Content/ThreeHearths/Generated/HomeLifeKit/chair_oak_wide/chair_oak_wide.uasset,81016,27573032a01bba66624178cfaa205ba957e55493951832944460c00f502b99a8,,
native_asset_package,HomeLifeKit,HL_Cut_Edge,HL_Cut_Edge,ThreeHearthsVillage/Content/ThreeHearths/Generated/HomeLifeKit/chair_oak_wide/HL_Cut_Edge.uasset,21304,772d4bf20fe65847c759b3aa2a3e94e16cf7a2ac4e381b3c5c153f275d119d32,,
native_asset_package,HomeLifeKit,HL_Honey_Plank,HL_Honey_Plank,ThreeHearthsVillage/Content/ThreeHearths/Generated/HomeLifeKit/chair_oak_wide/HL_Honey_Plank.uasset,21337,a3c4a28fa6e26123e24182d0ece6293cd7256d9265ff76053c9eb4ded7cefd95,,
native_asset_package,HomeLifeKit,HL_Timber_Recess,HL_Timber_Recess,ThreeHearthsVillage/Content/ThreeHearths/Generated/HomeLifeKit/chair_oak_wide/HL_Timber_Recess.uasset,21359,c603a9a4612053219bd6700b25602a322753f16dcad693be643054e8ca61f5d4,,
native_asset_package,HomeLifeKit,HL_Warm_Oak,HL_Warm_Oak,ThreeHearthsVillage/Content/ThreeHearths/Generated/HomeLifeKit/chair_oak_wide/HL_Warm_Oak.uasset,21304,830137f3a6041b154f369529141cd31cb376cf8fda0e82b39cc03af6e0b373f8,,
native_asset_package,HomeLifeKit,cabin_living_4x4m,4×4米居住角组合,ThreeHearthsVillage/Content/ThreeHearths/Generated/HomeLifeKit/example__cabin_living_4x4m/cabin_living_4x4m.uasset,491609,057d0dcbf6caab53de380bdaaf132ece63c3ff3d26308f46f0d5c5d7868dc7a2,,
native_asset_package,HomeLifeKit,HL_Brass_005,HL_Brass_005,ThreeHearthsVillage/Content/ThreeHearths/Generated/HomeLifeKit/example__cabin_living_4x4m/HL_Brass_005.uasset,21421,c709753d6f5c99653d96464b41e9522f761d93befeb5fc8115279d3f01768045,,
native_asset_package,HomeLifeKit,HL_Bread_Crust_005,HL_Bread_Crust_005,ThreeHearthsVillage/Content/ThreeHearths/Generated/HomeLifeKit/example__cabin_living_4x4m/HL_Bread_Crust_005.uasset,21484,d8adeb5cdd2e1dc5da4a7accc730aa721dff4ff6bfca0a8a266028fbd12de9f6,,
native_asset_package,HomeLifeKit,HL_Bread_Score_005,HL_Bread_Score_005,ThreeHearthsVillage/Content/ThreeHearths/Generated/HomeLifeKit/example__cabin_living_4x4m/HL_Bread_Score_005.uasset,21487,5e2e28411966a348092f83a900386a691c69dc08a7b37e128fb6f4d697e1a375,,
native_asset_package,HomeLifeKit,HL_Cream_Linen_005,HL_Cream_Linen_005,ThreeHearthsVillage/Content/ThreeHearths/Generated/HomeLifeKit/example__cabin_living_4x4m/HL_Cream_Linen_005.uasset,21484,40bd31b3df1a6f303c90933ba66e3d7d95d1f4d1573452126cbb97f2088e881a,,
native_asset_package,HomeLifeKit,HL_Cut_Edge_005,HL_Cut_Edge_005,ThreeHearthsVillage/Content/ThreeHearths/Generated/HomeLifeKit/example__cabin_living_4x4m/HL_Cut_Edge_005.uasset,21451,10c3ef9570dc687704ac313d4fd2eef1e0d7f9957d55b024838c9bbda2530a8d,,
native_asset_package,HomeLifeKit,HL_Forged_Iron_005,HL_Forged_Iron_005,ThreeHearthsVillage/Content/ThreeHearths/Generated/HomeLifeKit/example__cabin_living_4x4m/HL_Forged_Iron_005.uasset,21487,9d71a0bf0e391c94f1b86831489eca1b8d273dccf4280fb96aa87e813b827290,,
native_asset_package,HomeLifeKit,HL_Glazed_Cream_Bowl_005,HL_Glazed_Cream_Bowl_005,ThreeHearthsVillage/Content/ThreeHearths/Generated/HomeLifeKit/example__cabin_living_4x4m/HL_Glazed_Cream_Bowl_005.uasset,21550,c366605d3146a18c881b540f17d8add3569076e623cc009d43207838d570d0c8,,
native_asset_package,HomeLifeKit,HL_Golden_Wicker_005,HL_Golden_Wicker_005,ThreeHearthsVillage/Content/ThreeHearths/Generated/HomeLifeKit/example__cabin_living_4x4m/HL_Golden_Wicker_005.uasset,21509,503403e6c6d24da92b2bc895b45e4ea62f8cea9225c75c6af01adc22ef063ff3,,
native_asset_package,HomeLifeKit,HL_Honey_Plank_005,HL_Honey_Plank_005,ThreeHearthsVillage/Content/ThreeHearths/Generated/HomeLifeKit/example__cabin_living_4x4m/HL_Honey_Plank_005.uasset,21484,b5a0da07db56d10f5c7cf548b3d09728c315b1e73e885cf217067f7f1e438677,,
native_asset_package,HomeLifeKit,HL_Linen_Stitch_005,HL_Linen_Stitch_005,ThreeHearthsVillage/Content/ThreeHearths/Generated/HomeLifeKit/example__cabin_living_4x4m/HL_Linen_Stitch_005.uasset,21495,22a81e375cface6597b58d7557f1f9ec145afa90f6c3786819984ebbe4a46af9,,
native_asset_package,HomeLifeKit,HL_Sage_Blanket_005,HL_Sage_Blanket_005,ThreeHearthsVillage/Content/ThreeHearths/Generated/HomeLifeKit/example__cabin_living_4x4m/HL_Sage_Blanket_005.uasset,21495,c1ef661baea00d6feda38d0f5ecc144c9b1030460902d1b0358fae4437a59c18,,
native_asset_package,HomeLifeKit,HL_Stew_005,HL_Stew_005,ThreeHearthsVillage/Content/ThreeHearths/Generated/HomeLifeKit/example__cabin_living_4x4m/HL_Stew_005.uasset,21407,fb62fde6a32e908afda02c36d51e1ebaf16f0115e8ceb73ec4654db474c54917,,
native_asset_package,HomeLifeKit,HL_Timber_Recess_005,HL_Timber_Recess_005,ThreeHearthsVillage/Content/ThreeHearths/Generated/HomeLifeKit/example__cabin_living_4x4m/HL_Timber_Recess_005.uasset,21506,7f8f25fb2c24aeef3ec8dc5d965138062520c6ebf3389c9346be3f99bff65002,,
native_asset_package,HomeLifeKit,HL_Warm_Oak_005,HL_Warm_Oak_005,ThreeHearthsVillage/Content/ThreeHearths/Generated/HomeLifeKit/example__cabin_living_4x4m/HL_Warm_Oak_005.uasset,21451,32c13e6671886495586ff549f861cbbde7a83c130cb9dbccaed7168b2c75ec22,,
native_asset_package,HomeLifeKit,HL_Wicker_Weave_005,HL_Wicker_Weave_005,ThreeHearthsVillage/Content/ThreeHearths/Generated/HomeLifeKit/example__cabin_living_4x4m/HL_Wicker_Weave_005.uasset,21498,cb968216dc45679a417aca584be13badfba9ce5f462f3bb8f93b44f99a358b08,,
native_asset_package,HomeLifeKit,VK_Chestnut_018,VK_Chestnut_018,ThreeHearthsVillage/Content/ThreeHearths/Generated/HomeLifeKit/example__cabin_living_4x4m/VK_Chestnut_018.uasset,21454,a431c82603fa12af7e87b6dc6f9803e5bad33fb11bb6dc7014e42abb2b5a95a3,,
native_asset_package,HomeLifeKit,VK_Chestnut_019,VK_Chestnut_019,ThreeHearthsVillage/Content/ThreeHearths/Generated/HomeLifeKit/example__cabin_living_4x4m/VK_Chestnut_019.uasset,21454,8a1e76313de14e714bc9ed2e2dad6931e87c9a373826e42e20c5521ee98703ad,,
native_asset_package,HomeLifeKit,VK_Chestnut_020,VK_Chestnut_020,ThreeHearthsVillage/Content/ThreeHearths/Generated/HomeLifeKit/example__cabin_living_4x4m/VK_Chestnut_020.uasset,21454,d0c9071564f800b7c916cb1fa5054c7dbaaa30fbb16ba76052a6ad3031eeeeed,,
native_asset_package,HomeLifeKit,VK_Chestnut_021,VK_Chestnut_021,ThreeHearthsVillage/Content/ThreeHearths/Generated/HomeLifeKit/example__cabin_living_4x4m/VK_Chestnut_021.uasset,21454,0ef5eb417b73d3ba785ffc0512605ca782f44bf23697067c3cf267d30f49bb6f,,
native_asset_package,HomeLifeKit,VK_Chestnut_022,VK_Chestnut_022,ThreeHearthsVillage/Content/ThreeHearths/Generated/HomeLifeKit/example__cabin_living_4x4m/VK_Chestnut_022.uasset,21454,0373fa4a3e04ec22228a9cc3e8ecec322669471746e5518ab7c4f9620c395c53,,
native_asset_package,HomeLifeKit,VK_Chestnut_023,VK_Chestnut_023,ThreeHearthsVillage/Content/ThreeHearths/Generated/HomeLifeKit/example__cabin_living_4x4m/VK_Chestnut_023.uasset,21454,d25fa6424fe2cee26b3473eb3850e6239b157fb5adbee96afc85d65af5b14aa5,,
native_asset_package,HomeLifeKit,VK_Chestnut_024,VK_Chestnut_024,ThreeHearthsVillage/Content/ThreeHearths/Generated/HomeLifeKit/example__cabin_living_4x4m/VK_Chestnut_024.uasset,21454,db7ddacdb0616ea055cac2cba9437a670eb84211066ffaef549d9dfd397f48da,,
native_asset_package,HomeLifeKit,VK_Chestnut_025,VK_Chestnut_025,ThreeHearthsVillage/Content/ThreeHearths/Generated/HomeLifeKit/example__cabin_living_4x4m/VK_Chestnut_025.uasset,21454,0ed8e41314f76883eade4652955c47c23c047bdf2a5725317cb7eb5a0046dd5c,,
native_asset_package,HomeLifeKit,VK_Chestnut_026,VK_Chestnut_026,ThreeHearthsVillage/Content/ThreeHearths/Generated/HomeLifeKit/example__cabin_living_4x4m/VK_Chestnut_026.uasset,21454,a789fe788f1974d50bfcc94d0421623684d315ab4ac4aade724255a9b4b0d4bf,,
native_asset_package,HomeLifeKit,VK_Cream_Lime_008,VK_Cream_Lime_008,ThreeHearthsVillage/Content/ThreeHearths/Generated/HomeLifeKit/example__cabin_living_4x4m/VK_Cream_Lime_008.uasset,21476,042d480cd1a7fb8f27f99ed079611c1b6073c5708e7545ce84e681e5353668c7,,
native_asset_package,HomeLifeKit,VK_Cream_Lime_009,VK_Cream_Lime_009,ThreeHearthsVillage/Content/ThreeHearths/Generated/HomeLifeKit/example__cabin_living_4x4m/VK_Cream_Lime_009.uasset,21476,f824f02b76810770ba7743dae10f6380232038447b963f2e6afb52ec85bfc016,,
native_asset_package,HomeLifeKit,VK_Cream_Lime_010,VK_Cream_Lime_010,ThreeHearthsVillage/Content/ThreeHearths/Generated/HomeLifeKit/example__cabin_living_4x4m/VK_Cream_Lime_010.uasset,21476,04be7f83a087df9fd68dd85c6e32cd8500ba156cdde789a922d7f11991924e88,,
native_asset_package,HomeLifeKit,VK_Cream_Lime_011,VK_Cream_Lime_011,ThreeHearthsVillage/Content/ThreeHearths/Generated/HomeLifeKit/example__cabin_living_4x4m/VK_Cream_Lime_011.uasset,21476,35c0f422dfe5746140e2a75c623c892ad6a896c1334e1d249ab8c5b37ad434a2,,
native_asset_package,HomeLifeKit,VK_Cut_Oak_012,VK_Cut_Oak_012,ThreeHearthsVillage/Content/ThreeHearths/Generated/HomeLifeKit/example__cabin_living_4x4m/VK_Cut_Oak_012.uasset,21443,8946b159976cdc7ed7c061bec5d5b97bb07c436867fb52fa024c57e691591629,,
native_asset_package,HomeLifeKit,VK_Cut_Oak_013,VK_Cut_Oak_013,ThreeHearthsVillage/Content/ThreeHearths/Generated/HomeLifeKit/example__cabin_living_4x4m/VK_Cut_Oak_013.uasset,21443,8e2bf7e6513fcad2ec710ab723d3d888151b0c08a2f14f7b2b3a765e7b05ce56,,
native_asset_package,HomeLifeKit,VK_Cut_Oak_014,VK_Cut_Oak_014,ThreeHearthsVillage/Content/ThreeHearths/Generated/HomeLifeKit/example__cabin_living_4x4m/VK_Cut_Oak_014.uasset,21443,7c8fba43219dcbdc3243903f1b08b288557d929dbf81c58e53e00dba11795bd5,,
native_asset_package,HomeLifeKit,VK_Cut_Oak_015,VK_Cut_Oak_015,ThreeHearthsVillage/Content/ThreeHearths/Generated/HomeLifeKit/example__cabin_living_4x4m/VK_Cut_Oak_015.uasset,21443,3b2dafc7c0e814c25b1dd6004941f63dd9d6313bc4af7e5eef0d20eaf01107a0,,
native_asset_package,HomeLifeKit,VK_Cut_Oak_016,VK_Cut_Oak_016,ThreeHearthsVillage/Content/ThreeHearths/Generated/HomeLifeKit/example__cabin_living_4x4m/VK_Cut_Oak_016.uasset,21443,7b6c9a5f5c2ffcbe000a387292cd404cd65774a6a83ef124d5d0c0bfae87725c,,
native_asset_package,HomeLifeKit,VK_Cut_Oak_017,VK_Cut_Oak_017,ThreeHearthsVillage/Content/ThreeHearths/Generated/HomeLifeKit/example__cabin_living_4x4m/VK_Cut_Oak_017.uasset,21443,68cea2ab5d26c8e86d2c6d94b19b4b9f30f760c36d089e9f7c13ca534c9d1a61,,
native_asset_package,HomeLifeKit,VK_Honey_Plank_008,VK_Honey_Plank_008,ThreeHearthsVillage/Content/ThreeHearths/Generated/HomeLifeKit/example__cabin_living_4x4m/VK_Honey_Plank_008.uasset,21487,eb63e44be9f8f60eeee4583bfe60916062ac28c9e4fde4e9f902fc4e2227077a,,
native_asset_package,HomeLifeKit,VK_Honey_Plank_009,VK_Honey_Plank_009,ThreeHearthsVillage/Content/ThreeHearths/Generated/HomeLifeKit/example__cabin_living_4x4m/VK_Honey_Plank_009.uasset,21487,b0056e8bebb651fc5efe2f156b2fd220f20c9b2dd4b954f3040980ad23938180,,
native_asset_package,HomeLifeKit,VK_Honey_Plank_010,VK_Honey_Plank_010,ThreeHearthsVillage/Content/ThreeHearths/Generated/HomeLifeKit/example__cabin_living_4x4m/VK_Honey_Plank_010.uasset,21487,41f913298a771a3ff30e2b402cf80661cb254cb4e9c8d3d6882399a1659ba12f,,
native_asset_package,HomeLifeKit,VK_Honey_Plank_011,VK_Honey_Plank_011,ThreeHearthsVillage/Content/ThreeHearths/Generated/HomeLifeKit/example__cabin_living_4x4m/VK_Honey_Plank_011.uasset,21487,9af5dd7185ab8d7c40d9316de2d69d987f2005f337b863be6effc457d81834b6,,
native_asset_package,HomeLifeKit,VK_Opaque_Window_004,VK_Opaque_Window_004,ThreeHearthsVillage/Content/ThreeHearths/Generated/HomeLifeKit/example__cabin_living_4x4m/VK_Opaque_Window_004.uasset,21509,5418da76d549cd468ab061313ebfbbfe08986bf30aed37d9f4f2cd78687b6383,,
native_asset_package,HomeLifeKit,VK_Opaque_Window_005,VK_Opaque_Window_005,ThreeHearthsVillage/Content/ThreeHearths/Generated/HomeLifeKit/example__cabin_living_4x4m/VK_Opaque_Window_005.uasset,21509,95d4bfbb577c14bddfcd75da90d32f7d9afaf63c7bd4a5e6cdefe2143b2ad5f1,,
native_asset_package,HomeLifeKit,VK_Stone_Edge_004,VK_Stone_Edge_004,ThreeHearthsVillage/Content/ThreeHearths/Generated/HomeLifeKit/example__cabin_living_4x4m/VK_Stone_Edge_004.uasset,21476,cb64059360ff074cecdcff5b0456a267e0aa3eedc730f9eb972bd841bfca50fe,,
native_asset_package,HomeLifeKit,VK_Stone_Edge_005,VK_Stone_Edge_005,ThreeHearthsVillage/Content/ThreeHearths/Generated/HomeLifeKit/example__cabin_living_4x4m/VK_Stone_Edge_005.uasset,21476,4aae60810ab4c3a6a5b8ad9311dc8d6b4e46c2bee67d418ef969a20b9e4d2b13,,
native_asset_package,HomeLifeKit,common_meal_10_seats,十人公共餐区组合,ThreeHearthsVillage/Content/ThreeHearths/Generated/HomeLifeKit/example__common_meal_10_seats/common_meal_10_seats.uasset,677090,cab44d23aa4733cb2c5be4fd5f27c9d682ad3dba08e90232ed1ee968c5dbb1d3,,
native_asset_package,HomeLifeKit,HL_Berry_Blue_006,HL_Berry_Blue_006,ThreeHearthsVillage/Content/ThreeHearths/Generated/HomeLifeKit/example__common_meal_10_seats/HL_Berry_Blue_006.uasset,21506,8900e196e0c20ec88f9cf9c8a15a33cb35a37b0f677ed9779c5bb3e5a2c0432f,,
native_asset_package,HomeLifeKit,HL_Berry_Burgundy_006,HL_Berry_Burgundy_006,ThreeHearthsVillage/Content/ThreeHearths/Generated/HomeLifeKit/example__common_meal_10_seats/HL_Berry_Burgundy_006.uasset,21550,2478bcf1c18d2a99cfa20033ff896ae52bba586e9a8a1c80a5a9b274a8e41ed6,,
native_asset_package,HomeLifeKit,HL_Berry_Leaf_006,HL_Berry_Leaf_006,ThreeHearthsVillage/Content/ThreeHearths/Generated/HomeLifeKit/example__common_meal_10_seats/HL_Berry_Leaf_006.uasset,21506,26f5f9c2ec54e373faa5f24f2f1c28aeca3aeff954cc33cb96024d84d934749d,,
native_asset_package,HomeLifeKit,HL_Bread_Crust_006,HL_Bread_Crust_006,ThreeHearthsVillage/Content/ThreeHearths/Generated/HomeLifeKit/example__common_meal_10_seats/HL_Bread_Crust_006.uasset,21520,4761256ff13e6436f43ff2c6aa576ccba559f61b1b886b95af54a00ff4740828,,
native_asset_package,HomeLifeKit,HL_Bread_Score_006,HL_Bread_Score_006,ThreeHearthsVillage/Content/ThreeHearths/Generated/HomeLifeKit/example__common_meal_10_seats/HL_Bread_Score_006.uasset,21520,fc0e6bb738b0761ec8ce5163a104406f0dc4c4d868ded8e56698653402924d18,,
native_asset_package,HomeLifeKit,HL_Cut_Edge_006,HL_Cut_Edge_006,ThreeHearthsVillage/Content/ThreeHearths/Generated/HomeLifeKit/example__common_meal_10_seats/HL_Cut_Edge_006.uasset,21484,fcdefb26efea55281d703cae9a7ee7cfda8be3f58aaa247f216ad6ecf176e03b,,
native_asset_package,HomeLifeKit,HL_Firewood_Bark_006,HL_Firewood_Bark_006,ThreeHearthsVillage/Content/ThreeHearths/Generated/HomeLifeKit/example__common_meal_10_seats/HL_Firewood_Bark_006.uasset,21539,c2e5c564a137da76c594df59074d1a07786ac27156f024f3c46f057f67a939d2,,
native_asset_package,HomeLifeKit,HL_Glazed_Cream_Bowl_006,HL_Glazed_Cream_Bowl_006,ThreeHearthsVillage/Content/ThreeHearths/Generated/HomeLifeKit/example__common_meal_10_seats/HL_Glazed_Cream_Bowl_006.uasset,21586,fdd69826e227e712324d9d022ef01de84333c8d72181e93789a5e112d475f95b,,
native_asset_package,HomeLifeKit,HL_Golden_Wicker_006,HL_Golden_Wicker_006,ThreeHearthsVillage/Content/ThreeHearths/Generated/HomeLifeKit/example__common_meal_10_seats/HL_Golden_Wicker_006.uasset,21539,c5386e1f0b6a313b4b3bf9293eed1143291552778251552f942a19effc2d0cff,,
native_asset_package,HomeLifeKit,HL_Honey_Plank_006,HL_Honey_Plank_006,ThreeHearthsVillage/Content/ThreeHearths/Generated/HomeLifeKit/example__common_meal_10_seats/HL_Honey_Plank_006.uasset,21517,d1210c4665864089c996759ca150ff9d16e48dbdd7a870c663dcd3bc85a8876f,,
native_asset_package,HomeLifeKit,HL_Stew_006,HL_Stew_006,ThreeHearthsVillage/Content/ThreeHearths/Generated/HomeLifeKit/example__common_meal_10_seats/HL_Stew_006.uasset,21443,3e264c67d91ae9173d52a7c2389e9c198ba28418b05238da85b1fe3c288976fa,,
native_asset_package,HomeLifeKit,HL_Timber_Recess_006,HL_Timber_Recess_006,ThreeHearthsVillage/Content/ThreeHearths/Generated/HomeLifeKit/example__common_meal_10_seats/HL_Timber_Recess_006.uasset,21539,ba3f3869ece5d1876369a5564b431e5616c75027f15a5b364e45fe6d64d666af,,
native_asset_package,HomeLifeKit,HL_Warm_Oak_006,HL_Warm_Oak_006,ThreeHearthsVillage/Content/ThreeHearths/Generated/HomeLifeKit/example__common_meal_10_seats/HL_Warm_Oak_006.uasset,21484,5f23bc498b8d7a51fee1885a577f64f1661b06440ea94ec371ec7221c1ea341c,,
native_asset_package,HomeLifeKit,HL_Wicker_Weave_006,HL_Wicker_Weave_006,ThreeHearthsVillage/Content/ThreeHearths/Generated/HomeLifeKit/example__common_meal_10_seats/HL_Wicker_Weave_006.uasset,21528,32c70315c0a3dcd4ede4381f2f805037ada02800147329e1e4c8fcfe270cf489,,
native_asset_package,HomeLifeKit,fence_low_2m,矮木围栏,ThreeHearthsVillage/Content/ThreeHearths/Generated/HomeLifeKit/fence_low_2m/fence_low_2m.uasset,54647,de065e5a9d03e89d9dfac10f04c1a39cf121d86be0865add2e087cc11cf788fd,,
native_asset_package,HomeLifeKit,HL_Cut_Edge,HL_Cut_Edge,ThreeHearthsVillage/Content/ThreeHearths/Generated/HomeLifeKit/fence_low_2m/HL_Cut_Edge.uasset,21296,e3a8b901e00e9b23b9f7d8c781145d519605491ad7726f17e342861d90dd6f63,,
native_asset_package,HomeLifeKit,HL_Honey_Plank,HL_Honey_Plank,ThreeHearthsVillage/Content/ThreeHearths/Generated/HomeLifeKit/fence_low_2m/HL_Honey_Plank.uasset,21329,b7692ef56c1239c9c79983efafc7e21016e0e008c86d59c178f6828e823f0d8b,,
native_asset_package,HomeLifeKit,HL_Warm_Oak,HL_Warm_Oak,ThreeHearthsVillage/Content/ThreeHearths/Generated/HomeLifeKit/fence_low_2m/HL_Warm_Oak.uasset,21296,93483c7561025b5e1b08bee0d2ce2c4c5e03a2bdc60030d0e5110ad2cf4c100d,,
native_asset_package,HomeLifeKit,firewood_stack,柴火堆,ThreeHearthsVillage/Content/ThreeHearths/Generated/HomeLifeKit/firewood_stack/firewood_stack.uasset,89957,fdbc155de036ec4028f90604abf697ef7570693cd110030ec26924cbc3b241de,,
native_asset_package,HomeLifeKit,HL_Cut_Edge,HL_Cut_Edge,ThreeHearthsVillage/Content/ThreeHearths/Generated/HomeLifeKit/firewood_stack/HL_Cut_Edge.uasset,21318,c98824372d0a5faf7c50a179978e062c84322c11bdf747da5a2380ee664934fe,,
native_asset_package,HomeLifeKit,HL_Firewood_Bark,HL_Firewood_Bark,ThreeHearthsVillage/Content/ThreeHearths/Generated/HomeLifeKit/firewood_stack/HL_Firewood_Bark.uasset,21373,c750790b32ae9a7dd98ef862b5d6235dab5e7b56d15dfcd0b71c8fc18c7606ec,,
native_asset_package,HomeLifeKit,HL_Timber_Recess,HL_Timber_Recess,ThreeHearthsVillage/Content/ThreeHearths/Generated/HomeLifeKit/firewood_stack/HL_Timber_Recess.uasset,21373,5c9276617f5158c3ed93b6f610416f3594a702953f335c0bdca996e3c91476da,,
native_asset_package,HomeLifeKit,food_tray_bread,面包餐盘,ThreeHearthsVillage/Content/ThreeHearths/Generated/HomeLifeKit/food_tray_bread/food_tray_bread.uasset,89891,7c34522b1742ca75f68260c918f891fd6b884a6dcff6440c3f089c5e4394f374,,
native_asset_package,HomeLifeKit,HL_Bread_Crust,HL_Bread_Crust,ThreeHearthsVillage/Content/ThreeHearths/Generated/HomeLifeKit/food_tray_bread/HL_Bread_Crust.uasset,21359,680b2137066b889f24358f33d6c45df38344894fd99e6375c330d67ddb20d16b,,
native_asset_package,HomeLifeKit,HL_Bread_Score,HL_Bread_Score,ThreeHearthsVillage/Content/ThreeHearths/Generated/HomeLifeKit/food_tray_bread/HL_Bread_Score.uasset,21359,c7275933450ec30b7fe733942596eab37db5f53734e782658675e4eb6aa6341b,,
native_asset_package,HomeLifeKit,HL_Cut_Edge,HL_Cut_Edge,ThreeHearthsVillage/Content/ThreeHearths/Generated/HomeLifeKit/food_tray_bread/HL_Cut_Edge.uasset,21326,ab686aef881ae55c8891d6c2929a18af4acc81146c2854966f351b75a81956d3,,
native_asset_package,HomeLifeKit,HL_Glazed_Cream_Bowl,HL_Glazed_Cream_Bowl,ThreeHearthsVillage/Content/ThreeHearths/Generated/HomeLifeKit/food_tray_bread/HL_Glazed_Cream_Bowl.uasset,21425,c0df6f084181c13229a610782f3eb882632887ba17a081c5e510af2b1879dc2b,,
native_asset_package,HomeLifeKit,HL_Stew,HL_Stew,ThreeHearthsVillage/Content/ThreeHearths/Generated/HomeLifeKit/food_tray_bread/HL_Stew.uasset,21282,9f836a3a1accfcfe1c524077389adc47a5a59094c08794f233e6e9b9c884140a,,
native_asset_package,HomeLifeKit,HL_Warm_Oak,HL_Warm_Oak,ThreeHearthsVillage/Content/ThreeHearths/Generated/HomeLifeKit/food_tray_bread/HL_Warm_Oak.uasset,21326,f26b0afce200d2f71d2c7712d8eac3a3d3231e111b67327f04c57ad6094b0b24,,
native_asset_package,HomeLifeKit,grain_chest,粮食箱,ThreeHearthsVillage/Content/ThreeHearths/Generated/HomeLifeKit/grain_chest/grain_chest.uasset,95344,b1c7c7ca9c348ec4d3152064a0fa2c0e27e31bd64da12918e76f31ed0a7242ce,,
native_asset_package,HomeLifeKit,HL_Brass,HL_Brass,ThreeHearthsVillage/Content/ThreeHearths/Generated/HomeLifeKit/grain_chest/HL_Brass.uasset,21249,f7347d6926f0b9b8763a680b6a24c9337c4d210da66ec8d103b10b8e5e3e6b4b,,
native_asset_package,HomeLifeKit,HL_Cut_Edge,HL_Cut_Edge,ThreeHearthsVillage/Content/ThreeHearths/Generated/HomeLifeKit/grain_chest/HL_Cut_Edge.uasset,21282,abd96d67b01f8d28371915ca904e417a6888bb1136bd482ccd9c87afadf06e5c,,
native_asset_package,HomeLifeKit,HL_Forged_Iron,HL_Forged_Iron,ThreeHearthsVillage/Content/ThreeHearths/Generated/HomeLifeKit/grain_chest/HL_Forged_Iron.uasset,21315,df569a1d1396ec9e7997a054146a012132cd6abdba04f1ad726b522834f6e7ab,,
native_asset_package,HomeLifeKit,HL_Honey_Plank,HL_Honey_Plank,ThreeHearthsVillage/Content/ThreeHearths/Generated/HomeLifeKit/grain_chest/HL_Honey_Plank.uasset,21315,ca9c6a07893d13b9ff52fb9f705135257fe01b5eeeede8a7745380e240e4158b,,
native_asset_package,HomeLifeKit,HL_Timber_Recess,HL_Timber_Recess,ThreeHearthsVillage/Content/ThreeHearths/Generated/HomeLifeKit/grain_chest/HL_Timber_Recess.uasset,21337,7b66c73aa78095a7f148b0d1b843281587c1d715f5290ddfa68db2e5045de2cd,,
native_asset_package,HomeLifeKit,HL_Warm_Oak,HL_Warm_Oak,ThreeHearthsVillage/Content/ThreeHearths/Generated/HomeLifeKit/grain_chest/HL_Warm_Oak.uasset,21282,2ad7c81a6cf83083b3bbfd827549e2dd2a8b8c5361b9d4ef2225dd15a657e595,,
native_asset_package,HomeLifeKit,HL_Cut_Edge,HL_Cut_Edge,ThreeHearthsVillage/Content/ThreeHearths/Generated/HomeLifeKit/table_communal_2_6m/HL_Cut_Edge.uasset,21370,e9f25936b585aad14ba250c58011ae85405fb762e12f24501463e828560f368b,,
native_asset_package,HomeLifeKit,HL_Honey_Plank,HL_Honey_Plank,ThreeHearthsVillage/Content/ThreeHearths/Generated/HomeLifeKit/table_communal_2_6m/HL_Honey_Plank.uasset,21403,c9d6a9ead02c856f3e4257180af4f335188f6aa62a87a51785b990174f0810dc,,
native_asset_package,HomeLifeKit,HL_Timber_Recess,HL_Timber_Recess,ThreeHearthsVillage/Content/ThreeHearths/Generated/HomeLifeKit/table_communal_2_6m/HL_Timber_Recess.uasset,21425,7dc02a4d00aa15784dc51f5d109f04471f8257ce379e14a61a6e3a3fecdfb1ae,,
native_asset_package,HomeLifeKit,HL_Warm_Oak,HL_Warm_Oak,ThreeHearthsVillage/Content/ThreeHearths/Generated/HomeLifeKit/table_communal_2_6m/HL_Warm_Oak.uasset,21370,2401fe2a2fa462b7c6bb9a4bd18af699ec6e28026eac776c99abab9a56a89f00,,
native_asset_package,HomeLifeKit,table_communal_2_6m,2.6米公共餐桌,ThreeHearthsVillage/Content/ThreeHearths/Generated/HomeLifeKit/table_communal_2_6m/table_communal_2_6m.uasset,69740,dca04929c7bcd057f1f3c0f2f930a8b70f8e5c3d8e65fdf2ac12c900b3ac34e1,,
native_asset_package,HomeLifeKit,HL_Cut_Edge,HL_Cut_Edge,ThreeHearthsVillage/Content/ThreeHearths/Generated/HomeLifeKit/table_dining_1_2m/HL_Cut_Edge.uasset,21337,668477d9b7fdfc8612f49168c061044d2fec2bfd862210453cab17c652916981,,
native_asset_package,HomeLifeKit,HL_Honey_Plank,HL_Honey_Plank,ThreeHearthsVillage/Content/ThreeHearths/Generated/HomeLifeKit/table_dining_1_2m/HL_Honey_Plank.uasset,21370,bc5ec9688a2687bbd2944b842079ebfbd7ca9e5646d43c33cc7d67633a6b00ff,,
native_asset_package,HomeLifeKit,HL_Timber_Recess,HL_Timber_Recess,ThreeHearthsVillage/Content/ThreeHearths/Generated/HomeLifeKit/table_dining_1_2m/HL_Timber_Recess.uasset,21392,3e7df603abd18f0072559df6810cd6ab83a62c57a0acc1a08a09b2c92f11ff72,,
native_asset_package,HomeLifeKit,HL_Warm_Oak,HL_Warm_Oak,ThreeHearthsVillage/Content/ThreeHearths/Generated/HomeLifeKit/table_dining_1_2m/HL_Warm_Oak.uasset,21337,53b31241f5410f8471f30da1b217bbbb2cc54d53fe1c778eb356bc7a0b25866e,,
native_asset_package,HomeLifeKit,table_dining_1_2m,1.2米家用餐桌,ThreeHearthsVillage/Content/ThreeHearths/Generated/HomeLifeKit/table_dining_1_2m/table_dining_1_2m.uasset,63199,3b748a3d1cedb5865d2ae976f6f0061438e9bd8954d554c1e8bae352083634fe,,
native_asset_package,PublicWallKit,public_wall_foundation_2m,公共城墙石基座,ThreeHearthsVillage/Content/ThreeHearths/Generated/PublicWallKit/public_wall_foundation_2m/public_wall_foundation_2m.uasset,49830,c1be4fb596ee847c331416a14559027635bdc0b663f0da45b61a6d40e9c824a1,,
native_asset_package,PublicWallKit,SK_BlueGrey_Stone,SK_BlueGrey_Stone,ThreeHearthsVillage/Content/ThreeHearths/Generated/PublicWallKit/public_wall_foundation_2m/SK_BlueGrey_Stone.uasset,25905,dee0f8c3a2b32d57a18595a41532779995600abb352541a50b0794d7fe69496c,,
native_asset_package,PublicWallKit,SK_Stone_Edge,SK_Stone_Edge,ThreeHearthsVillage/Content/ThreeHearths/Generated/PublicWallKit/public_wall_foundation_2m/SK_Stone_Edge.uasset,25905,74e8d5dbc81fe33cb72095f43f5e55d08165a7d71419931838cade21c3fc33e7,,
native_asset_package,PublicWallKit,SK_Stone_Shadow,SK_Stone_Shadow,ThreeHearthsVillage/Content/ThreeHearths/Generated/PublicWallKit/public_wall_foundation_2m/SK_Stone_Shadow.uasset,25783,a27d72f87adcaecd6f134e3a99a1b65e30e7a1cd40ac592e52e7d577e2f1ad89,,
native_asset_package,PublicWallKit,public_wall_parapet_2m,公共城墙木护栏,ThreeHearthsVillage/Content/ThreeHearths/Generated/PublicWallKit/public_wall_parapet_2m/public_wall_parapet_2m.uasset,50751,4c7f7a2e31d21d2fa55f4c65fa0963ac4b7041e8c54f41e4bafdc6fe239bc129,,
native_asset_package,PublicWallKit,VK_Chestnut,VK_Chestnut,ThreeHearthsVillage/Content/ThreeHearths/Generated/PublicWallKit/public_wall_parapet_2m/VK_Chestnut.uasset,25749,b93e0c5927ca7fd7677d4516f76da7d0c7f1d19f78dbc21401845ed6902872ee,,
native_asset_package,PublicWallKit,VK_Cut_Oak,VK_Cut_Oak,ThreeHearthsVillage/Content/ThreeHearths/Generated/PublicWallKit/public_wall_parapet_2m/VK_Cut_Oak.uasset,25954,f69904ea5e15324301d52ba019c3791601daf641d5f5dd4366bd77028a6dcb58,,
native_asset_package,PublicWallKit,VK_Honey_Plank,VK_Honey_Plank,ThreeHearthsVillage/Content/ThreeHearths/Generated/PublicWallKit/public_wall_parapet_2m/VK_Honey_Plank.uasset,25996,82966c0d201b9ea064e9a97e1f0ff805c5d5868454e29c3e2b44ffb7bed9d9a4,,
native_asset_package,PublicWallKit,public_wall_stone_2m,公共城墙石墙段（复用城堡墙几何）,ThreeHearthsVillage/Content/ThreeHearths/Generated/PublicWallKit/public_wall_stone_2m/public_wall_stone_2m.uasset,65234,beb806afc8b0901cbd11f058e58eddc4172838e260b88f5bf87eb5422476bf30,,
native_asset_package,PublicWallKit,SK_BlueGrey_Stone,SK_BlueGrey_Stone,ThreeHearthsVillage/Content/ThreeHearths/Generated/PublicWallKit/public_wall_stone_2m/SK_BlueGrey_Stone.uasset,21683,25b18f5b0d07c5b1b3a8ee96568280b67bf6015b2859625098258490b744b49a,,
native_asset_package,PublicWallKit,SK_Stone_Edge,SK_Stone_Edge,ThreeHearthsVillage/Content/ThreeHearths/Generated/PublicWallKit/public_wall_stone_2m/SK_Stone_Edge.uasset,25463,4d749b17f5cd0e45ebbd6399ebde4492089a9d7a03619a93a2369a249b49a024,,
native_asset_package,PublicWallKit,SK_Stone_Shadow,SK_Stone_Shadow,ThreeHearthsVillage/Content/ThreeHearths/Generated/PublicWallKit/public_wall_stone_2m/SK_Stone_Shadow.uasset,21659,909eae955de320882eb603eca38dbcf8d916bc18b3ffe1631c3b3db71c5b2d11,,
native_asset_package,PublicWallKit,public_wall_walkway_2m,公共城墙木步道,ThreeHearthsVillage/Content/ThreeHearths/Generated/PublicWallKit/public_wall_walkway_2m/public_wall_walkway_2m.uasset,52155,25015fc4cca245ac1093e28dd42202a522177331892d2d9db62e396c7be368f3,,
native_asset_package,PublicWallKit,VK_Chestnut,VK_Chestnut,ThreeHearthsVillage/Content/ThreeHearths/Generated/PublicWallKit/public_wall_walkway_2m/VK_Chestnut.uasset,25745,0c047d8b5db38c22f85caf3290ec6b522b39e1176c379138e4b052b818176c86,,
native_asset_package,PublicWallKit,VK_Cut_Oak,VK_Cut_Oak,ThreeHearthsVillage/Content/ThreeHearths/Generated/PublicWallKit/public_wall_walkway_2m/VK_Cut_Oak.uasset,25954,4cdfa8a932d18f68322c5084e65f1e4b7ac22940bd99349f85ea8a069978e62d,,
native_asset_package,PublicWallKit,VK_Honey_Plank,VK_Honey_Plank,ThreeHearthsVillage/Content/ThreeHearths/Generated/PublicWallKit/public_wall_walkway_2m/VK_Honey_Plank.uasset,25997,31063dff28b0e54cbbed2bd364ffaeaea4a85ffa0406ec55bbe85f923cb93f9b,,
native_asset_package,ResidentKit,apron_linen_short,亚麻短围裙,ThreeHearthsVillage/Content/ThreeHearths/Generated/ResidentKit/apron_linen_short/apron_linen_short.uasset,46348,08df6fa9a06978e9d4c4fc4cf076b617475eda8ade538a2b14486d91a1be5dcb,,
native_asset_package,ResidentKit,RK_Cream_Linen,RK_Cream_Linen,ThreeHearthsVillage/Content/ThreeHearths/Generated/ResidentKit/apron_linen_short/RK_Cream_Linen.uasset,21384,a0c58df4a9e20011dcbfab80c769a67e4c42c7cdb3fc0892237a35514d15c106,,
native_asset_package,ResidentKit,RK_Golden_Straw,RK_Golden_Straw,ThreeHearthsVillage/Content/ThreeHearths/Generated/ResidentKit/apron_linen_short/RK_Golden_Straw.uasset,21395,16a226139b238f236c9b73d9c800e8012b5c277d17f92ea8876e8dff3a556f7f,,
native_asset_package,ResidentKit,backpack_bedroll,背包与铺盖卷,ThreeHearthsVillage/Content/ThreeHearths/Generated/ResidentKit/backpack_bedroll/backpack_bedroll.uasset,67108,81461b913b85a78a0d54fb23d1fbb9da209b0c277934d595f0392a226015e8c5,,
native_asset_package,ResidentKit,RK_Brass,RK_Brass,ThreeHearthsVillage/Content/ThreeHearths/Generated/ResidentKit/backpack_bedroll/RK_Brass.uasset,21304,805ff45626291b99db554368ef30d45786174faaae80bec74bd9d46667971afe,,
native_asset_package,ResidentKit,RK_Chestnut_Leather,RK_Chestnut_Leather,ThreeHearthsVillage/Content/ThreeHearths/Generated/ResidentKit/backpack_bedroll/RK_Chestnut_Leather.uasset,21425,bdade875ffaa9de9d664d13982ba01f9177ab44582f0cf8634b9b412706cbe42,,
native_asset_package,ResidentKit,RK_Cream_Linen,RK_Cream_Linen,ThreeHearthsVillage/Content/ThreeHearths/Generated/ResidentKit/backpack_bedroll/RK_Cream_Linen.uasset,21370,e0c90a08ff9dffe04e596034b00d8f484eb7b0efc0a3024fe66381bc3211fe14,,
native_asset_package,ResidentKit,RK_Dark_Leather,RK_Dark_Leather,ThreeHearthsVillage/Content/ThreeHearths/Generated/ResidentKit/backpack_bedroll/RK_Dark_Leather.uasset,21381,8940d703e796ff86dfdb93688fcc11b342b9005ee3268670b50ad4033e3a3a18,,
native_asset_package,ResidentKit,bag_crossbody_leather,皮革斜挎包,ThreeHearthsVillage/Content/ThreeHearths/Generated/ResidentKit/bag_crossbody_leather/bag_crossbody_leather.uasset,60385,6e672d93e96767b650580d7dfc37675ed3c4a1a572cef2677a91a35e6b94bfd9,,
native_asset_package,ResidentKit,RK_Brass,RK_Brass,ThreeHearthsVillage/Content/ThreeHearths/Generated/ResidentKit/bag_crossbody_leather/RK_Brass.uasset,21359,359908b585dc6a8d0eb074b57094de755593afd4973aa88d143a36ec1d826bae,,
native_asset_package,ResidentKit,RK_Chestnut_Leather,RK_Chestnut_Leather,ThreeHearthsVillage/Content/ThreeHearths/Generated/ResidentKit/bag_crossbody_leather/RK_Chestnut_Leather.uasset,21480,14c1c07f90763c43e812c056eea16cf2b46903d370512845b1bb9b944511ba17,,
native_asset_package,ResidentKit,RK_Dark_Leather,RK_Dark_Leather,ThreeHearthsVillage/Content/ThreeHearths/Generated/ResidentKit/bag_crossbody_leather/RK_Dark_Leather.uasset,21436,8dcd9013ae762d644271916d7244c0b8bab71c0a96ae3b23e727faa1faa9670a,,
native_asset_package,ResidentKit,beard_neat_silver,整齐银胡须,ThreeHearthsVillage/Content/ThreeHearths/Generated/ResidentKit/beard_neat_silver/beard_neat_silver.uasset,50633,5f8c72ba7eae206c091475364091389dcf54e358daa0497cc4b66d6fc2495183,,
native_asset_package,ResidentKit,RK_Hair_Silver,RK_Hair_Silver,ThreeHearthsVillage/Content/ThreeHearths/Generated/ResidentKit/beard_neat_silver/RK_Hair_Silver.uasset,21370,5e466aec82f237d7347a01bbbad970081c0dcc3548a4050866542e9bf9032ee7,,
native_asset_package,ResidentKit,RK_Hair_Silver_Edge,RK_Hair_Silver_Edge,ThreeHearthsVillage/Content/ThreeHearths/Generated/ResidentKit/beard_neat_silver/RK_Hair_Silver_Edge.uasset,21425,2a9152e150084f4d9efb2dd04a50bad7a5a362e590820d6e29abf9d64446d2ef,,
native_asset_package,ResidentKit,cap_merchant_plum,梅紫商人帽,ThreeHearthsVillage/Content/ThreeHearths/Generated/ResidentKit/cap_merchant_plum/cap_merchant_plum.uasset,65550,4e7987be95e047b756d824f681a544895faf1ab2194be1878568db44509ee220,,
native_asset_package,ResidentKit,RK_Dark_Leather,RK_Dark_Leather,ThreeHearthsVillage/Content/ThreeHearths/Generated/ResidentKit/cap_merchant_plum/RK_Dark_Leather.uasset,21392,9f249fc7849aa5d2a729c6c33d5841edf6a96e7503ef464d24b74ddf348bbccb,,
native_asset_package,ResidentKit,RK_Plum_Cloth,RK_Plum_Cloth,ThreeHearthsVillage/Content/ThreeHearths/Generated/ResidentKit/cap_merchant_plum/RK_Plum_Cloth.uasset,21370,c5a5072fcd1cfd70ad1d87d3d5c052528a961b706dc3c29d06e62c4d060aedda,,
native_asset_package,ResidentKit,cape_royal_blue,王室蓝披风,ThreeHearthsVillage/Content/ThreeHearths/Generated/ResidentKit/cape_royal_blue/cape_royal_blue.uasset,43896,be37ce9a42d94d66fed1c5ae604abfaf5cd9370bdecdaee05ca1a1e2884bde5e,,
native_asset_package,ResidentKit,RK_Brass,RK_Brass,ThreeHearthsVillage/Content/ThreeHearths/Generated/ResidentKit/cape_royal_blue/RK_Brass.uasset,21296,33c0405682cb9919aaa8515b48038f6bd52d8c5423b0772143bead1c3c1c0f2b,,
native_asset_package,ResidentKit,RK_Royal_Blue,RK_Royal_Blue,ThreeHearthsVillage/Content/ThreeHearths/Generated/ResidentKit/cape_royal_blue/RK_Royal_Blue.uasset,21351,5640d744838ed7c69a58dc750e76d57b4cb4127bcd0976fd1de1077170c9984d,,
native_asset_package,ResidentKit,hair_braid_auburn,赤褐辫发,ThreeHearthsVillage/Content/ThreeHearths/Generated/ResidentKit/hair_braid_auburn/hair_braid_auburn.uasset,110372,d79fd6dc070856acfff516541849bf1f50e1260f721cca31bbaebf80086cf215,,
native_asset_package,ResidentKit,RK_Hair_Auburn,RK_Hair_Auburn,ThreeHearthsVillage/Content/ThreeHearths/Generated/ResidentKit/hair_braid_auburn/RK_Hair_Auburn.uasset,21370,056acc6ad25decb2df9e1aa75e5d51035bdf64ce5b9f10dc6161e0cad9570a29,,
native_asset_package,ResidentKit,RK_Sage_Cloth,RK_Sage_Cloth,ThreeHearthsVillage/Content/ThreeHearths/Generated/ResidentKit/hair_braid_auburn/RK_Sage_Cloth.uasset,21359,62a979f7a248c2ea8dd344428e05393aa79c6daf8c4b0950c491cec07f773e89,,
native_asset_package,ResidentKit,hair_bun_dark,深色发髻,ThreeHearthsVillage/Content/ThreeHearths/Generated/ResidentKit/hair_bun_dark/hair_bun_dark.uasset,115897,c15192f1102c583cf4d7c5dc0213491005bdf2cc8bbfdcaa9967f6359058a935,,
native_asset_package,ResidentKit,RK_Hair_Dark,RK_Hair_Dark,ThreeHearthsVillage/Content/ThreeHearths/Generated/ResidentKit/hair_bun_dark/RK_Hair_Dark.uasset,21304,72817409e9df2eacea9ea100cbf6f4e25be5707e861e2e5e86cf15328231498e,,
native_asset_package,ResidentKit,RK_Warm_Oak_Light,RK_Warm_Oak_Light,ThreeHearthsVillage/Content/ThreeHearths/Generated/ResidentKit/hair_bun_dark/RK_Warm_Oak_Light.uasset,21359,12e4ef7349637cfcc7ef487e03168903c7d5a7de1ea258ac4bd77d151de18a87,,
native_asset_package,ResidentKit,hair_cropped_dark,深色短发,ThreeHearthsVillage/Content/ThreeHearths/Generated/ResidentKit/hair_cropped_dark/hair_cropped_dark.uasset,101722,a19f76cd578b23f55cdef64dac47d0679a31c7fe6441ff3540b119caa491c133,,
native_asset_package,ResidentKit,RK_Hair_Dark,RK_Hair_Dark,ThreeHearthsVillage/Content/ThreeHearths/Generated/ResidentKit/hair_cropped_dark/RK_Hair_Dark.uasset,21348,6d4ee1bfa0bf39aef1c6b67ba557dd912ece684faf803180182568b784c21d30,,
native_asset_package,ResidentKit,hair_swept_silver,银色侧梳发,ThreeHearthsVillage/Content/ThreeHearths/Generated/ResidentKit/hair_swept_silver/hair_swept_silver.uasset,118831,6e73e411cb2f643f768bba38273c473d788febf25804eb5cc369b6e65f6435ca,,
native_asset_package,ResidentKit,RK_Hair_Silver,RK_Hair_Silver,ThreeHearthsVillage/Content/ThreeHearths/Generated/ResidentKit/hair_swept_silver/RK_Hair_Silver.uasset,21370,a28d09898086f8bca01f39c2d79c92ee0d7bbaa9c799da4bb2e5e9f9a46c3b2d,,
native_asset_package,ResidentKit,RK_Hair_Silver_Edge,RK_Hair_Silver_Edge,ThreeHearthsVillage/Content/ThreeHearths/Generated/ResidentKit/hair_swept_silver/RK_Hair_Silver_Edge.uasset,21425,ca1b136f1c2598320bb2f33b97263e97f5d8ca8467393734a83b7b231939cd64,,
native_asset_package,ResidentKit,hair_waves_chestnut,栗色波浪发,ThreeHearthsVillage/Content/ThreeHearths/Generated/ResidentKit/hair_waves_chestnut/hair_waves_chestnut.uasset,116193,1e1bb9a4db9097dcb98bf1727ab155a45108063b3235b82ef5fee16b872e9b1e,,
native_asset_package,ResidentKit,RK_Hair_Chestnut,RK_Hair_Chestnut,ThreeHearthsVillage/Content/ThreeHearths/Generated/ResidentKit/hair_waves_chestnut/RK_Hair_Chestnut.uasset,21414,1c2e818eef6aaaf6b66a071090633da11da36ceca591b98943336bbb3c3e56d6,,
native_asset_package,ResidentKit,hat_straw_wide,宽檐草帽,ThreeHearthsVillage/Content/ThreeHearths/Generated/ResidentKit/hat_straw_wide/hat_straw_wide.uasset,66437,f53b2d3453a2b71e89601e6a9581bf572ca028244d5d38b7c8685e4c85257882,,
native_asset_package,ResidentKit,RK_Chestnut_Leather,RK_Chestnut_Leather,ThreeHearthsVillage/Content/ThreeHearths/Generated/ResidentKit/hat_straw_wide/RK_Chestnut_Leather.uasset,21403,92fc1d1893afb7564b4c2de95337986e507402135a37bc1f35e23a33789c1e50,,
native_asset_package,ResidentKit,RK_Golden_Straw,RK_Golden_Straw,ThreeHearthsVillage/Content/ThreeHearths/Generated/ResidentKit/hat_straw_wide/RK_Golden_Straw.uasset,21359,61f21b9b0d92cfa8a8c77e5e29e89133146f1d27e175f3eef13c436dfc74a50d,,
native_asset_package,ResidentKit,headwrap_sage,鼠尾草绿头巾,ThreeHearthsVillage/Content/ThreeHearths/Generated/ResidentKit/headwrap_sage/headwrap_sage.uasset,114448,2c5dcc659cb86e55137184e5e9b1a2db812432936bb9a0d49cdc3cece390d0e6,,
native_asset_package,ResidentKit,RK_Sage_Cloth,RK_Sage_Cloth,ThreeHearthsVillage/Content/ThreeHearths/Generated/ResidentKit/headwrap_sage/RK_Sage_Cloth.uasset,21326,29ce39af62ad88310febff1b9331b59fbbf3f225d0440647ec9c2d53adbc079d,,
native_asset_package,ResidentKit,pouch_belt_double,双腰包,ThreeHearthsVillage/Content/ThreeHearths/Generated/ResidentKit/pouch_belt_double/pouch_belt_double.uasset,54015,8226a1e1a46a238235e0e4f7f7676a29cf29a8f20dd92275fdc8ba755654f2df,,
native_asset_package,ResidentKit,RK_Brass,RK_Brass,ThreeHearthsVillage/Content/ThreeHearths/Generated/ResidentKit/pouch_belt_double/RK_Brass.uasset,21318,04c845965f228aebf5914dd99015f3bbbb761da8fcaec72c820e2f4b6961cfd2,,
native_asset_package,ResidentKit,RK_Chestnut_Leather,RK_Chestnut_Leather,ThreeHearthsVillage/Content/ThreeHearths/Generated/ResidentKit/pouch_belt_double/RK_Chestnut_Leather.uasset,21439,69b4651f9d0e207802f062f52a6430563bb9cfdcdf1f95d1ae020bac3a4ab9fc,,
native_asset_package,ResidentKit,RK_Dark_Leather,RK_Dark_Leather,ThreeHearthsVillage/Content/ThreeHearths/Generated/ResidentKit/pouch_belt_double/RK_Dark_Leather.uasset,21395,7ef22d9e690a2d9dedae7ed2d7e3879c1247cb379bf4fd3680240bdd8d63b30f,,
native_asset_package,ResidentKit,RK_Muted_Red_Cloth,RK_Muted_Red_Cloth,ThreeHearthsVillage/Content/ThreeHearths/Generated/ResidentKit/scarf_red/RK_Muted_Red_Cloth.uasset,21340,b776e920734e56d8959201e74329de1feeebf73faad908bcf57180e4e8e403da,,
native_asset_package,ResidentKit,scarf_red,红围巾,ThreeHearthsVillage/Content/ThreeHearths/Generated/ResidentKit/scarf_red/scarf_red.uasset,45849,9c2a9a5c3449db2a9a220680717e34d393b82e55a2682fd31afc6a2686fd460d,,
native_asset_package,ResidentKit,RK_Ochre_Cloth,RK_Ochre_Cloth,ThreeHearthsVillage/Content/ThreeHearths/Generated/ResidentKit/shawl_ochre/RK_Ochre_Cloth.uasset,21318,98a41e2ad458552bf27c855f3eac137d9fbe8fd8a7527b0221b5146424d43702,,
native_asset_package,ResidentKit,shawl_ochre,赭黄披肩,ThreeHearthsVillage/Content/ThreeHearths/Generated/ResidentKit/shawl_ochre/shawl_ochre.uasset,102405,5d11e31659892e5670fde9736c1a8d743dbf44252819d15b8cff02cc9b6796a9,,
native_asset_package,SocietyKit,castle_buttress_stone,城堡石扶壁,ThreeHearthsVillage/Content/ThreeHearths/Generated/SocietyKit/castle_buttress_stone/castle_buttress_stone.uasset,48308,6940335b5a34b085e32363442b85c09ba593b75c4b5fa45c65f973dba6824054,,
native_asset_package,SocietyKit,SK_BlueGrey_Stone,SK_BlueGrey_Stone,ThreeHearthsVillage/Content/ThreeHearths/Generated/SocietyKit/castle_buttress_stone/SK_BlueGrey_Stone.uasset,21610,f141d18d8beb47dbb101249ad58b3457de7e5ba1a4bf1dc5d4d5fb872a398f2d,,
native_asset_package,SocietyKit,SK_Stone_Edge,SK_Stone_Edge,ThreeHearthsVillage/Content/ThreeHearths/Generated/SocietyKit/castle_buttress_stone/SK_Stone_Edge.uasset,21566,f30ad7429f2ccaf81c1af2b7117baa9842e0dc76eb844bfb9b8d7a3ed0f6e6a5,,
native_asset_package,SocietyKit,castle_gate_arch_4m,4米城门石拱,ThreeHearthsVillage/Content/ThreeHearths/Generated/SocietyKit/castle_gate_arch_4m/castle_gate_arch_4m.uasset,154901,1bc3e24f6151f08f92c9c488faccda849b9e0b6df4b1e6d8d02a9cfefba6ca35,,
native_asset_package,SocietyKit,SK_BlueGrey_Stone,SK_BlueGrey_Stone,ThreeHearthsVillage/Content/ThreeHearths/Generated/SocietyKit/castle_gate_arch_4m/SK_BlueGrey_Stone.uasset,21577,c01ca8f408a36dfd5158ebcc7b08df06864ec5eeef19fb12d9005f2770c04cd6,,
native_asset_package,SocietyKit,SK_Stone_Edge,SK_Stone_Edge,ThreeHearthsVillage/Content/ThreeHearths/Generated/SocietyKit/castle_gate_arch_4m/SK_Stone_Edge.uasset,21533,e025ee5a2063dfa9bbc59135a66c7897c137845497bcaffea2ecc66b46a4380d,,
native_asset_package,SocietyKit,SK_Stone_Shadow,SK_Stone_Shadow,ThreeHearthsVillage/Content/ThreeHearths/Generated/SocietyKit/castle_gate_arch_4m/SK_Stone_Shadow.uasset,21555,cddcc8171e35d020be2aa04a0b5d4837c49d3126be7a2b38f4273df033edd88c,,
native_asset_package,SocietyKit,castle_gate_oak_pair,双扇橡木城门,ThreeHearthsVillage/Content/ThreeHearths/Generated/SocietyKit/castle_gate_oak_pair/castle_gate_oak_pair.uasset,75320,bd8a0f2331e059aa2cafd8856c1bf25940d537438d1e9c26ea5b304277328299,,
native_asset_package,SocietyKit,SK_Cut_Oak,SK_Cut_Oak,ThreeHearthsVillage/Content/ThreeHearths/Generated/SocietyKit/castle_gate_oak_pair/SK_Cut_Oak.uasset,21511,2463c1525fd5034796ae2313e63cae21cd68ac17e2590877898d5b7ed859852b,,
native_asset_package,SocietyKit,SK_Forged_Iron,SK_Forged_Iron,ThreeHearthsVillage/Content/ThreeHearths/Generated/SocietyKit/castle_gate_oak_pair/SK_Forged_Iron.uasset,21555,a5b0ebf03a929bbea52bedd69bce32aca0c4f30f2ae1a659aeea25fadd8e8f0d,,
native_asset_package,SocietyKit,SK_Honey_Plank,SK_Honey_Plank,ThreeHearthsVillage/Content/ThreeHearths/Generated/SocietyKit/castle_gate_oak_pair/SK_Honey_Plank.uasset,21555,6677de53dc79dfa2086d0a2257eb8f2c479d7d95d45819a4207c53ff2b385fa0,,
native_asset_package,SocietyKit,castle_tower_battlement_cap_4m,塔楼垛口顶段,ThreeHearthsVillage/Content/ThreeHearths/Generated/SocietyKit/castle_tower_battlement_cap_4m/castle_tower_battlement_cap_4m.uasset,78808,43c4f4d44f1ac58d9598d6a8b99e12ab85c2616072e69c965335d75474904585,,
native_asset_package,SocietyKit,SK_BlueGrey_Stone,SK_BlueGrey_Stone,ThreeHearthsVillage/Content/ThreeHearths/Generated/SocietyKit/castle_tower_battlement_cap_4m/SK_BlueGrey_Stone.uasset,21709,07d5d4ff8f21589b8b25a6ccbff4a02fc75f1297b02ba13f5bb9e5c32127559c,,
native_asset_package,SocietyKit,SK_Stone_Edge,SK_Stone_Edge,ThreeHearthsVillage/Content/ThreeHearths/Generated/SocietyKit/castle_tower_battlement_cap_4m/SK_Stone_Edge.uasset,21665,2f80d57a1fad02117a8c9e5c6c6b6388ad3dde29fa056e11948927db6b90e679,,
native_asset_package,SocietyKit,castle_tower_storey_4m,塔楼层段,ThreeHearthsVillage/Content/ThreeHearths/Generated/SocietyKit/castle_tower_storey_4m/castle_tower_storey_4m.uasset,156148,b4b061f1d7c1194f93caf84e698b0cc0f745bcd9112cb29b2de60898f2f42a9e,,
native_asset_package,SocietyKit,SK_BlueGrey_Stone,SK_BlueGrey_Stone,ThreeHearthsVillage/Content/ThreeHearths/Generated/SocietyKit/castle_tower_storey_4m/SK_BlueGrey_Stone.uasset,21610,c8175e3af69014bb01f560b7a05d2108dbc731bd924cbc9f107933d7a4733334,,
native_asset_package,SocietyKit,SK_Stone_Edge,SK_Stone_Edge,ThreeHearthsVillage/Content/ThreeHearths/Generated/SocietyKit/castle_tower_storey_4m/SK_Stone_Edge.uasset,21566,9cb0d60daf604986ce83e0be0df51f6e05f7c320a56e7874e425b3d9d32a6813,,
native_asset_package,SocietyKit,SK_Stone_Shadow,SK_Stone_Shadow,ThreeHearthsVillage/Content/ThreeHearths/Generated/SocietyKit/castle_tower_storey_4m/SK_Stone_Shadow.uasset,21588,ce056ea715868d6601d434d52500c78aadf523facc68365396e977b427550f21,,
native_asset_package,SocietyKit,castle_walkway_timber_2m,城墙木步道,ThreeHearthsVillage/Content/ThreeHearths/Generated/SocietyKit/castle_walkway_timber_2m/castle_walkway_timber_2m.uasset,55441,bcbff9317428bb4bf49a88ec25976c404896730ceaf5aeccb8fa90ba365230cf,,
native_asset_package,SocietyKit,SK_Chestnut,SK_Chestnut,ThreeHearthsVillage/Content/ThreeHearths/Generated/SocietyKit/castle_walkway_timber_2m/SK_Chestnut.uasset,21577,88a37c338659557920f2aa03143c24ea7af84544438d66e8833f9876d0c15fba,,
native_asset_package,SocietyKit,SK_Cut_Oak,SK_Cut_Oak,ThreeHearthsVillage/Content/ThreeHearths/Generated/SocietyKit/castle_walkway_timber_2m/SK_Cut_Oak.uasset,21566,dc80f48ab9c608b57de307a06592f4a4f731a922d084b397f9f064d9ed309373,,
native_asset_package,SocietyKit,castle_wall_battlement_2m,城墙垛口段,ThreeHearthsVillage/Content/ThreeHearths/Generated/SocietyKit/castle_wall_battlement_2m/castle_wall_battlement_2m.uasset,74167,fbdb2af38837e2cc82f0b59727a21fc1d0dfcf1020b680811e093b61c58996f4,,
native_asset_package,SocietyKit,SK_BlueGrey_Stone,SK_BlueGrey_Stone,ThreeHearthsVillage/Content/ThreeHearths/Generated/SocietyKit/castle_wall_battlement_2m/SK_BlueGrey_Stone.uasset,21643,ff5065e45dab95238737f2b909c75ab0c7699345099854212a923117be610b80,,
native_asset_package,SocietyKit,SK_Stone_Edge,SK_Stone_Edge,ThreeHearthsVillage/Content/ThreeHearths/Generated/SocietyKit/castle_wall_battlement_2m/SK_Stone_Edge.uasset,21599,6703406812d4f7807f7bfcaa180d0fbd1ed3960da76eaac77c7a37a1ee87f424,,
native_asset_package,SocietyKit,SK_Stone_Shadow,SK_Stone_Shadow,ThreeHearthsVillage/Content/ThreeHearths/Generated/SocietyKit/castle_wall_battlement_2m/SK_Stone_Shadow.uasset,21621,824869202d47a4a7e03a1d9029938e994b4dec7ba71ba3d58fc21175d499d1f1,,
native_asset_package,SocietyKit,castle_wall_stone_2m,城堡石墙段,ThreeHearthsVillage/Content/ThreeHearths/Generated/SocietyKit/castle_wall_stone_2m/castle_wall_stone_2m.uasset,65222,33808a41676cc4eb5a68150c4b3ec2087aeba6c9a2246149d8ea7981c7cf714a,,
native_asset_package,SocietyKit,SK_BlueGrey_Stone,SK_BlueGrey_Stone,ThreeHearthsVillage/Content/ThreeHearths/Generated/SocietyKit/castle_wall_stone_2m/SK_BlueGrey_Stone.uasset,21588,6ab850f90ba2ffdcd7398777ba561bc3f49d1cc76ed7b538d2d84bd477f9d62f,,
native_asset_package,SocietyKit,SK_Stone_Edge,SK_Stone_Edge,ThreeHearthsVillage/Content/ThreeHearths/Generated/SocietyKit/castle_wall_stone_2m/SK_Stone_Edge.uasset,21544,f3b89aa518409fa940362d46047152e6c899d252255bd8775cfe6d47b74a5c51,,
native_asset_package,SocietyKit,SK_Stone_Shadow,SK_Stone_Shadow,ThreeHearthsVillage/Content/ThreeHearths/Generated/SocietyKit/castle_wall_stone_2m/SK_Stone_Shadow.uasset,21566,7f867c43aa20822c5a605e188e1956ebb6378a432793fa91756d20d24ef2acaf,,
native_asset_package,SocietyKit,guild_market_yard,行会市集院落组合,ThreeHearthsVillage/Content/ThreeHearths/Generated/SocietyKit/example__guild_market_yard/guild_market_yard.uasset,480287,3b235544a2a03c5d6e3c5cf71a86284a62cd95474ed47131573608882723b451,,
native_asset_package,SocietyKit,SK_Amber_Lantern,SK_Amber_Lantern,ThreeHearthsVillage/Content/ThreeHearths/Generated/SocietyKit/example__guild_market_yard/SK_Amber_Lantern.uasset,21617,9738eb17b6a0c3d132d85a87f050df3a8a9ef8c910542de94696dfabaad7dec1,,
native_asset_package,SocietyKit,SK_BlueGrey_Stone,SK_BlueGrey_Stone,ThreeHearthsVillage/Content/ThreeHearths/Generated/SocietyKit/example__guild_market_yard/SK_BlueGrey_Stone.uasset,21628,a4dec8bf210608ed40edfce6df801f3fc435447fa5742ebc01a47d6bd5155328,,
native_asset_package,SocietyKit,SK_Brass,SK_Brass,ThreeHearthsVillage/Content/ThreeHearths/Generated/SocietyKit/example__guild_market_yard/SK_Brass.uasset,21529,4c0e9b39dfe6ba0da1d0230d78b5fcb9b7cc8b5516e8c3bae6c2d1cc558821f5,,
native_asset_package,SocietyKit,SK_Charcoal,SK_Charcoal,ThreeHearthsVillage/Content/ThreeHearths/Generated/SocietyKit/example__guild_market_yard/SK_Charcoal.uasset,21562,8c4e118109ad851c5bbeb1eff2b5c962af765c25ce3d540e4fa0833dd8a8b0fe,,
native_asset_package,SocietyKit,SK_Chestnut,SK_Chestnut,ThreeHearthsVillage/Content/ThreeHearths/Generated/SocietyKit/example__guild_market_yard/SK_Chestnut.uasset,21559,a40751e5f0baabf8c7f14d25ceb7cb8fbee9d738362d84783d607deb6416c1e6,,
native_asset_package,SocietyKit,SK_Cream_Lime,SK_Cream_Lime,ThreeHearthsVillage/Content/ThreeHearths/Generated/SocietyKit/example__guild_market_yard/SK_Cream_Lime.uasset,21584,b53ab0d65aac7eb6ebe280d03e6bf0c7a93093847f8efb71addd937a0d8d41dc,,
native_asset_package,SocietyKit,SK_Cut_Oak,SK_Cut_Oak,ThreeHearthsVillage/Content/ThreeHearths/Generated/SocietyKit/example__guild_market_yard/SK_Cut_Oak.uasset,21548,910f3525986d72dff2339df0cebeb415f2eb4921d6bb63a7efa243b202f6d25c,,
native_asset_package,SocietyKit,SK_Forged_Iron,SK_Forged_Iron,ThreeHearthsVillage/Content/ThreeHearths/Generated/SocietyKit/example__guild_market_yard/SK_Forged_Iron.uasset,21592,4d5d67c4804136356aba9285560b3810df43807c19a9fd5e395aea8998e31de9,,
native_asset_package,SocietyKit,SK_Hemp_Rope,SK_Hemp_Rope,ThreeHearthsVillage/Content/ThreeHearths/Generated/SocietyKit/example__guild_market_yard/SK_Hemp_Rope.uasset,21570,e298854907212bb9375455dedbdfd43d59c38ae43233660119de3b52228bf6cf,,
native_asset_package,SocietyKit,SK_Honey_Plank,SK_Honey_Plank,ThreeHearthsVillage/Content/ThreeHearths/Generated/SocietyKit/example__guild_market_yard/SK_Honey_Plank.uasset,21592,f92d891e7aea148b466eb79a31efa7901fe97818f8667e5a5557f9cb365a2a48,,
native_asset_package,SocietyKit,SK_Leather,SK_Leather,ThreeHearthsVillage/Content/ThreeHearths/Generated/SocietyKit/example__guild_market_yard/SK_Leather.uasset,21551,622b3bb0f250afdcf0432dad4ba60aa3856a04faed2c6b4f270188d3267a6ab7,,
native_asset_package,SocietyKit,SK_Parchment,SK_Parchment,ThreeHearthsVillage/Content/ThreeHearths/Generated/SocietyKit/example__guild_market_yard/SK_Parchment.uasset,21573,574212deb4f1fd0f40696f0c9b53d4c536f95fdffe8adc726497d9622517b5b7,,
native_asset_package,SocietyKit,SK_Royal_Blue,SK_Royal_Blue,ThreeHearthsVillage/Content/ThreeHearths/Generated/SocietyKit/example__guild_market_yard/SK_Royal_Blue.uasset,21584,6a6a721f36e90fd3bae934fd33037ea6a524d619b633d0bce871a5eec8efedfe,,
native_asset_package,SocietyKit,SK_Royal_Red,SK_Royal_Red,ThreeHearthsVillage/Content/ThreeHearths/Generated/SocietyKit/example__guild_market_yard/SK_Royal_Red.uasset,21573,81ea11eaf39fc6ae5c70f59ec153fe084dc510e803af8dfeb0296e5d9fa30908,,
native_asset_package,SocietyKit,SK_Sage_Paint,SK_Sage_Paint,ThreeHearthsVillage/Content/ThreeHearths/Generated/SocietyKit/example__guild_market_yard/SK_Sage_Paint.uasset,21581,9fbf681cfccde1729ae08d50d8535377a8b0e10f63872d2163234b442f2ef238,,
native_asset_package,SocietyKit,SK_Stone_Edge,SK_Stone_Edge,ThreeHearthsVillage/Content/ThreeHearths/Generated/SocietyKit/example__guild_market_yard/SK_Stone_Edge.uasset,21584,60995bdf1c1db0a360eed22e5f1ce82b7acd7e6217b4ac6bafbef78e9f5f2269,,
native_asset_package,SocietyKit,SK_Stone_Shadow,SK_Stone_Shadow,ThreeHearthsVillage/Content/ThreeHearths/Generated/SocietyKit/example__guild_market_yard/SK_Stone_Shadow.uasset,21606,c2003cb20dad62a95f001f195c05cb3763d876b2b7f20105881345cc9df52c08,,
native_asset_package,SocietyKit,SK_Terracotta_1,SK_Terracotta_1,ThreeHearthsVillage/Content/ThreeHearths/Generated/SocietyKit/example__guild_market_yard/SK_Terracotta_1.uasset,21599,abef43ddc227255a20ab898451be9ed21760e787f2fa95330e595ed7e14f66f9,,
native_asset_package,SocietyKit,SK_Terracotta_2,SK_Terracotta_2,ThreeHearthsVillage/Content/ThreeHearths/Generated/SocietyKit/example__guild_market_yard/SK_Terracotta_2.uasset,21599,769eb56a9fc8b6611412425e15327dd789fa763bb3958ae1f779e1fc605fc7cd,,
native_asset_package,SocietyKit,SK_Terracotta_3,SK_Terracotta_3,ThreeHearthsVillage/Content/ThreeHearths/Generated/SocietyKit/example__guild_market_yard/SK_Terracotta_3.uasset,21599,f608ed230cbfaf8c16eec93850840ec29538f0043b8da40d4c208a7f75fa806b,,
native_asset_package,SocietyKit,SK_Timber_Recess,SK_Timber_Recess,ThreeHearthsVillage/Content/ThreeHearths/Generated/SocietyKit/example__guild_market_yard/SK_Timber_Recess.uasset,21614,02b26d019983a5558d0630b4f3f2db704b940d05daea275edcbab12fe723f858,,
native_asset_package,SocietyKit,kings_gate_courtyard,国王城门院落组合,ThreeHearthsVillage/Content/ThreeHearths/Generated/SocietyKit/example__kings_gate_courtyard/kings_gate_courtyard.uasset,1084484,2c34247c4709695b2853ff75f5d2cd74f553350fb78d1b425e8a31fb61ac08d6,,
native_asset_package,SocietyKit,SK_Amber_Lantern,SK_Amber_Lantern,ThreeHearthsVillage/Content/ThreeHearths/Generated/SocietyKit/example__kings_gate_courtyard/SK_Amber_Lantern.uasset,21650,2acc2de513ef75855b00a2e3ec88375e30a51eebceee93efb83f3139575cce34,,
native_asset_package,SocietyKit,SK_BlueGrey_Stone,SK_BlueGrey_Stone,ThreeHearthsVillage/Content/ThreeHearths/Generated/SocietyKit/example__kings_gate_courtyard/SK_BlueGrey_Stone.uasset,21658,19f6691f62d2bceabbfc2d217f9df92e61b5e3f82fca617c0568ec505fd266db,,
native_asset_package,SocietyKit,SK_Brass,SK_Brass,ThreeHearthsVillage/Content/ThreeHearths/Generated/SocietyKit/example__kings_gate_courtyard/SK_Brass.uasset,21562,126bfdd626733847fb728ea1016cb668354fd7fa78a36cd0be5f085d33d42396,,
native_asset_package,SocietyKit,SK_Chestnut,SK_Chestnut,ThreeHearthsVillage/Content/ThreeHearths/Generated/SocietyKit/example__kings_gate_courtyard/SK_Chestnut.uasset,21592,ce1750be27c2a008a11d05ac8f84c0d5c1c2e312dfd7143ff174559cee4f54db,,
native_asset_package,SocietyKit,SK_Cut_Oak,SK_Cut_Oak,ThreeHearthsVillage/Content/ThreeHearths/Generated/SocietyKit/example__kings_gate_courtyard/SK_Cut_Oak.uasset,21581,1042435527244fd1592aa1c97766036ded7dea9be326c54a96efc2f23a09f7f6,,
native_asset_package,SocietyKit,SK_Forged_Iron,SK_Forged_Iron,ThreeHearthsVillage/Content/ThreeHearths/Generated/SocietyKit/example__kings_gate_courtyard/SK_Forged_Iron.uasset,21625,0ab91b768e2348892da7abcd14121cef741d06aa4230802ecb5298f90e8d6be3,,
native_asset_package,SocietyKit,SK_Honey_Plank,SK_Honey_Plank,ThreeHearthsVillage/Content/ThreeHearths/Generated/SocietyKit/example__kings_gate_courtyard/SK_Honey_Plank.uasset,21625,00c4e452758c8be7a7b7c488689490f534fec9addc2dd396b00a7c15c3f77ccf,,
native_asset_package,SocietyKit,SK_Parchment,SK_Parchment,ThreeHearthsVillage/Content/ThreeHearths/Generated/SocietyKit/example__kings_gate_courtyard/SK_Parchment.uasset,21606,53b8e78988345bd33852c710ce697005d8680a35b8173d009f24881567591591,,
native_asset_package,SocietyKit,SK_Royal_Blue,SK_Royal_Blue,ThreeHearthsVillage/Content/ThreeHearths/Generated/SocietyKit/example__kings_gate_courtyard/SK_Royal_Blue.uasset,21614,a5a2a863413767e32f0d7669ab395d876218c80b46e19b82bd0024bf3ee6f7b8,,
native_asset_package,SocietyKit,SK_Royal_Gold,SK_Royal_Gold,ThreeHearthsVillage/Content/ThreeHearths/Generated/SocietyKit/example__kings_gate_courtyard/SK_Royal_Gold.uasset,21614,46d04704b1f8a968c031a47eb5a774c46f34ef05be6d386b5b8ae1a6072064d9,,
native_asset_package,SocietyKit,SK_Stone_Edge,SK_Stone_Edge,ThreeHearthsVillage/Content/ThreeHearths/Generated/SocietyKit/example__kings_gate_courtyard/SK_Stone_Edge.uasset,21614,b53f6a8ea533e66341e772f94208ce34f1d649c91123db3f65779761f048deee,,
native_asset_package,SocietyKit,SK_Stone_Shadow,SK_Stone_Shadow,ThreeHearthsVillage/Content/ThreeHearths/Generated/SocietyKit/example__kings_gate_courtyard/SK_Stone_Shadow.uasset,21636,1249b0a98abf8564261399b8d2d7330ef64a7f0b3b52a637ca44c536350b6476,,
native_asset_package,SocietyKit,SK_Timber_Recess,SK_Timber_Recess,ThreeHearthsVillage/Content/ThreeHearths/Generated/SocietyKit/example__kings_gate_courtyard/SK_Timber_Recess.uasset,21647,87efcef107cb57d6de23bf3f61881a9e3cf5d657e83658499d7708325094b4d0,,
native_asset_package,SocietyKit,goods_beams_bundle,成品房梁捆,ThreeHearthsVillage/Content/ThreeHearths/Generated/SocietyKit/goods_beams_bundle/goods_beams_bundle.uasset,59725,bcb03b5ee3da4d44c4358bbd8d15713a11374a21ec7f4c1ee13efafdbb7f36fb,,
native_asset_package,SocietyKit,SK_Cut_Oak,SK_Cut_Oak,ThreeHearthsVillage/Content/ThreeHearths/Generated/SocietyKit/goods_beams_bundle/SK_Cut_Oak.uasset,21503,250d9a93136b907b6d2ec832740eabf8cca848f5576e112d578f102a7ee54bba,,
native_asset_package,SocietyKit,SK_Hemp_Rope,SK_Hemp_Rope,ThreeHearthsVillage/Content/ThreeHearths/Generated/SocietyKit/goods_beams_bundle/SK_Hemp_Rope.uasset,21525,4a4ad46090ef819d92f132287b0a7c304b5c35d723dd2c4acd8f1f44acdac123,,
native_asset_package,SocietyKit,SK_Honey_Plank,SK_Honey_Plank,ThreeHearthsVillage/Content/ThreeHearths/Generated/SocietyKit/goods_beams_bundle/SK_Honey_Plank.uasset,21547,8c0a2e5dde8ca92c1b143a5b56cbed5e1be2ddf43a067fbf248d5339e0949a8c,,
native_asset_package,SocietyKit,goods_bricks_tiles_crate,砖瓦混装箱,ThreeHearthsVillage/Content/ThreeHearths/Generated/SocietyKit/goods_bricks_tiles_crate/goods_bricks_tiles_crate.uasset,101923,a272878571ea7aae29e51bedfba304e997b35e30c2bdf421f8e74f96f4a757e3,,
native_asset_package,SocietyKit,SK_Chestnut,SK_Chestnut,ThreeHearthsVillage/Content/ThreeHearths/Generated/SocietyKit/goods_bricks_tiles_crate/SK_Chestnut.uasset,21580,054d7734f1b75b4c1bd45b4aed2123c33651d206c2d14dfcc517ff72ae92d9d8,,
native_asset_package,SocietyKit,SK_Cut_Oak,SK_Cut_Oak,ThreeHearthsVillage/Content/ThreeHearths/Generated/SocietyKit/goods_bricks_tiles_crate/SK_Cut_Oak.uasset,21569,dfa3d94bde2b8639e9c34083b2262f52afb885ae8ab37017a2a1f4e7f7546ba3,,
native_asset_package,SocietyKit,SK_Honey_Plank,SK_Honey_Plank,ThreeHearthsVillage/Content/ThreeHearths/Generated/SocietyKit/goods_bricks_tiles_crate/SK_Honey_Plank.uasset,21613,9b9c1dfbe92f6d26a1be4008c78a72c0552c836daced43706995b7d024d3f791,,
native_asset_package,SocietyKit,SK_Terracotta_1,SK_Terracotta_1,ThreeHearthsVillage/Content/ThreeHearths/Generated/SocietyKit/goods_bricks_tiles_crate/SK_Terracotta_1.uasset,21620,7e93f6080b889a43933c95d12a98321c47646f253451bea4b24bb9d216f1c669,,
native_asset_package,SocietyKit,SK_Terracotta_2,SK_Terracotta_2,ThreeHearthsVillage/Content/ThreeHearths/Generated/SocietyKit/goods_bricks_tiles_crate/SK_Terracotta_2.uasset,21620,1e406f412d6e7646ea2703264fb94e66bf0c8e95435d8a8d04149e3ec694ee71,,
native_asset_package,SocietyKit,SK_Terracotta_3,SK_Terracotta_3,ThreeHearthsVillage/Content/ThreeHearths/Generated/SocietyKit/goods_bricks_tiles_crate/SK_Terracotta_3.uasset,21620,e9af3a7103bee69890091549c122f60e8e1fcd2c5ce043208e88f5714d29faa3,,
native_asset_package,SocietyKit,goods_paint_pails,涂料桶组,ThreeHearthsVillage/Content/ThreeHearths/Generated/SocietyKit/goods_paint_pails/goods_paint_pails.uasset,80336,ee6133c97198f77aa09c5143e276ae4f820163339928d786113a5e0e8da2ba8e,,
native_asset_package,SocietyKit,SK_Cream_Lime,SK_Cream_Lime,ThreeHearthsVillage/Content/ThreeHearths/Generated/SocietyKit/goods_paint_pails/SK_Cream_Lime.uasset,21525,adc40725d12824d487daa9c39ace4eae7ed26da70c8696b8c1c556306b9f68d4,,
native_asset_package,SocietyKit,SK_Cut_Oak,SK_Cut_Oak,ThreeHearthsVillage/Content/ThreeHearths/Generated/SocietyKit/goods_paint_pails/SK_Cut_Oak.uasset,21492,d109494e5452224bfd418f2b776fb3886d63005b4e5606c1cafd725fdb6172fe,,
native_asset_package,SocietyKit,SK_Forged_Iron,SK_Forged_Iron,ThreeHearthsVillage/Content/ThreeHearths/Generated/SocietyKit/goods_paint_pails/SK_Forged_Iron.uasset,21536,98f1841221dc09bf4de276e16d0838f3a44e0e25f834ea83a580d6f0923f416f,,
native_asset_package,SocietyKit,SK_Sage_Paint,SK_Sage_Paint,ThreeHearthsVillage/Content/ThreeHearths/Generated/SocietyKit/goods_paint_pails/SK_Sage_Paint.uasset,21525,013a11e1b2abe5ef9ee2e33f216d69f4076c47ed33449effe768e312b3b3bfa1,,
native_asset_package,SocietyKit,SK_Timber_Recess,SK_Timber_Recess,ThreeHearthsVillage/Content/ThreeHearths/Generated/SocietyKit/goods_paint_pails/SK_Timber_Recess.uasset,21558,8ba5a9deaeef4ff0002296c4c01831ab59db3428935ad2e186d920706d9d72d5,,
native_asset_package,SocietyKit,goods_planks_bundle,成品木板捆,ThreeHearthsVillage/Content/ThreeHearths/Generated/SocietyKit/goods_planks_bundle/goods_planks_bundle.uasset,61607,eb9ec366f7fd8ec9b357ab2a9c32a3b3d42f734cd983b73e95317179f6791fd2,,
native_asset_package,SocietyKit,SK_Cut_Oak,SK_Cut_Oak,ThreeHearthsVillage/Content/ThreeHearths/Generated/SocietyKit/goods_planks_bundle/SK_Cut_Oak.uasset,21514,f6f71f04429725f943b9c6679720594ac406fd204732c51b33bd0ba3f9ba18ed,,
native_asset_package,SocietyKit,SK_Hemp_Rope,SK_Hemp_Rope,ThreeHearthsVillage/Content/ThreeHearths/Generated/SocietyKit/goods_planks_bundle/SK_Hemp_Rope.uasset,21536,7c1689253fd1e535bc230dce761c8d5ad902434817b14628734e89b6c6fb18df,,
native_asset_package,SocietyKit,SK_Honey_Plank,SK_Honey_Plank,ThreeHearthsVillage/Content/ThreeHearths/Generated/SocietyKit/goods_planks_bundle/SK_Honey_Plank.uasset,21558,73eeda50d37b88836b6f2337c72429e9d5d62e2c96ef7bf470739b55142c73c5,,
native_asset_package,SocietyKit,kingdom_banner_blue,蓝色王国旗,ThreeHearthsVillage/Content/ThreeHearths/Generated/SocietyKit/kingdom_banner_blue/kingdom_banner_blue.uasset,59813,cb6f7bcffdba9ba23896cc23a123001bdf8ef2c00246a456caccfa3240fb5e20,,
native_asset_package,SocietyKit,SK_Cut_Oak,SK_Cut_Oak,ThreeHearthsVillage/Content/ThreeHearths/Generated/SocietyKit/kingdom_banner_blue/SK_Cut_Oak.uasset,21511,6e0c55686db262c383d759e50a3e1b37ebfa3d245bb4ed316e003707458acb1d,,
native_asset_package,SocietyKit,SK_Forged_Iron,SK_Forged_Iron,ThreeHearthsVillage/Content/ThreeHearths/Generated/SocietyKit/kingdom_banner_blue/SK_Forged_Iron.uasset,21555,cb86f3199046da59b438196389c5857bb931ec25c30d79c3799d0fddba0032c5,,
native_asset_package,SocietyKit,SK_Royal_Blue,SK_Royal_Blue,ThreeHearthsVillage/Content/ThreeHearths/Generated/SocietyKit/kingdom_banner_blue/SK_Royal_Blue.uasset,21544,29e5558ce9ca288935a60b19cf9864957aae0f4ecb7b8775da269b1a09418ac0,,
native_asset_package,SocietyKit,SK_Royal_Gold,SK_Royal_Gold,ThreeHearthsVillage/Content/ThreeHearths/Generated/SocietyKit/kingdom_banner_blue/SK_Royal_Gold.uasset,21544,c03e39675944fe549fb369588f05f4bf7e83f3dc974012935af96e1b48b79719,,
native_asset_package,SocietyKit,kingdom_banner_red,红色王国旗,ThreeHearthsVillage/Content/ThreeHearths/Generated/SocietyKit/kingdom_banner_red/kingdom_banner_red.uasset,59755,48a82641adf056c3db39dd8c3c6ff0c4dc7d7a2913a19488a2cf4717f27b6ac8,,
native_asset_package,SocietyKit,SK_Cut_Oak,SK_Cut_Oak,ThreeHearthsVillage/Content/ThreeHearths/Generated/SocietyKit/kingdom_banner_red/SK_Cut_Oak.uasset,21500,a25d0929bbbd6090e78c4579e32d07d4f939b3051c0b31f5d89602ae8c7c5997,,
native_asset_package,SocietyKit,SK_Forged_Iron,SK_Forged_Iron,ThreeHearthsVillage/Content/ThreeHearths/Generated/SocietyKit/kingdom_banner_red/SK_Forged_Iron.uasset,21544,732f2479106513c51ff9c0fd7e4a8411bfa7abc04eff6bc6218968bd4cd60c21,,
native_asset_package,SocietyKit,SK_Royal_Gold,SK_Royal_Gold,ThreeHearthsVillage/Content/ThreeHearths/Generated/SocietyKit/kingdom_banner_red/SK_Royal_Gold.uasset,21533,de1b5950e527f3e6d37357fb6f35a86fa85d6262c268819ea9119fadf7ae9a32,,
native_asset_package,SocietyKit,SK_Royal_Red,SK_Royal_Red,ThreeHearthsVillage/Content/ThreeHearths/Generated/SocietyKit/kingdom_banner_red/SK_Royal_Red.uasset,21522,a545bf3a6b62b27baa7f6ec100b0b3aeebe6bec8aed03ff896c877a0e34a6bbc,,
native_asset_package,SocietyKit,market_barrel_oak,市场橡木桶,ThreeHearthsVillage/Content/ThreeHearths/Generated/SocietyKit/market_barrel_oak/market_barrel_oak.uasset,67537,2796a130e6f06035f721d13e9a2b56a5ae2abc59812ab97118a65fbd28141460,,
native_asset_package,SocietyKit,SK_Cut_Oak,SK_Cut_Oak,ThreeHearthsVillage/Content/ThreeHearths/Generated/SocietyKit/market_barrel_oak/SK_Cut_Oak.uasset,21492,9c5933745b37ec3cbfd7605187226b7b45f73eaeb720b52779b7574b689e0848,,
native_asset_package,SocietyKit,SK_Forged_Iron,SK_Forged_Iron,ThreeHearthsVillage/Content/ThreeHearths/Generated/SocietyKit/market_barrel_oak/SK_Forged_Iron.uasset,21536,12577daba6b7490b9b83397fd438bd16d4dc04b6d3f821268fb6da986c663041,,
native_asset_package,SocietyKit,SK_Honey_Plank,SK_Honey_Plank,ThreeHearthsVillage/Content/ThreeHearths/Generated/SocietyKit/market_barrel_oak/SK_Honey_Plank.uasset,21536,1cc7c72c1abade01ec8d6b7c29c7e1d13a37b280fbdc45fdd89980acad1617c1,,
native_asset_package,SocietyKit,SK_Timber_Recess,SK_Timber_Recess,ThreeHearthsVillage/Content/ThreeHearths/Generated/SocietyKit/market_barrel_oak/SK_Timber_Recess.uasset,21558,f18c04b8367acfa5d4c425f45fc9dfd696a3a3dd43f18babd700b194d2904df6,,
native_asset_package,SocietyKit,market_crate_oak,市场橡木箱,ThreeHearthsVillage/Content/ThreeHearths/Generated/SocietyKit/market_crate_oak/market_crate_oak.uasset,77030,935c756ae1917c3a9fed383df555c43f0c2a2f986fe557d26a160e5d87b1299e,,
native_asset_package,SocietyKit,SK_Chestnut,SK_Chestnut,ThreeHearthsVillage/Content/ThreeHearths/Generated/SocietyKit/market_crate_oak/SK_Chestnut.uasset,21492,ba4d6d813b5dc06ac1561a89d2905a4ddf6c1ef43eb6f100b169db542d911d8c,,
native_asset_package,SocietyKit,SK_Cut_Oak,SK_Cut_Oak,ThreeHearthsVillage/Content/ThreeHearths/Generated/SocietyKit/market_crate_oak/SK_Cut_Oak.uasset,21481,9df056a9ab5e678a4d990be42015e2ae57cce9f03a60d9117162972f44e2c45f,,
native_asset_package,SocietyKit,SK_Honey_Plank,SK_Honey_Plank,ThreeHearthsVillage/Content/ThreeHearths/Generated/SocietyKit/market_crate_oak/SK_Honey_Plank.uasset,21525,2aae8e87085b169658993206a65bc7acb68970c66e626591efad30378c7d3043,,
native_asset_package,SocietyKit,market_stall_blue_2m,蓝色市集摊位,ThreeHearthsVillage/Content/ThreeHearths/Generated/SocietyKit/market_stall_blue_2m/market_stall_blue_2m.uasset,100188,681c0be0204bb388d93ae31e3e9c2e2319b178ec246e159abebfcb019a7e3b12,,
native_asset_package,SocietyKit,SK_Chestnut,SK_Chestnut,ThreeHearthsVillage/Content/ThreeHearths/Generated/SocietyKit/market_stall_blue_2m/SK_Chestnut.uasset,21536,bbdced2db646d0b2dea59535da8b7051d760104505302ae2c08a09260a83c645,,
native_asset_package,SocietyKit,SK_Cream_Lime,SK_Cream_Lime,ThreeHearthsVillage/Content/ThreeHearths/Generated/SocietyKit/market_stall_blue_2m/SK_Cream_Lime.uasset,21558,e93bf8760310947e41d2b86d57203239828c135ba2680aedaa9e3804b085afbf,,
native_asset_package,SocietyKit,SK_Cut_Oak,SK_Cut_Oak,ThreeHearthsVillage/Content/ThreeHearths/Generated/SocietyKit/market_stall_blue_2m/SK_Cut_Oak.uasset,21525,9ea67e66af0e894a693f27575b8a89ee3d30f4c4c8e5478c42b01cfa32d795fc,,
native_asset_package,SocietyKit,SK_Honey_Plank,SK_Honey_Plank,ThreeHearthsVillage/Content/ThreeHearths/Generated/SocietyKit/market_stall_blue_2m/SK_Honey_Plank.uasset,21569,39d22ab91afa136ff933e0300a31631b067f8cb728259d5ab04819af4083af28,,
native_asset_package,SocietyKit,SK_Royal_Blue,SK_Royal_Blue,ThreeHearthsVillage/Content/ThreeHearths/Generated/SocietyKit/market_stall_blue_2m/SK_Royal_Blue.uasset,21558,65a3921b5ed98578c5f14b92fed0d86443b7f56ab54a28578b2ba9836b8d6298,,
native_asset_package,SocietyKit,market_stall_red_2m,红色市集摊位,ThreeHearthsVillage/Content/ThreeHearths/Generated/SocietyKit/market_stall_red_2m/market_stall_red_2m.uasset,100028,cd210528c94d0a6250fa59715c8e4d667de7087d5fee4514f116301a3b363f2d,,
native_asset_package,SocietyKit,SK_Chestnut,SK_Chestnut,ThreeHearthsVillage/Content/ThreeHearths/Generated/SocietyKit/market_stall_red_2m/SK_Chestnut.uasset,21525,97e29738ce06c96c6de550bdbcd40163b6152fc292ec153e9c48edc92063d305,,
native_asset_package,SocietyKit,SK_Cream_Lime,SK_Cream_Lime,ThreeHearthsVillage/Content/ThreeHearths/Generated/SocietyKit/market_stall_red_2m/SK_Cream_Lime.uasset,21547,22363143557fdcb53f62f517578ce30ec3f92bf5790199f310fd7cb29f2de05d,,
native_asset_package,SocietyKit,SK_Cut_Oak,SK_Cut_Oak,ThreeHearthsVillage/Content/ThreeHearths/Generated/SocietyKit/market_stall_red_2m/SK_Cut_Oak.uasset,21514,976edfb56d325e2ec75399bdffa46c3778a9a942b73d41915f400c667e2a2292,,
native_asset_package,SocietyKit,SK_Honey_Plank,SK_Honey_Plank,ThreeHearthsVillage/Content/ThreeHearths/Generated/SocietyKit/market_stall_red_2m/SK_Honey_Plank.uasset,21558,a60e3018bc90b6889445f49282a9f8ec8deb0b5a90d91d484cea44282a30ccf0,,
native_asset_package,SocietyKit,SK_Royal_Red,SK_Royal_Red,ThreeHearthsVillage/Content/ThreeHearths/Generated/SocietyKit/market_stall_red_2m/SK_Royal_Red.uasset,21536,92baca016666d8fb876fd01ec9e7d9fd1656d3fee9df53119686de4b7f067723,,
native_asset_package,SocietyKit,profession_carpenter_cap,木匠帽,ThreeHearthsVillage/Content/ThreeHearths/Generated/SocietyKit/profession_carpenter_cap/profession_carpenter_cap.uasset,49209,bf748641403f74c2d69b83d8a7ccf8b4da86bf81df5d8107feda89f29c47fbb2,,
native_asset_package,SocietyKit,SK_Leather,SK_Leather,ThreeHearthsVillage/Content/ThreeHearths/Generated/SocietyKit/profession_carpenter_cap/SK_Leather.uasset,21569,92f6629c56dc686296c8da32798ab424cfb5f6e05ea0f5df398fe041625dbf88,,
native_asset_package,SocietyKit,SK_Sage_Paint,SK_Sage_Paint,ThreeHearthsVillage/Content/ThreeHearths/Generated/SocietyKit/profession_carpenter_cap/SK_Sage_Paint.uasset,21602,ce96ddf9655b8e23d222ace7a34d83c458fc8ac842c4216d2b4505792f92584d,,
native_asset_package,SocietyKit,profession_mason_hood,石匠兜帽,ThreeHearthsVillage/Content/ThreeHearths/Generated/SocietyKit/profession_mason_hood/profession_mason_hood.uasset,51068,14ca024a886b792d5d0fb0c41556ecc7f6186339fc8624c0212355f1af55c6b1,,
native_asset_package,SocietyKit,SK_Cream_Lime,SK_Cream_Lime,ThreeHearthsVillage/Content/ThreeHearths/Generated/SocietyKit/profession_mason_hood/SK_Cream_Lime.uasset,21569,c9c2636d21fdf1a85b35ce87aacb8131acaada60dcc98c8db8dd235cf0b10c23,,
native_asset_package,SocietyKit,SK_Hemp_Rope,SK_Hemp_Rope,ThreeHearthsVillage/Content/ThreeHearths/Generated/SocietyKit/profession_mason_hood/SK_Hemp_Rope.uasset,21558,70b152857f0b82e1bf5f92715a241b19d567909e4960a13b64ff2a16d71df3c0,,
native_asset_package,SocietyKit,profession_smith_apron,铁匠围裙,ThreeHearthsVillage/Content/ThreeHearths/Generated/SocietyKit/profession_smith_apron/profession_smith_apron.uasset,54203,bfb762f6668ff916ecd28e090b99ca23299bcc144a3b0e63751ea35e5378b0e0,,
native_asset_package,SocietyKit,SK_Brass,SK_Brass,ThreeHearthsVillage/Content/ThreeHearths/Generated/SocietyKit/profession_smith_apron/SK_Brass.uasset,21525,f010e8baba1bf307c81a9bae2b51580ac2e5537e56fd2fb25779543976d7f26f,,
native_asset_package,SocietyKit,SK_Leather,SK_Leather,ThreeHearthsVillage/Content/ThreeHearths/Generated/SocietyKit/profession_smith_apron/SK_Leather.uasset,21547,a151f8bf810494e5cb2df9c63b089f9a006c8aa9a03fb00e8cfc3f75cb2ff54a,,
native_asset_package,SocietyKit,SK_Timber_Recess,SK_Timber_Recess,ThreeHearthsVillage/Content/ThreeHearths/Generated/SocietyKit/profession_smith_apron/SK_Timber_Recess.uasset,21613,68615568af68209b328d46bc06b9eb98b724b9b5a568a561cfc7c7a00aa20738,,
native_asset_package,SocietyKit,regalia_king_crown,国王皇冠,ThreeHearthsVillage/Content/ThreeHearths/Generated/SocietyKit/regalia_king_crown/regalia_king_crown.uasset,50681,a7c2e2ab242b9fb2bf7ac405bc72448105c17f037cfd9a815c3ab66288d3bc76,,
native_asset_package,SocietyKit,SK_Royal_Blue,SK_Royal_Blue,ThreeHearthsVillage/Content/ThreeHearths/Generated/SocietyKit/regalia_king_crown/SK_Royal_Blue.uasset,21536,a642c77800c2fd14ddc55885947bf17bb62841c1e58eaf72a4075fd887c5361a,,
native_asset_package,SocietyKit,SK_Royal_Gold,SK_Royal_Gold,ThreeHearthsVillage/Content/ThreeHearths/Generated/SocietyKit/regalia_king_crown/SK_Royal_Gold.uasset,21536,ce959e29c976d00632985275fca21cf2b308ea896cd1605f3dc6a4d3188fe2c6,,
native_asset_package,SocietyKit,SK_Royal_Red,SK_Royal_Red,ThreeHearthsVillage/Content/ThreeHearths/Generated/SocietyKit/regalia_king_crown/SK_Royal_Red.uasset,21525,5955ce00aec887b624bbf581714f3a86f4d5053457298dc5627c16f1e33b1ff7,,
native_asset_package,SocietyKit,SK_Cut_Oak,SK_Cut_Oak,ThreeHearthsVillage/Content/ThreeHearths/Generated/SocietyKit/tool_carpenter_hammer/SK_Cut_Oak.uasset,21536,a739480cfe01bfe00fc112b479269af9b9ffcc3cd3852802d75a9a5febe55791,,
native_asset_package,SocietyKit,SK_Forged_Iron,SK_Forged_Iron,ThreeHearthsVillage/Content/ThreeHearths/Generated/SocietyKit/tool_carpenter_hammer/SK_Forged_Iron.uasset,21580,c77cbb66e9c6e8f85c3e2c5d5ee70f1158a7ca363f506e230e3d495d53bcfddc,,
native_asset_package,SocietyKit,SK_Leather,SK_Leather,ThreeHearthsVillage/Content/ThreeHearths/Generated/SocietyKit/tool_carpenter_hammer/SK_Leather.uasset,21536,bd714103e0f2cfb47feba98eb6e734325b206c32f6606ea5ae1ceccca83565c3,,
native_asset_package,SocietyKit,tool_carpenter_hammer,木工锤,ThreeHearthsVillage/Content/ThreeHearths/Generated/SocietyKit/tool_carpenter_hammer/tool_carpenter_hammer.uasset,50005,d5d56256ea050d09e75def4aa0b03091195bc903fd0adf24662cda34109e8a9b,,
native_asset_package,SocietyKit,SK_Cut_Oak,SK_Cut_Oak,ThreeHearthsVillage/Content/ThreeHearths/Generated/SocietyKit/tool_carpenter_saw/SK_Cut_Oak.uasset,21503,4ec83819e870f60c699dd249a6116b2552174b4ddb7578a1711ec402a87b8902,,
native_asset_package,SocietyKit,SK_Forged_Iron,SK_Forged_Iron,ThreeHearthsVillage/Content/ThreeHearths/Generated/SocietyKit/tool_carpenter_saw/SK_Forged_Iron.uasset,21547,d16fe0ebb0594b8a25fa02ffc264ea01e61b1460b505b5b5cdb7454aaa257eb2,,
native_asset_package,SocietyKit,tool_carpenter_saw,木工锯,ThreeHearthsVillage/Content/ThreeHearths/Generated/SocietyKit/tool_carpenter_saw/tool_carpenter_saw.uasset,48400,521be8d1abc4fd3b4e95e0429bb9bea5330ceb4f5cd6cba3cb0c92f99fcc43a5,,
native_asset_package,SocietyKit,SK_Cut_Oak,SK_Cut_Oak,ThreeHearthsVillage/Content/ThreeHearths/Generated/SocietyKit/tool_mason_chisel/SK_Cut_Oak.uasset,21492,1f634b5bf1e39a1213dc8380309e964425f362987ddbf439ebd17e2c79463d1a,,
native_asset_package,SocietyKit,SK_Forged_Iron,SK_Forged_Iron,ThreeHearthsVillage/Content/ThreeHearths/Generated/SocietyKit/tool_mason_chisel/SK_Forged_Iron.uasset,21536,c5e73de18d8c18272e8d572362a5c6a1a36a6de4a03c782475b0a014a8daa72e,,
native_asset_package,SocietyKit,tool_mason_chisel,石匠凿,ThreeHearthsVillage/Content/ThreeHearths/Generated/SocietyKit/tool_mason_chisel/tool_mason_chisel.uasset,47096,a888787a37468a11b620fa9dd0a498a2093db90d5b88dc5032ddff0e219e9f72,,
native_asset_package,SocietyKit,SK_Cut_Oak,SK_Cut_Oak,ThreeHearthsVillage/Content/ThreeHearths/Generated/SocietyKit/tool_mason_trowel/SK_Cut_Oak.uasset,21492,d0a0bb69446eb28e2ac65435755f54899f77e5cc2d0af6199fa970d2dda9bcaa,,
native_asset_package,SocietyKit,SK_Forged_Iron,SK_Forged_Iron,ThreeHearthsVillage/Content/ThreeHearths/Generated/SocietyKit/tool_mason_trowel/SK_Forged_Iron.uasset,21536,af0e58516df0bf4d4d7458426746745ba385150d3384cc8d326796a030c49ff8,,
native_asset_package,SocietyKit,tool_mason_trowel,石匠抹刀,ThreeHearthsVillage/Content/ThreeHearths/Generated/SocietyKit/tool_mason_trowel/tool_mason_trowel.uasset,44869,5b9e82ba8590765cf8cf79a3748e8f0e8b6c578ed2740604d6edfada5210bade,,
native_asset_package,SocietyKit,SK_Amber_Lantern,SK_Amber_Lantern,ThreeHearthsVillage/Content/ThreeHearths/Generated/SocietyKit/village_lantern_post/SK_Amber_Lantern.uasset,21591,2fddbf53d8f604948e2d7569529cf78e1a0ae7f77de649c22d7b4977dc6db20f,,
native_asset_package,SocietyKit,SK_Chestnut,SK_Chestnut,ThreeHearthsVillage/Content/ThreeHearths/Generated/SocietyKit/village_lantern_post/SK_Chestnut.uasset,21536,04a91b8562f843911ed6c5d3fddcc223e6fdf315a21b3420d5015484235ca9aa,,
native_asset_package,SocietyKit,SK_Cut_Oak,SK_Cut_Oak,ThreeHearthsVillage/Content/ThreeHearths/Generated/SocietyKit/village_lantern_post/SK_Cut_Oak.uasset,21525,a09d22dc6b4f529348741bc625bfc06bac92256c923e12c5b49c7c871d24bb38,,
native_asset_package,SocietyKit,SK_Forged_Iron,SK_Forged_Iron,ThreeHearthsVillage/Content/ThreeHearths/Generated/SocietyKit/village_lantern_post/SK_Forged_Iron.uasset,21569,dffb3f67645a7a35b7233aafab0efd88511c20bd4ad318244c1ddbea9390b2ed,,
native_asset_package,SocietyKit,SK_Stone_Edge,SK_Stone_Edge,ThreeHearthsVillage/Content/ThreeHearths/Generated/SocietyKit/village_lantern_post/SK_Stone_Edge.uasset,21558,b4b704e03c7339c81dd46fe1fd8252530d5f7caa7efd26948a6fc4c1fcd23244,,
native_asset_package,SocietyKit,village_lantern_post,村庄灯柱,ThreeHearthsVillage/Content/ThreeHearths/Generated/SocietyKit/village_lantern_post/village_lantern_post.uasset,74830,40a9036a14291663d5c225bd46b9791507bbb5f541bf73808c650fa27f3aab61,,
native_asset_package,SocietyKit,SK_Brass,SK_Brass,ThreeHearthsVillage/Content/ThreeHearths/Generated/SocietyKit/village_notice_board/SK_Brass.uasset,21503,c29c2afaac5ecd20afbb7c4a98eb8783eee222e10ce44ed66c8cbc081b782cd2,,
native_asset_package,SocietyKit,SK_Chestnut,SK_Chestnut,ThreeHearthsVillage/Content/ThreeHearths/Generated/SocietyKit/village_notice_board/SK_Chestnut.uasset,21536,771db9c9321d4c9dbe55c7075956d3f34f8fd2d9a0c0861044c89cd019cca8a4,,
native_asset_package,SocietyKit,SK_Cut_Oak,SK_Cut_Oak,ThreeHearthsVillage/Content/ThreeHearths/Generated/SocietyKit/village_notice_board/SK_Cut_Oak.uasset,21525,8f82bad51dffabb426d63011fcfba40ae53c85550a25bca894cbf6df504a6141,,
native_asset_package,SocietyKit,SK_Honey_Plank,SK_Honey_Plank,ThreeHearthsVillage/Content/ThreeHearths/Generated/SocietyKit/village_notice_board/SK_Honey_Plank.uasset,21569,32f49663e5bb62fe310189ec7eecc300abba6d80fb70edbda4eaef1d47a7740a,,
native_asset_package,SocietyKit,SK_Parchment,SK_Parchment,ThreeHearthsVillage/Content/ThreeHearths/Generated/SocietyKit/village_notice_board/SK_Parchment.uasset,21547,ec99ecaf8ae296220221707e05510b4edee5dcfdb20131768c19a4ee1449e0c1,,
native_asset_package,SocietyKit,SK_Timber_Recess,SK_Timber_Recess,ThreeHearthsVillage/Content/ThreeHearths/Generated/SocietyKit/village_notice_board/SK_Timber_Recess.uasset,21591,53b936a79029e2b19ebc26701d7d916c59a50caed235f8fb5e02e652617ea577,,
native_asset_package,SocietyKit,village_notice_board,村庄告示牌,ThreeHearthsVillage/Content/ThreeHearths/Generated/SocietyKit/village_notice_board/village_notice_board.uasset,75303,88f68bfe53921052b6b29dcf0f1f65638771f32f71112207ed4c32dd748194c8,,
native_asset_package,SocietyKit,SK_BlueGrey_Stone,SK_BlueGrey_Stone,ThreeHearthsVillage/Content/ThreeHearths/Generated/SocietyKit/workshop_blacksmith_forge/SK_BlueGrey_Stone.uasset,21657,f42f087199a0951ea6dadb04bb2cc0e2079a142ed52e5e35e1dd2ad2777c13c8,,
native_asset_package,SocietyKit,SK_Charcoal,SK_Charcoal,ThreeHearthsVillage/Content/ThreeHearths/Generated/SocietyKit/workshop_blacksmith_forge/SK_Charcoal.uasset,21591,11ed915fb9e836e811b6f58e463f6001c29bfb0680aa8433fa88b070fb520ff4,,
native_asset_package,SocietyKit,SK_Chestnut,SK_Chestnut,ThreeHearthsVillage/Content/ThreeHearths/Generated/SocietyKit/workshop_blacksmith_forge/SK_Chestnut.uasset,21591,85e1ba3b7d65cdb1238bc0485180e855d67406bf325ae915e766c97530f5b49d,,
native_asset_package,SocietyKit,SK_Forged_Iron,SK_Forged_Iron,ThreeHearthsVillage/Content/ThreeHearths/Generated/SocietyKit/workshop_blacksmith_forge/SK_Forged_Iron.uasset,21624,c8df59c171ec947726e26d9f640db679357830d551286e218761d0b647e3ea9b,,
native_asset_package,SocietyKit,SK_Stone_Shadow,SK_Stone_Shadow,ThreeHearthsVillage/Content/ThreeHearths/Generated/SocietyKit/workshop_blacksmith_forge/SK_Stone_Shadow.uasset,21635,67e5521e76b67723536a087c3b63b08d24abaa76e3784ab786961d21b9a26589,,
native_asset_package,SocietyKit,workshop_blacksmith_forge,铁匠锻炉,ThreeHearthsVillage/Content/ThreeHearths/Generated/SocietyKit/workshop_blacksmith_forge/workshop_blacksmith_forge.uasset,73715,e8d7240cb1201adb69b76b386e2ad300855b65e4a8efb1c3ca9fd5e6ee6383a7,,
native_asset_package,SocietyKit,SK_Chestnut,SK_Chestnut,ThreeHearthsVillage/Content/ThreeHearths/Generated/SocietyKit/workshop_carpenter_station/SK_Chestnut.uasset,21602,839b3c329e112a65973a60e6dd37ee787d67240719942577dbe8d982d63f96d4,,
native_asset_package,SocietyKit,SK_Cut_Oak,SK_Cut_Oak,ThreeHearthsVillage/Content/ThreeHearths/Generated/SocietyKit/workshop_carpenter_station/SK_Cut_Oak.uasset,21591,911d024fb686f4f25ca4ce8f02235e9881a48024edcc5e9be96594689b9a2904,,
native_asset_package,SocietyKit,SK_Forged_Iron,SK_Forged_Iron,ThreeHearthsVillage/Content/ThreeHearths/Generated/SocietyKit/workshop_carpenter_station/SK_Forged_Iron.uasset,21635,0764381ec31c366caf6ab836f6e05f4294ef8413c7e1aa46e838badeda7bc1f2,,
native_asset_package,SocietyKit,SK_Honey_Plank,SK_Honey_Plank,ThreeHearthsVillage/Content/ThreeHearths/Generated/SocietyKit/workshop_carpenter_station/SK_Honey_Plank.uasset,21635,0cd6a2ef78cf6fa99f0f04ca5a099bbd4119dc4b95179b24ad7319f3e9539e57,,
native_asset_package,SocietyKit,SK_Timber_Recess,SK_Timber_Recess,ThreeHearthsVillage/Content/ThreeHearths/Generated/SocietyKit/workshop_carpenter_station/SK_Timber_Recess.uasset,21657,11572c166846bfd2654fc3bb5e977c782171d445218f47f188d222ea23456a47,,
native_asset_package,SocietyKit,workshop_carpenter_station,木工工位,ThreeHearthsVillage/Content/ThreeHearths/Generated/SocietyKit/workshop_carpenter_station/workshop_carpenter_station.uasset,93172,657e40ae2667f4df6ac721e6fe929560f874708ead78e74be1f315d2ba11051e,,
native_asset_package,SocietyKit,SK_BlueGrey_Stone,SK_BlueGrey_Stone,ThreeHearthsVillage/Content/ThreeHearths/Generated/SocietyKit/workshop_mason_station/SK_BlueGrey_Stone.uasset,21624,ee3097b188aba2f67fbea2a7f089c3857bde8c3270a0ca82cc05568c110eea6d,,
native_asset_package,SocietyKit,SK_Chestnut,SK_Chestnut,ThreeHearthsVillage/Content/ThreeHearths/Generated/SocietyKit/workshop_mason_station/SK_Chestnut.uasset,21558,7232302e425f2970aed788d609c23bde9e84f1e024c8fce56b5d7e5b1140b4ca,,
native_asset_package,SocietyKit,SK_Stone_Edge,SK_Stone_Edge,ThreeHearthsVillage/Content/ThreeHearths/Generated/SocietyKit/workshop_mason_station/SK_Stone_Edge.uasset,21580,26e784b24c6dee9d8a358647cf5187164eebd666f03f57620f231aadac846423,,
native_asset_package,SocietyKit,SK_Stone_Shadow,SK_Stone_Shadow,ThreeHearthsVillage/Content/ThreeHearths/Generated/SocietyKit/workshop_mason_station/SK_Stone_Shadow.uasset,21602,f62b8e62415872079b5db105eceede255482d3c93f6a149ea71a55bf64fcd31d,,
native_asset_package,SocietyKit,workshop_mason_station,石工工位,ThreeHearthsVillage/Content/ThreeHearths/Generated/SocietyKit/workshop_mason_station/workshop_mason_station.uasset,66344,830c3793acc1474f85424c6ea46d3e00ef44fc881b3544d8fba5f54dc40e8882,,
native_asset_package,SocietyKit,SK_Stone_Edge,SK_Stone_Edge,ThreeHearthsVillage/Content/ThreeHearths/Generated/SocietyKit/workshop_tile_kiln/SK_Stone_Edge.uasset,21536,7a2daa6e45bb06187b92dc435a50bbf096037b4b8cfa2a03e502998a995a288e,,
native_asset_package,SocietyKit,SK_Stone_Shadow,SK_Stone_Shadow,ThreeHearthsVillage/Content/ThreeHearths/Generated/SocietyKit/workshop_tile_kiln/SK_Stone_Shadow.uasset,21558,a572e954fb0cfca588c411b8f09722dd6ab22ce2b0fda8ba74194129d28d91ad,,
native_asset_package,SocietyKit,SK_Terracotta_1,SK_Terracotta_1,ThreeHearthsVillage/Content/ThreeHearths/Generated/SocietyKit/workshop_tile_kiln/SK_Terracotta_1.uasset,21554,66de4ca11f7e1ee4d1e463b4bfc7f9c844c49276ae6e3d48ad5121afbcb74377,,
native_asset_package,SocietyKit,SK_Terracotta_2,SK_Terracotta_2,ThreeHearthsVillage/Content/ThreeHearths/Generated/SocietyKit/workshop_tile_kiln/SK_Terracotta_2.uasset,21554,66d4677d14f73dd1809f2cd3a7480c76d3f887021deb1dbf18fbaf214cb9c5e4,,
native_asset_package,SocietyKit,SK_Terracotta_3,SK_Terracotta_3,ThreeHearthsVillage/Content/ThreeHearths/Generated/SocietyKit/workshop_tile_kiln/SK_Terracotta_3.uasset,21554,9485e49024c10ffd1ba84d8fe591fb2f30a2a153721e86e0ddf5707371d9dc23,,
native_asset_package,SocietyKit,SK_Timber_Recess,SK_Timber_Recess,ThreeHearthsVillage/Content/ThreeHearths/Generated/SocietyKit/workshop_tile_kiln/SK_Timber_Recess.uasset,21569,d8fd2829ccaf4a43f6d5147c4bbe4b885555ac102de3f28f66380d36209fab97,,
native_asset_package,SocietyKit,workshop_tile_kiln,烧瓦窑,ThreeHearthsVillage/Content/ThreeHearths/Generated/SocietyKit/workshop_tile_kiln/workshop_tile_kiln.uasset,82750,b51e23d81bc440c47c1647c6b983324b14e313023b3c5a8e8c3965b4f59d0ce5,,
native_asset_package,ToolKit,TK_Brass_Pin,TK_Brass_Pin,ThreeHearthsVillage/Content/ThreeHearths/Generated/ToolKit/tool_axe/TK_Brass_Pin.uasset,21217,f8f4f399d645c31985f5fd1fbdef6e40d49c0948f6e36c797683fc42862e1819,,
native_asset_package,ToolKit,TK_Cream_Grip_Wrap,TK_Cream_Grip_Wrap,ThreeHearthsVillage/Content/ThreeHearths/Generated/ToolKit/tool_axe/TK_Cream_Grip_Wrap.uasset,21283,33c92852fe59d483646ab8ea132bf03e2c68e9fab9126312349571d344faf030,,
native_asset_package,ToolKit,TK_Forged_Iron,TK_Forged_Iron,ThreeHearthsVillage/Content/ThreeHearths/Generated/ToolKit/tool_axe/TK_Forged_Iron.uasset,21239,74a9bea191e98902ab36bce2ada8119121e7df92ee9558f720a8df853a65d505,,
native_asset_package,ToolKit,TK_Iron_Recess,TK_Iron_Recess,ThreeHearthsVillage/Content/ThreeHearths/Generated/ToolKit/tool_axe/TK_Iron_Recess.uasset,21239,07712b03f770b2898d516e6be4d13064889f67896f9c05cc517cf4f3e2daaf62,,
native_asset_package,ToolKit,TK_Sharpened_Edge,TK_Sharpened_Edge,ThreeHearthsVillage/Content/ThreeHearths/Generated/ToolKit/tool_axe/TK_Sharpened_Edge.uasset,21272,e14a568fe8a5dd8d13c33eff33c6c383b28004853abd1847013443f32d0e244a,,
native_asset_package,ToolKit,TK_Timber_Recess,TK_Timber_Recess,ThreeHearthsVillage/Content/ThreeHearths/Generated/ToolKit/tool_axe/TK_Timber_Recess.uasset,21261,6c9256f9383eb957d57a96b8649f480ff6c03d994c1ea670779b83a6808c18d5,,
native_asset_package,ToolKit,TK_Warm_Oak,TK_Warm_Oak,ThreeHearthsVillage/Content/ThreeHearths/Generated/ToolKit/tool_axe/TK_Warm_Oak.uasset,21206,111b711cc3d868e921719aa9b04750965180ef135a5097335bfd6efa89abbd7f,,
native_asset_package,ToolKit,tool_axe,斧头,ThreeHearthsVillage/Content/ThreeHearths/Generated/ToolKit/tool_axe/tool_axe.uasset,79274,45042ed92a7bf3c8b046aef1c79c312e0399cdd1b204f99c39e3ef1760dabe6b,,
native_asset_package,ToolKit,TK_Brass_Pin,TK_Brass_Pin,ThreeHearthsVillage/Content/ThreeHearths/Generated/ToolKit/tool_hammer/TK_Brass_Pin.uasset,21250,7c6138345a42cec910a1076f4a4016d46688139affd0dc347ce13eca4feece5c,,
native_asset_package,ToolKit,TK_Cream_Grip_Wrap,TK_Cream_Grip_Wrap,ThreeHearthsVillage/Content/ThreeHearths/Generated/ToolKit/tool_hammer/TK_Cream_Grip_Wrap.uasset,21316,c1d5ef019f683b12bdb668710a3c29b5f253a05b42ebe30de05d5b5d431fe604,,
native_asset_package,ToolKit,TK_Cut_Edge,TK_Cut_Edge,ThreeHearthsVillage/Content/ThreeHearths/Generated/ToolKit/tool_hammer/TK_Cut_Edge.uasset,21239,b808e607ca4c930658869698e9ae5d5136f85e628004b7fe886490bdc509968a,,
native_asset_package,ToolKit,TK_Forged_Iron,TK_Forged_Iron,ThreeHearthsVillage/Content/ThreeHearths/Generated/ToolKit/tool_hammer/TK_Forged_Iron.uasset,21272,f36fe8d80c3cd7a63f0719de36423945fc058ba0c41117bace731fbd69c8264d,,
native_asset_package,ToolKit,TK_Sharpened_Edge,TK_Sharpened_Edge,ThreeHearthsVillage/Content/ThreeHearths/Generated/ToolKit/tool_hammer/TK_Sharpened_Edge.uasset,21305,a313ab9d28eeba35f908dff3315759b9328e43365b42cd8a229fef113a4de368,,
native_asset_package,ToolKit,TK_Timber_Recess,TK_Timber_Recess,ThreeHearthsVillage/Content/ThreeHearths/Generated/ToolKit/tool_hammer/TK_Timber_Recess.uasset,21294,d544846208785e303547bed27020f9b732bc32aae0b2b39587e33ff442f9e382,,
native_asset_package,ToolKit,TK_Warm_Oak,TK_Warm_Oak,ThreeHearthsVillage/Content/ThreeHearths/Generated/ToolKit/tool_hammer/TK_Warm_Oak.uasset,21239,e757d258870aad0fbb06a06188e2713dfb2ac2da7b65027c1175ac97b6d40663,,
native_asset_package,ToolKit,tool_hammer,铁锤,ThreeHearthsVillage/Content/ThreeHearths/Generated/ToolKit/tool_hammer/tool_hammer.uasset,79611,63caf7215a10d776289217be6345ff7ed0192461ea6e57c08b6810a9d9e6fb38,,
native_asset_package,ToolKit,TK_Brass_Pin,TK_Brass_Pin,ThreeHearthsVillage/Content/ThreeHearths/Generated/ToolKit/tool_hoe/TK_Brass_Pin.uasset,21228,ca5a06a9f7dc0bfb8847a91a3ededec55cc65deeeb77e3dbbb7ce6c76e7d758a,,
native_asset_package,ToolKit,TK_Cream_Grip_Wrap,TK_Cream_Grip_Wrap,ThreeHearthsVillage/Content/ThreeHearths/Generated/ToolKit/tool_hoe/TK_Cream_Grip_Wrap.uasset,21294,c588f27a365135ae63f008b1b67b01121da27d336e66a0ad53921e9cbb30a01d,,
native_asset_package,ToolKit,TK_Forged_Iron,TK_Forged_Iron,ThreeHearthsVillage/Content/ThreeHearths/Generated/ToolKit/tool_hoe/TK_Forged_Iron.uasset,21250,ab91df1f8d056453c8327dc8675d2497fc89e529ac27fe26d736893f0d2156f7,,
native_asset_package,ToolKit,TK_Sharpened_Edge,TK_Sharpened_Edge,ThreeHearthsVillage/Content/ThreeHearths/Generated/ToolKit/tool_hoe/TK_Sharpened_Edge.uasset,21283,48aaf09eb87bb018284944321b69568ab225237aa95fc651bab55c88a116c583,,
native_asset_package,ToolKit,TK_Timber_Recess,TK_Timber_Recess,ThreeHearthsVillage/Content/ThreeHearths/Generated/ToolKit/tool_hoe/TK_Timber_Recess.uasset,21272,84fb66ecf66d28552dd02578e309aad5afca03f66e670d814a6820fa6931defc,,
native_asset_package,ToolKit,TK_Warm_Oak,TK_Warm_Oak,ThreeHearthsVillage/Content/ThreeHearths/Generated/ToolKit/tool_hoe/TK_Warm_Oak.uasset,21217,9a913af8aa43259c5817646d4f7b58f3961ca1a08cbb30c9bb3c8d1639202073,,
native_asset_package,ToolKit,tool_hoe,锄头,ThreeHearthsVillage/Content/ThreeHearths/Generated/ToolKit/tool_hoe/tool_hoe.uasset,74994,c65e9181928cba557729c8c855021ca4e811b4a8979e6039dde9b06e10b60955,,
native_asset_package,ToolKit,TK_Cream_Grip_Wrap,TK_Cream_Grip_Wrap,ThreeHearthsVillage/Content/ThreeHearths/Generated/ToolKit/tool_mallet/TK_Cream_Grip_Wrap.uasset,21316,5cd5535cfe772621ccd247b2eb314c610f68164c1cae39c35250a1f44cc9d895,,
native_asset_package,ToolKit,TK_Cut_Edge,TK_Cut_Edge,ThreeHearthsVillage/Content/ThreeHearths/Generated/ToolKit/tool_mallet/TK_Cut_Edge.uasset,21239,f95b70c563f518ad23e10c006b2bb92b6ee5f885baf9b3eca019984144d8d293,,
native_asset_package,ToolKit,TK_Honey_Wood,TK_Honey_Wood,ThreeHearthsVillage/Content/ThreeHearths/Generated/ToolKit/tool_mallet/TK_Honey_Wood.uasset,21261,fef23bb53e8bdb944e0f1877fd55677083a96ed6332b7bfe7e93025ed529f914,,
native_asset_package,ToolKit,TK_Timber_Recess,TK_Timber_Recess,ThreeHearthsVillage/Content/ThreeHearths/Generated/ToolKit/tool_mallet/TK_Timber_Recess.uasset,21294,15fdaebfd651d2c57c535a603f27d7dd0f375ba5c11e430b8c0230d496ffa6d9,,
native_asset_package,ToolKit,TK_Warm_Oak,TK_Warm_Oak,ThreeHearthsVillage/Content/ThreeHearths/Generated/ToolKit/tool_mallet/TK_Warm_Oak.uasset,21239,400d571058f94b860a3cf374cad7a6054d716a72eb1a37158354bc484362f886,,
native_asset_package,ToolKit,tool_mallet,木槌,ThreeHearthsVillage/Content/ThreeHearths/Generated/ToolKit/tool_mallet/tool_mallet.uasset,68419,423e06316c4736a4d99b72143571340bf6bc00541b3de60b688964782fa10575,,
native_asset_package,ToolKit,TK_Brass_Pin,TK_Brass_Pin,ThreeHearthsVillage/Content/ThreeHearths/Generated/ToolKit/tool_pickaxe/TK_Brass_Pin.uasset,21261,efdf6aeb11a49584945970cc71589f79949dc4c3ee0f84414e8cd59c6246d401,,
native_asset_package,ToolKit,TK_Cream_Grip_Wrap,TK_Cream_Grip_Wrap,ThreeHearthsVillage/Content/ThreeHearths/Generated/ToolKit/tool_pickaxe/TK_Cream_Grip_Wrap.uasset,21327,f8f14739346835e5c9ff1ce2bf5e4185b8dc48c0a28818ca2b4b57c968739585,,
native_asset_package,ToolKit,TK_Forged_Iron,TK_Forged_Iron,ThreeHearthsVillage/Content/ThreeHearths/Generated/ToolKit/tool_pickaxe/TK_Forged_Iron.uasset,21283,74f471ace2d636e454ad8de8fa7656fec11220581c4332b70c0851422afb4f86,,
native_asset_package,ToolKit,TK_Sharpened_Edge,TK_Sharpened_Edge,ThreeHearthsVillage/Content/ThreeHearths/Generated/ToolKit/tool_pickaxe/TK_Sharpened_Edge.uasset,21316,b0d17c4544f4ea68f223724c8b0dcdb05f4b7e45fdb7cc194fe576175b8fba34,,
native_asset_package,ToolKit,TK_Timber_Recess,TK_Timber_Recess,ThreeHearthsVillage/Content/ThreeHearths/Generated/ToolKit/tool_pickaxe/TK_Timber_Recess.uasset,21305,14070baeb4cdcc195983643d93f19c28a1e79dbd194d962d12c9a130fad72b74,,
native_asset_package,ToolKit,TK_Warm_Oak,TK_Warm_Oak,ThreeHearthsVillage/Content/ThreeHearths/Generated/ToolKit/tool_pickaxe/TK_Warm_Oak.uasset,21250,148bbeec1b26fe2e9e34dbf1f36ffcfb73df5299ec4c9ab6b9c4e8065c6ee7ce,,
native_asset_package,ToolKit,tool_pickaxe,镐,ThreeHearthsVillage/Content/ThreeHearths/Generated/ToolKit/tool_pickaxe/tool_pickaxe.uasset,75669,c60b291e76a48ccaa6edb066de014a60075e1c01b2dcba7935f38adb114a432e,,
native_asset_package,ToolKit,TK_Brass_Pin,TK_Brass_Pin,ThreeHearthsVillage/Content/ThreeHearths/Generated/ToolKit/tool_saw/TK_Brass_Pin.uasset,21217,4254a9c7692e5a3191868b6e5ca8743d7885b77156115544915ece76b3e924ce,,
native_asset_package,ToolKit,TK_Cream_Grip_Wrap,TK_Cream_Grip_Wrap,ThreeHearthsVillage/Content/ThreeHearths/Generated/ToolKit/tool_saw/TK_Cream_Grip_Wrap.uasset,21283,08f4365f8e98797816fa24ae2c8f7c3a340f7a6ec7dea5a9e2edbca3dd3f522b,,
native_asset_package,ToolKit,TK_Forged_Iron,TK_Forged_Iron,ThreeHearthsVillage/Content/ThreeHearths/Generated/ToolKit/tool_saw/TK_Forged_Iron.uasset,21239,3616625bcfc6be5e13513154f2dcc2e86d1e604ecb5fd89c1044226bfbb7a425,,
native_asset_package,ToolKit,TK_Honey_Wood,TK_Honey_Wood,ThreeHearthsVillage/Content/ThreeHearths/Generated/ToolKit/tool_saw/TK_Honey_Wood.uasset,21228,c647e7ea31be10fa39f8f10408c15663f315e94f9f89f91a9efa0d8ed6a2cba1,,
native_asset_package,ToolKit,TK_Sharpened_Edge,TK_Sharpened_Edge,ThreeHearthsVillage/Content/ThreeHearths/Generated/ToolKit/tool_saw/TK_Sharpened_Edge.uasset,21272,09fc1d74ba6867774ae22858c216cf718c1fd3aabc814ccf90a9c31e425ee8a7,,
native_asset_package,ToolKit,tool_saw,手锯,ThreeHearthsVillage/Content/ThreeHearths/Generated/ToolKit/tool_saw/tool_saw.uasset,63448,c082e266cf3977dc90cd3b3e76c4cb6c220e9c35703e6b01afc27231881196ee,,
native_asset_package,ToolKit,TK_Brass_Pin,TK_Brass_Pin,ThreeHearthsVillage/Content/ThreeHearths/Generated/ToolKit/tool_shovel/TK_Brass_Pin.uasset,21261,7497b2cb60551b55a810a015153d215876b5738ea90f093bdec85034706b2d5f,,
native_asset_package,ToolKit,TK_Cream_Grip_Wrap,TK_Cream_Grip_Wrap,ThreeHearthsVillage/Content/ThreeHearths/Generated/ToolKit/tool_shovel/TK_Cream_Grip_Wrap.uasset,21327,2325b0f060a07865283007b7659fc75d866a566a53e3447e3813d1fc38f42f1d,,
native_asset_package,ToolKit,TK_Forged_Iron,TK_Forged_Iron,ThreeHearthsVillage/Content/ThreeHearths/Generated/ToolKit/tool_shovel/TK_Forged_Iron.uasset,21283,7a07f302e5338586dac1c40f1feb69a15ebfe0c47ffe2497e803e4fcf132964b,,
native_asset_package,ToolKit,TK_Iron_Recess,TK_Iron_Recess,ThreeHearthsVillage/Content/ThreeHearths/Generated/ToolKit/tool_shovel/TK_Iron_Recess.uasset,21283,219002cfb2132b1ff9063b2bc7caa11290b7cfecafae866747a1c717fb487305,,
native_asset_package,ToolKit,TK_Sharpened_Edge,TK_Sharpened_Edge,ThreeHearthsVillage/Content/ThreeHearths/Generated/ToolKit/tool_shovel/TK_Sharpened_Edge.uasset,21316,25b9387390e9800f8b108ef5a266fccb8b96eb2d90ddc5bc615e9bf014366b67,,
native_asset_package,ToolKit,TK_Timber_Recess,TK_Timber_Recess,ThreeHearthsVillage/Content/ThreeHearths/Generated/ToolKit/tool_shovel/TK_Timber_Recess.uasset,21305,c7c7a036104d3951d017c805aabdfed9a81977ddcc795887dc2f2575d09f2f62,,
native_asset_package,ToolKit,TK_Warm_Oak,TK_Warm_Oak,ThreeHearthsVillage/Content/ThreeHearths/Generated/ToolKit/tool_shovel/TK_Warm_Oak.uasset,21250,e52aa02d1475a4fc71658105e5da3f3cf18c42021563a52c9dd982cfaef788b7,,
native_asset_package,ToolKit,tool_shovel,铲子,ThreeHearthsVillage/Content/ThreeHearths/Generated/ToolKit/tool_shovel/tool_shovel.uasset,76587,8a56c3a635b272df635c7f3b7b7b7ef90f48711a3b278587a66770003d09da33,,
native_asset_package,ToolKit,TK_Brass_Pin,TK_Brass_Pin,ThreeHearthsVillage/Content/ThreeHearths/Generated/ToolKit/tool_trowel/TK_Brass_Pin.uasset,21261,07aa8eb2369cc91f59eba2c8cccf53b9a8799d36e7076b58c37c5ed44873eeca,,
native_asset_package,ToolKit,TK_Cream_Grip_Wrap,TK_Cream_Grip_Wrap,ThreeHearthsVillage/Content/ThreeHearths/Generated/ToolKit/tool_trowel/TK_Cream_Grip_Wrap.uasset,21327,9dd17a74c901e0c3048a62525c9a9a4363e5c67e7774210f73bad376386fd2af,,
native_asset_package,ToolKit,TK_Forged_Iron,TK_Forged_Iron,ThreeHearthsVillage/Content/ThreeHearths/Generated/ToolKit/tool_trowel/TK_Forged_Iron.uasset,21283,cefe1d91fe9483b235d718647db81c36871b2026b9804df84be673e6f77085ec,,
native_asset_package,ToolKit,TK_Sharpened_Edge,TK_Sharpened_Edge,ThreeHearthsVillage/Content/ThreeHearths/Generated/ToolKit/tool_trowel/TK_Sharpened_Edge.uasset,21316,f15627249172d9c97f4b60b23f34038ab6afdaeae26b22afa53c2a59e8dbad31,,
native_asset_package,ToolKit,TK_Timber_Recess,TK_Timber_Recess,ThreeHearthsVillage/Content/ThreeHearths/Generated/ToolKit/tool_trowel/TK_Timber_Recess.uasset,21305,e3c4e7666466f7142653314d4c5a2b835163867e9a14860a8376b4dbf150c205,,
native_asset_package,ToolKit,TK_Warm_Oak,TK_Warm_Oak,ThreeHearthsVillage/Content/ThreeHearths/Generated/ToolKit/tool_trowel/TK_Warm_Oak.uasset,21250,902c4cc35eb2e3eff769c2f1f86d6cbfc2b0aa02517ebc61990cdc0dad600ef2,,
native_asset_package,ToolKit,tool_trowel,砌筑抹刀,ThreeHearthsVillage/Content/ThreeHearths/Generated/ToolKit/tool_trowel/tool_trowel.uasset,70303,f4454d55d0836e302088aec5ba0dd0a15937f6c334d940d3d283e779f5295593,,
native_asset_package,VillageKit,beam_timber_2m,2米木梁,ThreeHearthsVillage/Content/ThreeHearths/Generated/VillageKit/beam_timber_2m/beam_timber_2m.uasset,60823,549efd70f617ee5b0e255588d41e7936dd3d622180d6cb7629f154ec46ede2b3,,
native_asset_package,VillageKit,VK_Chestnut,VK_Chestnut,ThreeHearthsVillage/Content/ThreeHearths/Generated/VillageKit/beam_timber_2m/VK_Chestnut.uasset,21296,dc456d4352e836994c956f9eb64c58aff4c73ef2f52caf23c5c5cbc423220fac,,
native_asset_package,VillageKit,bench_timber,木长凳,ThreeHearthsVillage/Content/ThreeHearths/Generated/VillageKit/bench_timber/bench_timber.uasset,77803,78dc5a03987b604db7ed57699a7a9c44a6c5459f92e8699fe329787b3e8997b0,,
native_asset_package,VillageKit,VK_Chestnut,VK_Chestnut,ThreeHearthsVillage/Content/ThreeHearths/Generated/VillageKit/bench_timber/VK_Chestnut.uasset,21288,33f7854b4d6e0ee7269037fe60090c28e93404bab2f713e1352681361f105778,,
native_asset_package,VillageKit,VK_Cut_Oak,VK_Cut_Oak,ThreeHearthsVillage/Content/ThreeHearths/Generated/VillageKit/bench_timber/VK_Cut_Oak.uasset,21277,681a58c96316449b92e80f97b68e264a2adcdd6ff7dc1484160bfdb8fd447a11,,
native_asset_package,VillageKit,VK_Honey_Plank,VK_Honey_Plank,ThreeHearthsVillage/Content/ThreeHearths/Generated/VillageKit/bench_timber/VK_Honey_Plank.uasset,21321,b19bf0485c26b35bf420f81616b952acca5c8e65148d686dd3287011626e4e5f,,
native_asset_package,VillageKit,canopy_slateblue_2m,蓝灰瓦雨棚,ThreeHearthsVillage/Content/ThreeHearths/Generated/VillageKit/canopy_slateblue_2m/canopy_slateblue_2m.uasset,109394,e5ea180e126900ad80700492fae7f074e2a18046f9eace28eeec62ab042cc399,,
native_asset_package,VillageKit,VK_Cut_Oak,VK_Cut_Oak,ThreeHearthsVillage/Content/ThreeHearths/Generated/VillageKit/canopy_slateblue_2m/VK_Cut_Oak.uasset,21354,b031bfb886d113cdf89e1a6ed2eb21ee91201cb2745714d61e1d39ebe15ecf78,,
native_asset_package,VillageKit,VK_SlateBlue_1,VK_SlateBlue_1,ThreeHearthsVillage/Content/ThreeHearths/Generated/VillageKit/canopy_slateblue_2m/VK_SlateBlue_1.uasset,21394,d145a38cea354ce97e7a157ad90c46e1a6f64c231cecedee1aa099a52a5d5c32,,
native_asset_package,VillageKit,VK_SlateBlue_2,VK_SlateBlue_2,ThreeHearthsVillage/Content/ThreeHearths/Generated/VillageKit/canopy_slateblue_2m/VK_SlateBlue_2.uasset,21394,e2117798882b4e7da00e392c0b02d4e240c2551aa002b9f664eec93e0feded12,,
native_asset_package,VillageKit,VK_SlateBlue_3,VK_SlateBlue_3,ThreeHearthsVillage/Content/ThreeHearths/Generated/VillageKit/canopy_slateblue_2m/VK_SlateBlue_3.uasset,21394,8ff584c1cd156a359e520c739fe51f7631d94b007446ff66443a378eba99d696,,
native_asset_package,VillageKit,VK_SlateBlue_4,VK_SlateBlue_4,ThreeHearthsVillage/Content/ThreeHearths/Generated/VillageKit/canopy_slateblue_2m/VK_SlateBlue_4.uasset,21394,4c0becfd4a84a0637926f29e677249b6487bf0e8b9a338df45692733dee610b9,,
native_asset_package,VillageKit,VK_Timber_Recess,VK_Timber_Recess,ThreeHearthsVillage/Content/ThreeHearths/Generated/VillageKit/canopy_slateblue_2m/VK_Timber_Recess.uasset,21420,6a652c821d0040e16380cdc8ca427b5d88ace440cf33e290c94a1e3273eedc06,,
native_asset_package,VillageKit,canopy_terracotta_2m,红陶瓦雨棚,ThreeHearthsVillage/Content/ThreeHearths/Generated/VillageKit/canopy_terracotta_2m/canopy_terracotta_2m.uasset,109644,0eb70522dd4af57b7c4e1d1f8a1995b206a2b8d181510478c746452adc890b0a,,
native_asset_package,VillageKit,VK_Cut_Oak,VK_Cut_Oak,ThreeHearthsVillage/Content/ThreeHearths/Generated/VillageKit/canopy_terracotta_2m/VK_Cut_Oak.uasset,21365,f146e066d5c1a1eec2ddd3768c6786f6ce0c2943a985551766c8a40a2dff95de,,
native_asset_package,VillageKit,VK_Terracotta_1,VK_Terracotta_1,ThreeHearthsVillage/Content/ThreeHearths/Generated/VillageKit/canopy_terracotta_2m/VK_Terracotta_1.uasset,21416,b07396a5ad3e4801f0915d41cf69b8373e4e9f598fae606a1452acea2d0bd86d,,
native_asset_package,VillageKit,VK_Terracotta_2,VK_Terracotta_2,ThreeHearthsVillage/Content/ThreeHearths/Generated/VillageKit/canopy_terracotta_2m/VK_Terracotta_2.uasset,21416,85a457229b8cb00ab00f3277fd5880d0f8b08b8fc3947cbbee1d4c657de2e431,,
native_asset_package,VillageKit,VK_Terracotta_3,VK_Terracotta_3,ThreeHearthsVillage/Content/ThreeHearths/Generated/VillageKit/canopy_terracotta_2m/VK_Terracotta_3.uasset,21416,4be8231d76cfa8c36a4b1053754efb485720e2da21662b629337cb47a407395a,,
native_asset_package,VillageKit,VK_Terracotta_4,VK_Terracotta_4,ThreeHearthsVillage/Content/ThreeHearths/Generated/VillageKit/canopy_terracotta_2m/VK_Terracotta_4.uasset,21416,c673079aeee7791bf8a866b7290b24366291a52a85f18c44d7ee4492aa219f26,,
native_asset_package,VillageKit,VK_Timber_Recess,VK_Timber_Recess,ThreeHearthsVillage/Content/ThreeHearths/Generated/VillageKit/canopy_terracotta_2m/VK_Timber_Recess.uasset,21431,5ea9dc7790e7662e2190699b580a6bf73d46f7278919b996cabd2c081b11c9a5,,
native_asset_package,VillageKit,carry_logs,搬运原木包,ThreeHearthsVillage/Content/ThreeHearths/Generated/VillageKit/carry_logs/carry_logs.uasset,117158,0183a8bc3269ae6da7ca98b0e9dc3fe0d00ab43b9379f92687debf07b22790f7,,
native_asset_package,VillageKit,VK_Chestnut,VK_Chestnut,ThreeHearthsVillage/Content/ThreeHearths/Generated/VillageKit/carry_logs/VK_Chestnut.uasset,21266,08db449a85239c8807e3a47b81d49cb17b77df728d8ce0c72f0b29a1b13982a9,,
native_asset_package,VillageKit,VK_Cut_Oak,VK_Cut_Oak,ThreeHearthsVillage/Content/ThreeHearths/Generated/VillageKit/carry_logs/VK_Cut_Oak.uasset,21255,e573942bb88e759dae124033a3db6d2e557bd4e04c2db16b6e66701c1b34581f,,
native_asset_package,VillageKit,VK_Hemp_Rope,VK_Hemp_Rope,ThreeHearthsVillage/Content/ThreeHearths/Generated/VillageKit/carry_logs/VK_Hemp_Rope.uasset,21277,d0711810ff4ec1cc16dbbd383efa0278fbdef9c2abf97b2d5310b28184df82d8,,
native_asset_package,VillageKit,VK_Honey_Plank,VK_Honey_Plank,ThreeHearthsVillage/Content/ThreeHearths/Generated/VillageKit/carry_logs/VK_Honey_Plank.uasset,21299,f4a1d537c3570d8aefd95e7e17809931f06bc047efddada6fc27baead914a696,,
native_asset_package,VillageKit,carry_planks,搬运木板包,ThreeHearthsVillage/Content/ThreeHearths/Generated/VillageKit/carry_planks/carry_planks.uasset,86744,1e6f9e1d14afe98ae81e39936bc3af9be7d3504e72248f77075fdeabe0562f09,,
native_asset_package,VillageKit,VK_Cut_Oak,VK_Cut_Oak,ThreeHearthsVillage/Content/ThreeHearths/Generated/VillageKit/carry_planks/VK_Cut_Oak.uasset,21277,9f394575e3ac37d164f9853523752a3745fdcf128fb95777705ceba793c9c691,,
native_asset_package,VillageKit,VK_Hemp_Rope,VK_Hemp_Rope,ThreeHearthsVillage/Content/ThreeHearths/Generated/VillageKit/carry_planks/VK_Hemp_Rope.uasset,21299,1bb84c0ed44038fb20ddcdcab35aecfb7b9360edbf45523b2f25b194c77ad608,,
native_asset_package,VillageKit,VK_Honey_Plank,VK_Honey_Plank,ThreeHearthsVillage/Content/ThreeHearths/Generated/VillageKit/carry_planks/VK_Honey_Plank.uasset,21321,445ace9e97100eedfb25971611bd83c8e33207b8c1d7e3ed2b107975a104b0fd,,
native_asset_package,VillageKit,carry_plaster,搬运灰浆桶,ThreeHearthsVillage/Content/ThreeHearths/Generated/VillageKit/carry_plaster/carry_plaster.uasset,93875,85521ba980460be463cd6fa26d9eca2c3dad04b8190a247b8886d5276d21eee9,,
native_asset_package,VillageKit,VK_Cream_Lime,VK_Cream_Lime,ThreeHearthsVillage/Content/ThreeHearths/Generated/VillageKit/carry_plaster/VK_Cream_Lime.uasset,21321,eb9eda40689bc59f5407ce87ff56135622ebadb834eb87cba7dcb6dad7831cf2,,
native_asset_package,VillageKit,VK_Cut_Oak,VK_Cut_Oak,ThreeHearthsVillage/Content/ThreeHearths/Generated/VillageKit/carry_plaster/VK_Cut_Oak.uasset,21288,e6fa218fc65658a294206b2769a59f33fd7abf0ab1695ab34a72836d974d37a0,,
native_asset_package,VillageKit,VK_Forged_Iron,VK_Forged_Iron,ThreeHearthsVillage/Content/ThreeHearths/Generated/VillageKit/carry_plaster/VK_Forged_Iron.uasset,21332,9fae7e29825b299e64464a440ceef8df0591717d27a3af93a5bf558044c3f847,,
native_asset_package,VillageKit,VK_Timber_Recess,VK_Timber_Recess,ThreeHearthsVillage/Content/ThreeHearths/Generated/VillageKit/carry_plaster/VK_Timber_Recess.uasset,21354,54eca4c18f9e4628e4899e1b1e5a28f1215e1f0d14d40f1ba1ee1211d5fdb6ea,,
native_asset_package,VillageKit,carry_stones,搬运石料箱,ThreeHearthsVillage/Content/ThreeHearths/Generated/VillageKit/carry_stones/carry_stones.uasset,110318,74c97f2c1d6c4ba0c1b134917c09b48527cd27f1ab396499bf2e84290e565b3f,,
native_asset_package,VillageKit,VK_BlueGrey_Stone,VK_BlueGrey_Stone,ThreeHearthsVillage/Content/ThreeHearths/Generated/VillageKit/carry_stones/VK_BlueGrey_Stone.uasset,21354,76b339100d1bb9b5b065db0f51a3c0d4ad38efc05cdb15a96946913876509940,,
native_asset_package,VillageKit,VK_Chestnut,VK_Chestnut,ThreeHearthsVillage/Content/ThreeHearths/Generated/VillageKit/carry_stones/VK_Chestnut.uasset,21288,cd837f9ad1a9ad482e9b12cf80aa8b6f9902791e91ef4a0b0601a4434b7609ef,,
native_asset_package,VillageKit,VK_Cut_Oak,VK_Cut_Oak,ThreeHearthsVillage/Content/ThreeHearths/Generated/VillageKit/carry_stones/VK_Cut_Oak.uasset,21277,0a3eb46231a5cde405755fae6b31d76667517f035d37a283ed4ee3a8e406d6d1,,
native_asset_package,VillageKit,VK_Honey_Plank,VK_Honey_Plank,ThreeHearthsVillage/Content/ThreeHearths/Generated/VillageKit/carry_stones/VK_Honey_Plank.uasset,21321,8c21e3f9eed5de5fcbb1a3637344a169ec032426e07cd37941400deed0d0a8f5,,
native_asset_package,VillageKit,VK_Stone_Edge,VK_Stone_Edge,ThreeHearthsVillage/Content/ThreeHearths/Generated/VillageKit/carry_stones/VK_Stone_Edge.uasset,21310,fa618c0f681ff2992cbdf85ae5b7489d5cabc128f1e55cd4f39cf71b36003c53,,
native_asset_package,VillageKit,VK_Stone_Shadow,VK_Stone_Shadow,ThreeHearthsVillage/Content/ThreeHearths/Generated/VillageKit/carry_stones/VK_Stone_Shadow.uasset,21332,c89eb8cf63efbbddaf32b8e979c513c22193f2ac434c23f8d28bf6e978599222,,
native_asset_package,VillageKit,carry_tiles,搬运瓦片箱,ThreeHearthsVillage/Content/ThreeHearths/Generated/VillageKit/carry_tiles/carry_tiles.uasset,113190,2e6039fec9b3f16f341c36c3aeb0e19bfed3efb324a7a13f617eabc0a42f27e6,,
native_asset_package,VillageKit,VK_Chestnut,VK_Chestnut,ThreeHearthsVillage/Content/ThreeHearths/Generated/VillageKit/carry_tiles/VK_Chestnut.uasset,21277,c5383948f20d80748691d4fd1cdbbc928cdcf6787dceda9e3ce280b026a6f598,,
native_asset_package,VillageKit,VK_Cut_Oak,VK_Cut_Oak,ThreeHearthsVillage/Content/ThreeHearths/Generated/VillageKit/carry_tiles/VK_Cut_Oak.uasset,21266,d1f4ba4442e122a77d142b0ee0b872b1434e48f68d93e8e407a55c536cbf18bd,,
native_asset_package,VillageKit,VK_Honey_Plank,VK_Honey_Plank,ThreeHearthsVillage/Content/ThreeHearths/Generated/VillageKit/carry_tiles/VK_Honey_Plank.uasset,21310,258b3f1a5a68d0211423af7c163bf0634538887e7c039d78b92d995b3c977cf3,,
native_asset_package,VillageKit,VK_Terracotta_1,VK_Terracotta_1,ThreeHearthsVillage/Content/ThreeHearths/Generated/VillageKit/carry_tiles/VK_Terracotta_1.uasset,21317,0c560858872eda4f80cc43820337038d86d9f2b465edf746ea1e9d1140fdbd3f,,
native_asset_package,VillageKit,VK_Terracotta_2,VK_Terracotta_2,ThreeHearthsVillage/Content/ThreeHearths/Generated/VillageKit/carry_tiles/VK_Terracotta_2.uasset,21317,ac5e151c4a0c830c6e2a900369d937dc4e1e48bd562f704a7a3a8c8d34b9abf7,,
native_asset_package,VillageKit,VK_Terracotta_3,VK_Terracotta_3,ThreeHearthsVillage/Content/ThreeHearths/Generated/VillageKit/carry_tiles/VK_Terracotta_3.uasset,21317,9cd458f97db14390ed3172a51a0def3b75ab7233112462271ce0e88beb74e49d,,
native_asset_package,VillageKit,VK_Terracotta_4,VK_Terracotta_4,ThreeHearthsVillage/Content/ThreeHearths/Generated/VillageKit/carry_tiles/VK_Terracotta_4.uasset,21317,5ca024c0a0f2cd1451eb00e7c3c1ae7d93141534610fc28e01a955541962817a,,
native_asset_package,VillageKit,door_oak,橡木门,ThreeHearthsVillage/Content/ThreeHearths/Generated/VillageKit/door_oak/door_oak.uasset,90104,d30afb9a03fb3569584126b07b68b3fe764320bd0525c3cbb8c405733cf57343,,
native_asset_package,VillageKit,VK_Brass,VK_Brass,ThreeHearthsVillage/Content/ThreeHearths/Generated/VillageKit/door_oak/VK_Brass.uasset,21211,324775b70e33ba6eae9cd555a4c9f3b58116544e3ed1ef0fb90cf198ec07ad76,,
native_asset_package,VillageKit,VK_Cut_Oak,VK_Cut_Oak,ThreeHearthsVillage/Content/ThreeHearths/Generated/VillageKit/door_oak/VK_Cut_Oak.uasset,21233,a86eaa85bcc9573b205181804f5c80b78a34c0664e7856c9e386597fb980f95e,,
native_asset_package,VillageKit,VK_Forged_Iron,VK_Forged_Iron,ThreeHearthsVillage/Content/ThreeHearths/Generated/VillageKit/door_oak/VK_Forged_Iron.uasset,21277,7e7d66d4bd75326f09c23e7fa39fb36062498b94efa79f8b2a43df7d77587529,,
native_asset_package,VillageKit,VK_Honey_Plank,VK_Honey_Plank,ThreeHearthsVillage/Content/ThreeHearths/Generated/VillageKit/door_oak/VK_Honey_Plank.uasset,21277,4323ddaf3913c5cfa046739b84bb406c31d2bdf8652d093dfbd3b530ab77fed7,,
native_asset_package,VillageKit,cottage_terracotta,红陶瓦灰泥小屋组合,ThreeHearthsVillage/Content/ThreeHearths/Generated/VillageKit/example__cottage_terracotta/cottage_terracotta.uasset,577062,e42c0ec234da3daa28ce14403968f1a7aa81fd3f7e71135a5fca3321e5d7f8bf,,
native_asset_package,VillageKit,VK_BlueGrey_Stone,VK_BlueGrey_Stone,ThreeHearthsVillage/Content/ThreeHearths/Generated/VillageKit/example__cottage_terracotta/VK_BlueGrey_Stone.uasset,21476,8c14cd8f5c6f4e4d96c7aea67f3f62da2589bd2198ac5db903b2306bbc268967,,
native_asset_package,VillageKit,VK_Brass,VK_Brass,ThreeHearthsVillage/Content/ThreeHearths/Generated/VillageKit/example__cottage_terracotta/VK_Brass.uasset,21377,3735090de76858add6d15988d96f30c92c7f756931e729c890a35d7a61f5c68a,,
native_asset_package,VillageKit,VK_Chestnut,VK_Chestnut,ThreeHearthsVillage/Content/ThreeHearths/Generated/VillageKit/example__cottage_terracotta/VK_Chestnut.uasset,21410,2f112116b1a43466215fd2fb8bfea6ce96a7efe9c960cf2ff85e55e00e83120e,,
native_asset_package,VillageKit,VK_Cream_Lime,VK_Cream_Lime,ThreeHearthsVillage/Content/ThreeHearths/Generated/VillageKit/example__cottage_terracotta/VK_Cream_Lime.uasset,21432,a83a5660615685f47c0f36f90684f7d1a2ae7a24afaba495365c8861195919e2,,
native_asset_package,VillageKit,VK_Cut_Oak,VK_Cut_Oak,ThreeHearthsVillage/Content/ThreeHearths/Generated/VillageKit/example__cottage_terracotta/VK_Cut_Oak.uasset,21399,3ea02f56b9935726d3a1bc1e717df493347ab2fc36b6c976d209e17dbe61ceda,,
native_asset_package,VillageKit,VK_Forged_Iron,VK_Forged_Iron,ThreeHearthsVillage/Content/ThreeHearths/Generated/VillageKit/example__cottage_terracotta/VK_Forged_Iron.uasset,21443,1934c92a69be129a065d5fdddc74169ebdb8a99b27a396ee269582f87b8799ba,,
native_asset_package,VillageKit,VK_Honey_Plank,VK_Honey_Plank,ThreeHearthsVillage/Content/ThreeHearths/Generated/VillageKit/example__cottage_terracotta/VK_Honey_Plank.uasset,21443,e134ffe6969ec085ed4bf584b3680493037a190e594e65dbc84bf1b390d9b8ca,,
native_asset_package,VillageKit,VK_Opaque_Window,VK_Opaque_Window,ThreeHearthsVillage/Content/ThreeHearths/Generated/VillageKit/example__cottage_terracotta/VK_Opaque_Window.uasset,21468,f06111a409d2cdc1a4912703a9015ccbf39ed14417e763b0518c8ffe7389199b,,
native_asset_package,VillageKit,VK_Sage_Paint,VK_Sage_Paint,ThreeHearthsVillage/Content/ThreeHearths/Generated/VillageKit/example__cottage_terracotta/VK_Sage_Paint.uasset,21435,a41d9429da8610c21262cccfaa1da44afec1e7487043927463150053ea0400cb,,
native_asset_package,VillageKit,VK_Stone_Edge,VK_Stone_Edge,ThreeHearthsVillage/Content/ThreeHearths/Generated/VillageKit/example__cottage_terracotta/VK_Stone_Edge.uasset,21432,374cd900058ad24fcb0c04d1c0209897d5cc38cdd818009a47bbdbabfb0d12b3,,
native_asset_package,VillageKit,VK_Stone_Shadow,VK_Stone_Shadow,ThreeHearthsVillage/Content/ThreeHearths/Generated/VillageKit/example__cottage_terracotta/VK_Stone_Shadow.uasset,21454,1e7c1aa8ae3a74233aae854d2672e8bd9d2d5776f04626a4dcc1dd1674535369,,
native_asset_package,VillageKit,VK_Terracotta_1,VK_Terracotta_1,ThreeHearthsVillage/Content/ThreeHearths/Generated/VillageKit/example__cottage_terracotta/VK_Terracotta_1.uasset,21450,3840471827ed57b84b5506936700d804dbe9fd6305a95d7e0fdcf21e0b6cd7e5,,
native_asset_package,VillageKit,VK_Terracotta_2,VK_Terracotta_2,ThreeHearthsVillage/Content/ThreeHearths/Generated/VillageKit/example__cottage_terracotta/VK_Terracotta_2.uasset,21453,9439e5ba963c42b7ae2ab417413b3d0d50b576b549e450cb0c0e4637f8bc1132,,
native_asset_package,VillageKit,VK_Terracotta_3,VK_Terracotta_3,ThreeHearthsVillage/Content/ThreeHearths/Generated/VillageKit/example__cottage_terracotta/VK_Terracotta_3.uasset,21453,0b0907557815720880c961e271e8a2a4da1c33a84b44f98537b4341ffa7b3a7e,,
native_asset_package,VillageKit,VK_Terracotta_4,VK_Terracotta_4,ThreeHearthsVillage/Content/ThreeHearths/Generated/VillageKit/example__cottage_terracotta/VK_Terracotta_4.uasset,21453,9a38d5c25b14a48d0104c070e87167ec33b97517e92d93db83e2d60140f679df,,
native_asset_package,VillageKit,VK_Timber_Recess,VK_Timber_Recess,ThreeHearthsVillage/Content/ThreeHearths/Generated/VillageKit/example__cottage_terracotta/VK_Timber_Recess.uasset,21468,e0c89ebff5d48709ac71d3a06e17899394ee12bb6dec712aa460ccad8a86d9d0,,
native_asset_package,VillageKit,longhouse_slateblue,蓝灰瓦木长屋组合,ThreeHearthsVillage/Content/ThreeHearths/Generated/VillageKit/example__longhouse_slateblue/longhouse_slateblue.uasset,820577,3c8e344cb822ffe350235abdbf119438aa415977467b215ec2e8e1868b4bcfc4,,
native_asset_package,VillageKit,VK_BlueGrey_Stone,VK_BlueGrey_Stone,ThreeHearthsVillage/Content/ThreeHearths/Generated/VillageKit/example__longhouse_slateblue/VK_BlueGrey_Stone.uasset,21487,5a9b2303f9b093a2f25db8b9e51c9a4cb2b6d4736447f7b4de2dd7077de3296e,,
native_asset_package,VillageKit,VK_Brass,VK_Brass,ThreeHearthsVillage/Content/ThreeHearths/Generated/VillageKit/example__longhouse_slateblue/VK_Brass.uasset,21388,ad920fa5c5220657ab3997607002c548242587abb1c81f95c6d6f69410836bff,,
native_asset_package,VillageKit,VK_Chestnut,VK_Chestnut,ThreeHearthsVillage/Content/ThreeHearths/Generated/VillageKit/example__longhouse_slateblue/VK_Chestnut.uasset,21421,775865ff5a51ac084fe6aca8b6008b865ea097a3dfde2edb87640b9ba955f385,,
native_asset_package,VillageKit,VK_Cut_Oak,VK_Cut_Oak,ThreeHearthsVillage/Content/ThreeHearths/Generated/VillageKit/example__longhouse_slateblue/VK_Cut_Oak.uasset,21410,d9d009ede790d13ba4852010eaecb92f0112ee823a3ac40f598f294f53acb070,,
native_asset_package,VillageKit,VK_Forged_Iron,VK_Forged_Iron,ThreeHearthsVillage/Content/ThreeHearths/Generated/VillageKit/example__longhouse_slateblue/VK_Forged_Iron.uasset,21454,a95975ef4ec1aa8136b93cd5f230b04de512a96475ed0a7e507d018a7d3cceff,,
native_asset_package,VillageKit,VK_Honey_Plank,VK_Honey_Plank,ThreeHearthsVillage/Content/ThreeHearths/Generated/VillageKit/example__longhouse_slateblue/VK_Honey_Plank.uasset,21454,7ce98d26d20eb8ae7b8f562d06c4e01adc0dcf4fa62f5029f87e13eaed512b66,,
native_asset_package,VillageKit,VK_Opaque_Window,VK_Opaque_Window,ThreeHearthsVillage/Content/ThreeHearths/Generated/VillageKit/example__longhouse_slateblue/VK_Opaque_Window.uasset,21479,ee0c34b0cd537e07e1e61d62edef220c8260fbc8c94e42995f50455ad2dfc4ad,,
native_asset_package,VillageKit,VK_Sage_Paint,VK_Sage_Paint,ThreeHearthsVillage/Content/ThreeHearths/Generated/VillageKit/example__longhouse_slateblue/VK_Sage_Paint.uasset,21446,889ff637ae0772968dda4c9e96ac701f542c489c217bd1a4d16e17a2991bcf9f,,
native_asset_package,VillageKit,VK_SlateBlue_1,VK_SlateBlue_1,ThreeHearthsVillage/Content/ThreeHearths/Generated/VillageKit/example__longhouse_slateblue/VK_SlateBlue_1.uasset,21450,986cee8f552006b402f23461572ebbfa2565b53d92b0e59fbd353897b2043d2b,,
native_asset_package,VillageKit,VK_SlateBlue_2,VK_SlateBlue_2,ThreeHearthsVillage/Content/ThreeHearths/Generated/VillageKit/example__longhouse_slateblue/VK_SlateBlue_2.uasset,21453,5fbc478966743105866ced0c0bbee598eb130e1cd6fb9726a91cdabe730614d7,,
native_asset_package,VillageKit,VK_SlateBlue_3,VK_SlateBlue_3,ThreeHearthsVillage/Content/ThreeHearths/Generated/VillageKit/example__longhouse_slateblue/VK_SlateBlue_3.uasset,21453,93317f57fabacb895dd90ed71dabf3b9fbcf2166b32c5ec5c3c2c82884f99625,,
native_asset_package,VillageKit,VK_SlateBlue_4,VK_SlateBlue_4,ThreeHearthsVillage/Content/ThreeHearths/Generated/VillageKit/example__longhouse_slateblue/VK_SlateBlue_4.uasset,21453,eecdeedd837d570a430b10b40ed09c5279a1c44af8902de0823e02904efb4646,,
native_asset_package,VillageKit,VK_Stone_Edge,VK_Stone_Edge,ThreeHearthsVillage/Content/ThreeHearths/Generated/VillageKit/example__longhouse_slateblue/VK_Stone_Edge.uasset,21443,3d1e8d71cce16ea584eed154d8039b1f2fab92a8cc2f3659af8766e291262df9,,
native_asset_package,VillageKit,VK_Stone_Shadow,VK_Stone_Shadow,ThreeHearthsVillage/Content/ThreeHearths/Generated/VillageKit/example__longhouse_slateblue/VK_Stone_Shadow.uasset,21465,13031161513c04c90e50f4a598f5162d8e2576be13ca0b1cc083fdac03c510b5,,
native_asset_package,VillageKit,VK_Timber_Recess,VK_Timber_Recess,ThreeHearthsVillage/Content/ThreeHearths/Generated/VillageKit/example__longhouse_slateblue/VK_Timber_Recess.uasset,21476,1a629d29591000d0417c8e3a577458ded7edf2f2a07d8d7ff1585c568437fd8e,,
native_asset_package,VillageKit,townhouse_terracotta,红陶瓦双层石屋组合,ThreeHearthsVillage/Content/ThreeHearths/Generated/VillageKit/example__townhouse_terracotta/townhouse_terracotta.uasset,1215182,fa7e987933b7445577c7148c2ecb9120cac68bba383f81e6ad01228ce49f94eb,,
native_asset_package,VillageKit,VK_BlueGrey_Stone,VK_BlueGrey_Stone,ThreeHearthsVillage/Content/ThreeHearths/Generated/VillageKit/example__townhouse_terracotta/VK_BlueGrey_Stone.uasset,21501,e5a52446566a5941730d778433cd4dbe4b21f833ed091e63e84ce1d50de8ad24,,
native_asset_package,VillageKit,VK_Brass,VK_Brass,ThreeHearthsVillage/Content/ThreeHearths/Generated/VillageKit/example__townhouse_terracotta/VK_Brass.uasset,21399,f3173391073bc82e17aacfe92516d7b9b4ade5f057b101789ca0ab22d0c79a5d,,
native_asset_package,VillageKit,VK_Chestnut,VK_Chestnut,ThreeHearthsVillage/Content/ThreeHearths/Generated/VillageKit/example__townhouse_terracotta/VK_Chestnut.uasset,21432,d0edcc127c0ae583192d3a4fa79e944f19f5463f46156b5127e9273d3c12a035,,
native_asset_package,VillageKit,VK_Cut_Oak,VK_Cut_Oak,ThreeHearthsVillage/Content/ThreeHearths/Generated/VillageKit/example__townhouse_terracotta/VK_Cut_Oak.uasset,21421,94b1c4d7006f2c9c27982e80e4acff3466fabedd98192f9653f52ecfa823cc97,,
native_asset_package,VillageKit,VK_Forged_Iron,VK_Forged_Iron,ThreeHearthsVillage/Content/ThreeHearths/Generated/VillageKit/example__townhouse_terracotta/VK_Forged_Iron.uasset,21465,06481095af1ddad8fec312e85836f77d4e3028094d33d2d105883dbc7de5357f,,
native_asset_package,VillageKit,VK_Honey_Plank,VK_Honey_Plank,ThreeHearthsVillage/Content/ThreeHearths/Generated/VillageKit/example__townhouse_terracotta/VK_Honey_Plank.uasset,21465,ea629e4b3bc2418dc75d120b453f2e10fc7b723caa63f0883f7369b26734f224,,
native_asset_package,VillageKit,VK_Opaque_Window,VK_Opaque_Window,ThreeHearthsVillage/Content/ThreeHearths/Generated/VillageKit/example__townhouse_terracotta/VK_Opaque_Window.uasset,21490,ebf467db16cc1eadb82a40c22c0f6fb1beab6b0df6078d73f8bf243b2169ed90,,
native_asset_package,VillageKit,VK_Sage_Paint,VK_Sage_Paint,ThreeHearthsVillage/Content/ThreeHearths/Generated/VillageKit/example__townhouse_terracotta/VK_Sage_Paint.uasset,21457,db8c80869bc45be80ded9f2684c76b17989eaef4d3e5b205c36438397124dce9,,
native_asset_package,VillageKit,VK_Stone_Edge,VK_Stone_Edge,ThreeHearthsVillage/Content/ThreeHearths/Generated/VillageKit/example__townhouse_terracotta/VK_Stone_Edge.uasset,21457,96db682a2cd7280c8cb1a993fc092ce6ad93a78243ec1e9faf7a9858667a89bb,,
native_asset_package,VillageKit,VK_Stone_Shadow,VK_Stone_Shadow,ThreeHearthsVillage/Content/ThreeHearths/Generated/VillageKit/example__townhouse_terracotta/VK_Stone_Shadow.uasset,21479,c27307d9fc67e6b034f7ce872525c93991b80b7e11bd7f5a612fd97b12acd1e9,,
native_asset_package,VillageKit,VK_Terracotta_1,VK_Terracotta_1,ThreeHearthsVillage/Content/ThreeHearths/Generated/VillageKit/example__townhouse_terracotta/VK_Terracotta_1.uasset,21472,80da0f0801bfdcc5bd62be8c1952895993f560d3b54434f978b0fb121e7df66c,,
native_asset_package,VillageKit,VK_Terracotta_2,VK_Terracotta_2,ThreeHearthsVillage/Content/ThreeHearths/Generated/VillageKit/example__townhouse_terracotta/VK_Terracotta_2.uasset,21472,e3b8525415f545c75d98f2aefc3c4e02725c816b6b974f01beb5d925c7081779,,
native_asset_package,VillageKit,VK_Terracotta_3,VK_Terracotta_3,ThreeHearthsVillage/Content/ThreeHearths/Generated/VillageKit/example__townhouse_terracotta/VK_Terracotta_3.uasset,21472,0f249c7eaf7c52d34aa511f7da6090a74cc230830d21027bba8b5a89d487afc1,,
native_asset_package,VillageKit,VK_Terracotta_4,VK_Terracotta_4,ThreeHearthsVillage/Content/ThreeHearths/Generated/VillageKit/example__townhouse_terracotta/VK_Terracotta_4.uasset,21472,ef724b262c81b96d16ed4669ab552aa6753f7d07433ec5df101657a421b239cd,,
native_asset_package,VillageKit,VK_Timber_Recess,VK_Timber_Recess,ThreeHearthsVillage/Content/ThreeHearths/Generated/VillageKit/example__townhouse_terracotta/VK_Timber_Recess.uasset,21487,38a35b910b37a8d0755b7724e324c52440814a203b5c3ac60e1fad3d2a39efcc,,
native_asset_package,VillageKit,floor_opening_2m,楼梯井开口楼板,ThreeHearthsVillage/Content/ThreeHearths/Generated/VillageKit/floor_opening_2m/floor_opening_2m.uasset,62617,ca4e8466505f5beb306adfd9ce750aef1ab32511a8b3db59ef0258a4c331ac7b,,
native_asset_package,VillageKit,VK_Chestnut,VK_Chestnut,ThreeHearthsVillage/Content/ThreeHearths/Generated/VillageKit/floor_opening_2m/VK_Chestnut.uasset,21332,8b0b7307f182167d1bc82c34b73b41acfe4147ccf4fd80ac105e7d915b852708,,
native_asset_package,VillageKit,floor_timber_2m,木楼板,ThreeHearthsVillage/Content/ThreeHearths/Generated/VillageKit/floor_timber_2m/floor_timber_2m.uasset,84364,042870a8c918a8e7ec47730d5919c91fa46d44dc3f3894289d4cf476daf7b879,,
native_asset_package,VillageKit,VK_Chestnut,VK_Chestnut,ThreeHearthsVillage/Content/ThreeHearths/Generated/VillageKit/floor_timber_2m/VK_Chestnut.uasset,21307,f155e97e9fc90cae4b71fa4033f2bc9f7c20e537b2713fa2a15e219aa1497e66,,
native_asset_package,VillageKit,VK_Cut_Oak,VK_Cut_Oak,ThreeHearthsVillage/Content/ThreeHearths/Generated/VillageKit/floor_timber_2m/VK_Cut_Oak.uasset,21296,38827c37581eb18b9937c840d8079299fe5cfa80dddc2a7e8124d6e036179048,,
native_asset_package,VillageKit,VK_Honey_Plank,VK_Honey_Plank,ThreeHearthsVillage/Content/ThreeHearths/Generated/VillageKit/floor_timber_2m/VK_Honey_Plank.uasset,21340,31478c2aa9cb6ce9f0fcd0967f1e0ff9326280967a7fd7f9461aec0b6eaad6f9,,
native_asset_package,VillageKit,foundation_stone_2m,石地基,ThreeHearthsVillage/Content/ThreeHearths/Generated/VillageKit/foundation_stone_2m/foundation_stone_2m.uasset,95966,e5bbd6eed03d5d8b2aac1f5cb12dd0ead41fe18c44335ff327addbe5aa3ade75,,
native_asset_package,VillageKit,VK_BlueGrey_Stone,VK_BlueGrey_Stone,ThreeHearthsVillage/Content/ThreeHearths/Generated/VillageKit/foundation_stone_2m/VK_BlueGrey_Stone.uasset,21417,152c6e94068413d9deb8f3f6bd86e4f77594462f82d2d3bbe7978ed8af4e1355,,
native_asset_package,VillageKit,VK_Stone_Edge,VK_Stone_Edge,ThreeHearthsVillage/Content/ThreeHearths/Generated/VillageKit/foundation_stone_2m/VK_Stone_Edge.uasset,21373,6005eafcded11379575ea050b68bac4b53d06f2e8d79195018f5359f37be2a1e,,
native_asset_package,VillageKit,VK_Stone_Shadow,VK_Stone_Shadow,ThreeHearthsVillage/Content/ThreeHearths/Generated/VillageKit/foundation_stone_2m/VK_Stone_Shadow.uasset,21395,e68fdbf480bd284a82a984f6dbf30d28de6edb72fb3c679d49261e766ec5fa73,,
native_asset_package,VillageKit,frame_timber_2m,木结构框架,ThreeHearthsVillage/Content/ThreeHearths/Generated/VillageKit/frame_timber_2m/frame_timber_2m.uasset,89023,424bea82aecaa0642aaf53a1e3b517046cd1317209f5c04e341c3bcd3c7141a5,,
native_asset_package,VillageKit,VK_Chestnut,VK_Chestnut,ThreeHearthsVillage/Content/ThreeHearths/Generated/VillageKit/frame_timber_2m/VK_Chestnut.uasset,21307,d2ae09301261263a4ff54688a0ebf94cea23d3874174dc2f3ab67f5314d4d15b,,
native_asset_package,VillageKit,VK_Cut_Oak,VK_Cut_Oak,ThreeHearthsVillage/Content/ThreeHearths/Generated/VillageKit/frame_timber_2m/VK_Cut_Oak.uasset,21296,fdbdc98c60587f3bf31b948aa5700ec8c369bef3d334d0febcdca768ee1ac053,,
native_asset_package,VillageKit,gable_plaster_4m,灰泥山墙,ThreeHearthsVillage/Content/ThreeHearths/Generated/VillageKit/gable_plaster_4m/gable_plaster_4m.uasset,81945,a3bf95b6469752c4dc04c6afe50314cbdb9c0f3fea2c29bb514a2a91fe601c5d,,
native_asset_package,VillageKit,VK_Chestnut,VK_Chestnut,ThreeHearthsVillage/Content/ThreeHearths/Generated/VillageKit/gable_plaster_4m/VK_Chestnut.uasset,21332,b9c8e4b3204c3be81087cc84f66a56562b351ff55f18e0daf88bc21c34f1cd71,,
native_asset_package,VillageKit,VK_Cream_Lime,VK_Cream_Lime,ThreeHearthsVillage/Content/ThreeHearths/Generated/VillageKit/gable_plaster_4m/VK_Cream_Lime.uasset,21354,8a76f8b71fd84c41d087ecd297b7da52e8446835d39398fc799a8e3bdb1dd14c,,
native_asset_package,VillageKit,VK_Cut_Oak,VK_Cut_Oak,ThreeHearthsVillage/Content/ThreeHearths/Generated/VillageKit/gable_plaster_4m/VK_Cut_Oak.uasset,21321,09560f0a4b7fac449e01a6d89d47d295a556c67d966c184b665ad2f249ec03cb,,
native_asset_package,VillageKit,gable_stone_4m,石山墙,ThreeHearthsVillage/Content/ThreeHearths/Generated/VillageKit/gable_stone_4m/gable_stone_4m.uasset,86933,14ac3773296fdd55682a7c0d6d8309a1cb4ffea9793f232849cc3d6d408b6ba9,,
native_asset_package,VillageKit,VK_BlueGrey_Stone,VK_BlueGrey_Stone,ThreeHearthsVillage/Content/ThreeHearths/Generated/VillageKit/gable_stone_4m/VK_BlueGrey_Stone.uasset,21376,38d386a67bcf41be1ad4e50e9a828344a8427a7bf4044af94af36cf761e7a860,,
native_asset_package,VillageKit,VK_Chestnut,VK_Chestnut,ThreeHearthsVillage/Content/ThreeHearths/Generated/VillageKit/gable_stone_4m/VK_Chestnut.uasset,21310,9cfce830374d9a640615991f619adaa2e7ab85723786ccd2f4368a89eed727da,,
native_asset_package,VillageKit,VK_Cut_Oak,VK_Cut_Oak,ThreeHearthsVillage/Content/ThreeHearths/Generated/VillageKit/gable_stone_4m/VK_Cut_Oak.uasset,21299,924472ef87f26cd3d88aa62f03cc9d0e34058ace3001caa1ba6060970a76f9a2,,
native_asset_package,VillageKit,VK_Stone_Shadow,VK_Stone_Shadow,ThreeHearthsVillage/Content/ThreeHearths/Generated/VillageKit/gable_stone_4m/VK_Stone_Shadow.uasset,21354,d98390c8ed07568e0bf4d222cd2b5029d771e26e982eaeafe4984942bb4a46fa,,
native_asset_package,VillageKit,gable_timber_4m,木山墙,ThreeHearthsVillage/Content/ThreeHearths/Generated/VillageKit/gable_timber_4m/gable_timber_4m.uasset,88651,2a2ebe0e2b98cdd4b4fb273a6f142ab1b54f718985d24fdf541af7ba273a9a53,,
native_asset_package,VillageKit,VK_Chestnut,VK_Chestnut,ThreeHearthsVillage/Content/ThreeHearths/Generated/VillageKit/gable_timber_4m/VK_Chestnut.uasset,21321,78331f0e4222d01da431b573f303944a8199bd03f0fcf3cf2f3a00034cf56867,,
native_asset_package,VillageKit,VK_Cut_Oak,VK_Cut_Oak,ThreeHearthsVillage/Content/ThreeHearths/Generated/VillageKit/gable_timber_4m/VK_Cut_Oak.uasset,21310,392e2b86b728d8db04eff09b0b705d6e0eff087637697748227460a9941a7fd0,,
native_asset_package,VillageKit,VK_Honey_Plank,VK_Honey_Plank,ThreeHearthsVillage/Content/ThreeHearths/Generated/VillageKit/gable_timber_4m/VK_Honey_Plank.uasset,21354,06b9bea36bddf102edfb848189b5649ebd055d63b8ad6871f1d16043734e069a,,
native_asset_package,VillageKit,VK_Timber_Recess,VK_Timber_Recess,ThreeHearthsVillage/Content/ThreeHearths/Generated/VillageKit/gable_timber_4m/VK_Timber_Recess.uasset,21376,ab6da5644525031e9662edac431f3f15267d974a6287fdf872b84ade0b36a5b4,,
native_asset_package,VillageKit,porch_post_timber,门廊木柱,ThreeHearthsVillage/Content/ThreeHearths/Generated/VillageKit/porch_post_timber/porch_post_timber.uasset,74992,bfd44711208bf5cf10f71d08f69b0a1978fb7485f04e4b8e0015382757fc5ae3,,
native_asset_package,VillageKit,VK_Chestnut,VK_Chestnut,ThreeHearthsVillage/Content/ThreeHearths/Generated/VillageKit/porch_post_timber/VK_Chestnut.uasset,21343,032094492b69537116fdf3b026643a7deb81825b239255bd967055c03c9c23b1,,
native_asset_package,VillageKit,VK_Cut_Oak,VK_Cut_Oak,ThreeHearthsVillage/Content/ThreeHearths/Generated/VillageKit/porch_post_timber/VK_Cut_Oak.uasset,21332,641c644637c21ea4243b45ad0d734550ac4546220a64fa21aa426e1dec6994d2,,
native_asset_package,VillageKit,VK_Stone_Edge,VK_Stone_Edge,ThreeHearthsVillage/Content/ThreeHearths/Generated/VillageKit/porch_post_timber/VK_Stone_Edge.uasset,21365,1786a211801a707ab3ca557a5a0eaecf590ee0ac30118952bf173b838f3a2166,,
native_asset_package,VillageKit,porch_steps_stone_2m,门廊石台阶,ThreeHearthsVillage/Content/ThreeHearths/Generated/VillageKit/porch_steps_stone_2m/porch_steps_stone_2m.uasset,65109,98fc152e68d66a2863e9706edb1b18d4f0c955d3200379f9a1890c6b33ad1fd5,,
native_asset_package,VillageKit,VK_Stone_Edge,VK_Stone_Edge,ThreeHearthsVillage/Content/ThreeHearths/Generated/VillageKit/porch_steps_stone_2m/VK_Stone_Edge.uasset,21398,93b15e4456a5d3026d4c5075b98f5f090dfaf66d0933c793a0f083ed98cd8956,,
native_asset_package,VillageKit,post_timber_2_4m,2.4米木柱,ThreeHearthsVillage/Content/ThreeHearths/Generated/VillageKit/post_timber_2_4m/post_timber_2_4m.uasset,60920,0ff5198b758ad5d35d9406ca259c06eacc8396820f3fabf8c0185325839426b7,,
native_asset_package,VillageKit,VK_Chestnut,VK_Chestnut,ThreeHearthsVillage/Content/ThreeHearths/Generated/VillageKit/post_timber_2_4m/VK_Chestnut.uasset,21318,b1d4e86b05dbfdd70ec30823fa14e2cbd2586a8608f90dc4bf152743e2e0190c,,
native_asset_package,VillageKit,railing_timber_2m,木栏杆,ThreeHearthsVillage/Content/ThreeHearths/Generated/VillageKit/railing_timber_2m/railing_timber_2m.uasset,82971,db4ce7e15907fec99d69f8ce208a8db1b4bed9875324b58cd5289de2bbec282e,,
native_asset_package,VillageKit,VK_Chestnut,VK_Chestnut,ThreeHearthsVillage/Content/ThreeHearths/Generated/VillageKit/railing_timber_2m/VK_Chestnut.uasset,21343,10258407af14f78e99092f65fbb2bf9eb343f177b1884ef63866c9ff5591978e,,
native_asset_package,VillageKit,VK_Cut_Oak,VK_Cut_Oak,ThreeHearthsVillage/Content/ThreeHearths/Generated/VillageKit/railing_timber_2m/VK_Cut_Oak.uasset,21332,9de21540d6f7689bf6e200207a4478c387e7c0c9097a8b9abd13632e4d20865d,,
native_asset_package,VillageKit,roof_ridge_slateblue_2m,蓝灰瓦屋脊,ThreeHearthsVillage/Content/ThreeHearths/Generated/VillageKit/roof_ridge_slateblue_2m/roof_ridge_slateblue_2m.uasset,78978,215a5dfdf49992f33e39f9165a38808d5c61becefd3034f5b555ab4634c7b002,,
native_asset_package,VillageKit,VK_SlateBlue_1,VK_SlateBlue_1,ThreeHearthsVillage/Content/ThreeHearths/Generated/VillageKit/roof_ridge_slateblue_2m/VK_SlateBlue_1.uasset,21438,1728d3c487ff881a0c9161a910e78e8fff9f380d9eea6c27ac40f27f1f6aa598,,
native_asset_package,VillageKit,VK_SlateBlue_2,VK_SlateBlue_2,ThreeHearthsVillage/Content/ThreeHearths/Generated/VillageKit/roof_ridge_slateblue_2m/VK_SlateBlue_2.uasset,21438,d1060274216159519adc661c26384632f8e9eba132aa4c24f48b4d0c85718e40,,
native_asset_package,VillageKit,VK_SlateBlue_3,VK_SlateBlue_3,ThreeHearthsVillage/Content/ThreeHearths/Generated/VillageKit/roof_ridge_slateblue_2m/VK_SlateBlue_3.uasset,21438,e681698cda65f06bf419e750ad76f160613a7b973d517a5b5500737e06c28636,,
native_asset_package,VillageKit,VK_SlateBlue_4,VK_SlateBlue_4,ThreeHearthsVillage/Content/ThreeHearths/Generated/VillageKit/roof_ridge_slateblue_2m/VK_SlateBlue_4.uasset,21438,548506965c0594345d68b0dcd6268eb5179355b85e51ee8f96c41fa6b139e95e,,
native_asset_package,VillageKit,roof_ridge_terracotta_2m,红陶瓦屋脊,ThreeHearthsVillage/Content/ThreeHearths/Generated/VillageKit/roof_ridge_terracotta_2m/roof_ridge_terracotta_2m.uasset,79168,e7376707d2276a7d228fe83fd86348bfcd28aa6af64ecf438bbdb72a2530dd8c,,
native_asset_package,VillageKit,VK_Terracotta_1,VK_Terracotta_1,ThreeHearthsVillage/Content/ThreeHearths/Generated/VillageKit/roof_ridge_terracotta_2m/VK_Terracotta_1.uasset,21460,186759622115263f976a1c094a626934666c4801a0e825fda9f6da3936c42b02,,
native_asset_package,VillageKit,VK_Terracotta_2,VK_Terracotta_2,ThreeHearthsVillage/Content/ThreeHearths/Generated/VillageKit/roof_ridge_terracotta_2m/VK_Terracotta_2.uasset,21460,8dd852491ddf1aa178cc9ec75816c5361bc9cf090f7ca8c6ce38c7bc19e2a910,,
native_asset_package,VillageKit,VK_Terracotta_3,VK_Terracotta_3,ThreeHearthsVillage/Content/ThreeHearths/Generated/VillageKit/roof_ridge_terracotta_2m/VK_Terracotta_3.uasset,21460,bfb1336783d84afd98e347962482b61c71594d0d8ef74cbd986ad1e7933e0006,,
native_asset_package,VillageKit,VK_Terracotta_4,VK_Terracotta_4,ThreeHearthsVillage/Content/ThreeHearths/Generated/VillageKit/roof_ridge_terracotta_2m/VK_Terracotta_4.uasset,21460,2c373d875de9dbf1037da29b30dda0535c9806d10d2e6ffcff59f93fae2dc6b0,,
native_asset_package,VillageKit,roof_ridge_timber_2m,木屋脊,ThreeHearthsVillage/Content/ThreeHearths/Generated/VillageKit/roof_ridge_timber_2m/roof_ridge_timber_2m.uasset,50491,bf32e23c017abe38f5cc756258a10dae135ed717ea0eb3c3ef9cde132f28b4f0,,
native_asset_package,VillageKit,VK_Timber_Shingle_1,VK_Timber_Shingle_1,ThreeHearthsVillage/Content/ThreeHearths/Generated/VillageKit/roof_ridge_timber_2m/VK_Timber_Shingle_1.uasset,21446,2d1da530d26afd016aef9b9cb71ac3cca06f329d96c22e7da0c0282bbf880974,,
native_asset_package,VillageKit,VK_Timber_Shingle_2,VK_Timber_Shingle_2,ThreeHearthsVillage/Content/ThreeHearths/Generated/VillageKit/roof_ridge_timber_2m/VK_Timber_Shingle_2.uasset,21446,764b2f1fd60e3521b465cc75d75f9f558fb35db2946d17d0772f3ffdc4f4f0c1,,
native_asset_package,VillageKit,VK_Timber_Shingle_3,VK_Timber_Shingle_3,ThreeHearthsVillage/Content/ThreeHearths/Generated/VillageKit/roof_ridge_timber_2m/VK_Timber_Shingle_3.uasset,21446,8d335d2f3d7408cfbcdf4c0b0a15411c4ae82c0ebe46cc2cd9edf7e85efa2769,,
native_asset_package,VillageKit,VK_Timber_Shingle_4,VK_Timber_Shingle_4,ThreeHearthsVillage/Content/ThreeHearths/Generated/VillageKit/roof_ridge_timber_2m/VK_Timber_Shingle_4.uasset,21446,ee563505febbb79435baf2124e5c750120bdfa0dcf3ee04c7946a0030e316182,,
native_asset_package,VillageKit,roof_slope_slateblue_2m,蓝灰瓦坡面,ThreeHearthsVillage/Content/ThreeHearths/Generated/VillageKit/roof_slope_slateblue_2m/roof_slope_slateblue_2m.uasset,128826,6aa7ec4f25afb4404958cea7c5b24959ae1a9ff59f14e4ef27b76e16de6be13a,,
native_asset_package,VillageKit,VK_Cut_Oak,VK_Cut_Oak,ThreeHearthsVillage/Content/ThreeHearths/Generated/VillageKit/roof_slope_slateblue_2m/VK_Cut_Oak.uasset,21398,110eaf9cd569cdf71b5bf046b21030392d57f3f9989e0289db875dccd4f3ae69,,
native_asset_package,VillageKit,VK_SlateBlue_1,VK_SlateBlue_1,ThreeHearthsVillage/Content/ThreeHearths/Generated/VillageKit/roof_slope_slateblue_2m/VK_SlateBlue_1.uasset,21438,5a0c06c379ce31e958470f91c689d787cd616564c11488009303ddfa7279c2b0,,
native_asset_package,VillageKit,VK_SlateBlue_2,VK_SlateBlue_2,ThreeHearthsVillage/Content/ThreeHearths/Generated/VillageKit/roof_slope_slateblue_2m/VK_SlateBlue_2.uasset,21438,0d313e36d476c1c528829c125642866491c838ad29705993c7d93c16723d5475,,
native_asset_package,VillageKit,VK_SlateBlue_3,VK_SlateBlue_3,ThreeHearthsVillage/Content/ThreeHearths/Generated/VillageKit/roof_slope_slateblue_2m/VK_SlateBlue_3.uasset,21438,05bf1c2ae34f80098cffdae3125ed2cf7f7cc1c1bca7793dc67abd0f99c09013,,
native_asset_package,VillageKit,VK_SlateBlue_4,VK_SlateBlue_4,ThreeHearthsVillage/Content/ThreeHearths/Generated/VillageKit/roof_slope_slateblue_2m/VK_SlateBlue_4.uasset,21438,d55ab3615b42d9a35c0fa0786b4da21bbab5c982a4d50a5bafd6d52892430ece,,
native_asset_package,VillageKit,VK_Timber_Recess,VK_Timber_Recess,ThreeHearthsVillage/Content/ThreeHearths/Generated/VillageKit/roof_slope_slateblue_2m/VK_Timber_Recess.uasset,21464,d237a9c0e03f4901fbc91a8c21ef3c950ede888dfe236f980ac04bf5f6ad2c75,,
native_asset_package,VillageKit,roof_slope_terracotta_2m,红陶瓦坡面,ThreeHearthsVillage/Content/ThreeHearths/Generated/VillageKit/roof_slope_terracotta_2m/roof_slope_terracotta_2m.uasset,129072,637ae6d8b1b9d8026a791af82e2d7e53e0d5b502814093c6382a3563785de803,,
native_asset_package,VillageKit,VK_Cut_Oak,VK_Cut_Oak,ThreeHearthsVillage/Content/ThreeHearths/Generated/VillageKit/roof_slope_terracotta_2m/VK_Cut_Oak.uasset,21409,deb9150dcbb2c170119d0299a979541dd4183eb70f12c8cd473d67e23b06f03e,,
native_asset_package,VillageKit,VK_Terracotta_1,VK_Terracotta_1,ThreeHearthsVillage/Content/ThreeHearths/Generated/VillageKit/roof_slope_terracotta_2m/VK_Terracotta_1.uasset,21460,44170bec96867f6a402f8b14b28885af1d0b13b267640110f0ff0999fa611f19,,
native_asset_package,VillageKit,VK_Terracotta_2,VK_Terracotta_2,ThreeHearthsVillage/Content/ThreeHearths/Generated/VillageKit/roof_slope_terracotta_2m/VK_Terracotta_2.uasset,21460,9087a16a31273ecf0d3359ca97d5132912cdda29bc27498ab70e5fac1df05751,,
native_asset_package,VillageKit,VK_Terracotta_3,VK_Terracotta_3,ThreeHearthsVillage/Content/ThreeHearths/Generated/VillageKit/roof_slope_terracotta_2m/VK_Terracotta_3.uasset,21460,739bba22172ff57af9a7a61c72770d8716d323bd85c1391681cf190c4df232ce,,
native_asset_package,VillageKit,VK_Terracotta_4,VK_Terracotta_4,ThreeHearthsVillage/Content/ThreeHearths/Generated/VillageKit/roof_slope_terracotta_2m/VK_Terracotta_4.uasset,21460,3766093ff61612ba146411e6aee90dd93b4bffb4034a7560191cda2c416bdfcf,,
native_asset_package,VillageKit,VK_Timber_Recess,VK_Timber_Recess,ThreeHearthsVillage/Content/ThreeHearths/Generated/VillageKit/roof_slope_terracotta_2m/VK_Timber_Recess.uasset,21475,096ce337a8d940a082402462c95829df40d1ebc25173994769b233fd2070b518,,
native_asset_package,VillageKit,roof_slope_timber_2m,木屋顶坡面,ThreeHearthsVillage/Content/ThreeHearths/Generated/VillageKit/roof_slope_timber_2m/roof_slope_timber_2m.uasset,98340,112aae8cc315d0804e5f5c0f0254a6f3cfc2b57af76f44fd3a53d635995c965a,,
native_asset_package,VillageKit,VK_Cut_Oak,VK_Cut_Oak,ThreeHearthsVillage/Content/ThreeHearths/Generated/VillageKit/roof_slope_timber_2m/VK_Cut_Oak.uasset,21351,a96c2ff3e1f8e22aa325a97491dd4e1192ecbf8abdf6c166252ae17608ec99d3,,
native_asset_package,VillageKit,VK_Timber_Recess,VK_Timber_Recess,ThreeHearthsVillage/Content/ThreeHearths/Generated/VillageKit/roof_slope_timber_2m/VK_Timber_Recess.uasset,21417,3061dae50b8d8cb18de97ab6344c340a28a17d453873925e159bea871dff314a,,
native_asset_package,VillageKit,VK_Timber_Shingle_1,VK_Timber_Shingle_1,ThreeHearthsVillage/Content/ThreeHearths/Generated/VillageKit/roof_slope_timber_2m/VK_Timber_Shingle_1.uasset,21446,e1d117498d41864810a1e1723896d629d3ff4de67fa01addd3379dbd52c5dd5b,,
native_asset_package,VillageKit,VK_Timber_Shingle_2,VK_Timber_Shingle_2,ThreeHearthsVillage/Content/ThreeHearths/Generated/VillageKit/roof_slope_timber_2m/VK_Timber_Shingle_2.uasset,21446,fbd570582aed42b5673d2386969ce22b1bbffc06bb212c6950d0635d84715ef9,,
native_asset_package,VillageKit,VK_Timber_Shingle_3,VK_Timber_Shingle_3,ThreeHearthsVillage/Content/ThreeHearths/Generated/VillageKit/roof_slope_timber_2m/VK_Timber_Shingle_3.uasset,21446,0674e79e5f8eedb049395fa532a2787a8c17acb5e77b1c4223524bc98d43b062,,
native_asset_package,VillageKit,VK_Timber_Shingle_4,VK_Timber_Shingle_4,ThreeHearthsVillage/Content/ThreeHearths/Generated/VillageKit/roof_slope_timber_2m/VK_Timber_Shingle_4.uasset,21446,1f336d5d0e599706e556c7e2c99130c2879e7261bdaa56e809e5002209208ebc,,
native_asset_package,VillageKit,shutter_sage,鼠尾草绿窗板,ThreeHearthsVillage/Content/ThreeHearths/Generated/VillageKit/shutter_sage/shutter_sage.uasset,82631,1ac8869f662b0ee8099458d660c37f620a9ad1f4e3fe049d969fe380ce961cd1,,
native_asset_package,VillageKit,VK_Cut_Oak,VK_Cut_Oak,ThreeHearthsVillage/Content/ThreeHearths/Generated/VillageKit/shutter_sage/VK_Cut_Oak.uasset,21277,2612a61921acf174d8b89585034a840e9c7b2b0dec3cec358fcb3fc2b01fbec5,,
native_asset_package,VillageKit,VK_Forged_Iron,VK_Forged_Iron,ThreeHearthsVillage/Content/ThreeHearths/Generated/VillageKit/shutter_sage/VK_Forged_Iron.uasset,21321,bf6c688ebdd3e5f392bb4a62b57252ea2555c54e6d618c01bdb5384d93a5aa0b,,
native_asset_package,VillageKit,VK_Sage_Paint,VK_Sage_Paint,ThreeHearthsVillage/Content/ThreeHearths/Generated/VillageKit/shutter_sage/VK_Sage_Paint.uasset,21310,28469f53d8946efb84cc82093e422381aa6b839240ebe0633d2ae5dca81a8342,,
native_asset_package,VillageKit,stairs_switchback_2x4m,折返楼梯,ThreeHearthsVillage/Content/ThreeHearths/Generated/VillageKit/stairs_switchback_2x4m/stairs_switchback_2x4m.uasset,94777,153c024889f4a9b259af34e6317c7589fd926fbd696b5061f6323bc562ee16fb,,
native_asset_package,VillageKit,VK_Chestnut,VK_Chestnut,ThreeHearthsVillage/Content/ThreeHearths/Generated/VillageKit/stairs_switchback_2x4m/VK_Chestnut.uasset,21398,31e99895fe9e642947e4065a7734b5fe6a61928f81711e40306906ad8b6851f0,,
native_asset_package,VillageKit,VK_Cut_Oak,VK_Cut_Oak,ThreeHearthsVillage/Content/ThreeHearths/Generated/VillageKit/stairs_switchback_2x4m/VK_Cut_Oak.uasset,21387,c8c6e7b3528509c2bc168c553d80fb9bb43a1369f773eeb02fc1a78fb8c15ad6,,
native_asset_package,VillageKit,VK_Honey_Plank,VK_Honey_Plank,ThreeHearthsVillage/Content/ThreeHearths/Generated/VillageKit/stairs_switchback_2x4m/VK_Honey_Plank.uasset,21431,8e0e60d64159052d7a9c3f37cf502c0957bec524d51c9aafb694a6b7e41db114,,
native_asset_package,VillageKit,table_communal,公共木桌,ThreeHearthsVillage/Content/ThreeHearths/Generated/VillageKit/table_communal/table_communal.uasset,86058,633a9e3726072d2cdc9b3b9b3e3816523eee0d0140bca392b5c126d5742c3e86,,
native_asset_package,VillageKit,VK_Chestnut,VK_Chestnut,ThreeHearthsVillage/Content/ThreeHearths/Generated/VillageKit/table_communal/VK_Chestnut.uasset,21310,810fd022c6be1f25e2bd12c5bc2fcdc5e07ea53b857381767ea68bff81a39d71,,
native_asset_package,VillageKit,VK_Cut_Oak,VK_Cut_Oak,ThreeHearthsVillage/Content/ThreeHearths/Generated/VillageKit/table_communal/VK_Cut_Oak.uasset,21299,86f8aa7cc08f7df8818ae0c922efc3b4a57ce9db19cddd343674f55bf97670a7,,
native_asset_package,VillageKit,VK_Honey_Plank,VK_Honey_Plank,ThreeHearthsVillage/Content/ThreeHearths/Generated/VillageKit/table_communal/VK_Honey_Plank.uasset,21343,6a9d9fe425c1bca8297297c2bb8da574991ccabe75750ec9a2557fd8f516e4c1,,
native_asset_package,VillageKit,VK_Cream_Lime,VK_Cream_Lime,ThreeHearthsVillage/Content/ThreeHearths/Generated/VillageKit/wall_door_plaster_2m/VK_Cream_Lime.uasset,21395,ee5f8bd5c52159760c4920fed487911542b6b59c87bc2c855b35df5bf5736fa2,,
native_asset_package,VillageKit,VK_Cut_Oak,VK_Cut_Oak,ThreeHearthsVillage/Content/ThreeHearths/Generated/VillageKit/wall_door_plaster_2m/VK_Cut_Oak.uasset,21362,fc4d16945106709a83d90a769f4265edf91270a14f894c98b9fcc05ea65cd98e,,
native_asset_package,VillageKit,wall_door_plaster_2m,带门洞灰泥墙,ThreeHearthsVillage/Content/ThreeHearths/Generated/VillageKit/wall_door_plaster_2m/wall_door_plaster_2m.uasset,75749,7862c6ed97a5a6c04b0d3f164e3e795d193f1f7e683dc2b3d24015d2b0b10c1c,,
native_asset_package,VillageKit,VK_BlueGrey_Stone,VK_BlueGrey_Stone,ThreeHearthsVillage/Content/ThreeHearths/Generated/VillageKit/wall_door_stone_2m/VK_BlueGrey_Stone.uasset,21420,d0d3e823fe935eb43c8e63c7566eeebb8b086286c96ef572710c3b4066517681,,
native_asset_package,VillageKit,VK_Cut_Oak,VK_Cut_Oak,ThreeHearthsVillage/Content/ThreeHearths/Generated/VillageKit/wall_door_stone_2m/VK_Cut_Oak.uasset,21343,3a5bee0cae716953355383a4fd85a3bb1696aaed357fd7a7867788f9dea0605c,,
native_asset_package,VillageKit,VK_Stone_Edge,VK_Stone_Edge,ThreeHearthsVillage/Content/ThreeHearths/Generated/VillageKit/wall_door_stone_2m/VK_Stone_Edge.uasset,21376,afa8ebb4fb1da743edce0ee678e610c24ba65a647b0409dc5408bb67c22fc9b4,,
native_asset_package,VillageKit,VK_Stone_Shadow,VK_Stone_Shadow,ThreeHearthsVillage/Content/ThreeHearths/Generated/VillageKit/wall_door_stone_2m/VK_Stone_Shadow.uasset,21398,d7028a7cb57b9e2a659861a8be0799ab5a9adcddd5f051a2e5e6172faf4214cd,,
native_asset_package,VillageKit,wall_door_stone_2m,带门洞石墙,ThreeHearthsVillage/Content/ThreeHearths/Generated/VillageKit/wall_door_stone_2m/wall_door_stone_2m.uasset,117539,b54b5d19c34388b89741e8f406cb7f738e5b7a3bc159e6407e8f8cabcf529df8,,
native_asset_package,VillageKit,VK_Cut_Oak,VK_Cut_Oak,ThreeHearthsVillage/Content/ThreeHearths/Generated/VillageKit/wall_door_timber_2m/VK_Cut_Oak.uasset,21351,543785806e498de418995a7a8fe6c1d5d78a15dedc8d6d2daea3019671b33ca2,,
native_asset_package,VillageKit,VK_Honey_Plank,VK_Honey_Plank,ThreeHearthsVillage/Content/ThreeHearths/Generated/VillageKit/wall_door_timber_2m/VK_Honey_Plank.uasset,21395,d3919dcf5e28a13888c5ddb568ec8f7025d53a1ffd7ed361f6678bde8858586b,,
native_asset_package,VillageKit,wall_door_timber_2m,带门洞木墙,ThreeHearthsVillage/Content/ThreeHearths/Generated/VillageKit/wall_door_timber_2m/wall_door_timber_2m.uasset,80869,c80226d9c477272b381cfdc589a216719752868532bd6bfdc00500f7e0564013,,
native_asset_package,VillageKit,VK_Cream_Lime,VK_Cream_Lime,ThreeHearthsVillage/Content/ThreeHearths/Generated/VillageKit/wall_plaster_2m/VK_Cream_Lime.uasset,21340,3495ccaea9d5ae27c0cbdd1dc7b05eb788784543adff6b688d939d9854ee3705,,
native_asset_package,VillageKit,wall_plaster_2m,灰泥实墙,ThreeHearthsVillage/Content/ThreeHearths/Generated/VillageKit/wall_plaster_2m/wall_plaster_2m.uasset,60890,f664e705dce478ec15d20a751bcfcb7e8fc4ab96b3d621fe9efacec65e5fb3b8,,
native_asset_package,VillageKit,VK_BlueGrey_Stone,VK_BlueGrey_Stone,ThreeHearthsVillage/Content/ThreeHearths/Generated/VillageKit/wall_stone_2m/VK_BlueGrey_Stone.uasset,21362,27caa181defd35027bb40c5df2acfc49b1d14d35bc0335d8aa68cf507fb22a96,,
native_asset_package,VillageKit,VK_Stone_Edge,VK_Stone_Edge,ThreeHearthsVillage/Content/ThreeHearths/Generated/VillageKit/wall_stone_2m/VK_Stone_Edge.uasset,21318,0099f7734a45933c0a7c7f301fe44a41f32ad8a8a6dbf351e68a0fe715a3aff5,,
native_asset_package,VillageKit,VK_Stone_Shadow,VK_Stone_Shadow,ThreeHearthsVillage/Content/ThreeHearths/Generated/VillageKit/wall_stone_2m/VK_Stone_Shadow.uasset,21340,00839f4cbd0b91cfa20a99548ad1695f9c6737e256ead0d29b100e6dcb559088,,
native_asset_package,VillageKit,wall_stone_2m,石实墙,ThreeHearthsVillage/Content/ThreeHearths/Generated/VillageKit/wall_stone_2m/wall_stone_2m.uasset,116959,a25d8c9c55e5f3701a547689af399cc95be184b9f23fd9737d77606dcc11116d,,
native_asset_package,VillageKit,VK_Cut_Oak,VK_Cut_Oak,ThreeHearthsVillage/Content/ThreeHearths/Generated/VillageKit/wall_timber_2m/VK_Cut_Oak.uasset,21296,ed49f108c0106497b163d45a6d16a756d5f5bc926a80b9149556532bdff07423,,
native_asset_package,VillageKit,VK_Honey_Plank,VK_Honey_Plank,ThreeHearthsVillage/Content/ThreeHearths/Generated/VillageKit/wall_timber_2m/VK_Honey_Plank.uasset,21340,ab62acb46bcf2677d2e11ab336e6813990d9091a5be3b31fe8f54520473175eb,,
native_asset_package,VillageKit,wall_timber_2m,木实墙,ThreeHearthsVillage/Content/ThreeHearths/Generated/VillageKit/wall_timber_2m/wall_timber_2m.uasset,75711,c5d568cce8c1e89ed0d65f44844953defc3a57ae0e1b851937f7dce18a3ecba7,,
native_asset_package,VillageKit,VK_Cream_Lime,VK_Cream_Lime,ThreeHearthsVillage/Content/ThreeHearths/Generated/VillageKit/wall_window_plaster_2m/VK_Cream_Lime.uasset,21420,22bc5ad6ff7cb5297ee4565651647282c9ece23d93632ee819d8b3396c1a90b5,,
native_asset_package,VillageKit,VK_Cut_Oak,VK_Cut_Oak,ThreeHearthsVillage/Content/ThreeHearths/Generated/VillageKit/wall_window_plaster_2m/VK_Cut_Oak.uasset,21387,33f8e2f822e3ff0044dd5975ac11f47d46d067090d0a4032312fdefe9b3241fc,,
native_asset_package,VillageKit,VK_Opaque_Window,VK_Opaque_Window,ThreeHearthsVillage/Content/ThreeHearths/Generated/VillageKit/wall_window_plaster_2m/VK_Opaque_Window.uasset,21453,05c791f7f3e9252cc3231bd1416feb24bec65bd78a775e4525bf163dc074f5b9,,
native_asset_package,VillageKit,VK_Stone_Edge,VK_Stone_Edge,ThreeHearthsVillage/Content/ThreeHearths/Generated/VillageKit/wall_window_plaster_2m/VK_Stone_Edge.uasset,21420,22a659e216fbbfa0b9e8fd0901c3973f2a4eef331d110ec018362e8ca980eca2,,
native_asset_package,VillageKit,wall_window_plaster_2m,带窗灰泥墙,ThreeHearthsVillage/Content/ThreeHearths/Generated/VillageKit/wall_window_plaster_2m/wall_window_plaster_2m.uasset,94166,8fc1c9bbada3def818fd2018d4dc5bf05a05d89e910a486d96f242c39eaf0040,,
native_asset_package,VillageKit,VK_BlueGrey_Stone,VK_BlueGrey_Stone,ThreeHearthsVillage/Content/ThreeHearths/Generated/VillageKit/wall_window_stone_2m/VK_BlueGrey_Stone.uasset,21442,8e4cf96edae2313a80f5dac0f38c8642eae38444e630c3df29d1014db1de85e4,,
native_asset_package,VillageKit,VK_Cut_Oak,VK_Cut_Oak,ThreeHearthsVillage/Content/ThreeHearths/Generated/VillageKit/wall_window_stone_2m/VK_Cut_Oak.uasset,21365,2ab137c52fdf5ed01e28ed9ff99321fdf2c7607854523a57c8a27862c5a18aa3,,
native_asset_package,VillageKit,VK_Opaque_Window,VK_Opaque_Window,ThreeHearthsVillage/Content/ThreeHearths/Generated/VillageKit/wall_window_stone_2m/VK_Opaque_Window.uasset,21431,896166e68781ea16d49e2befa1b0e08eb589ba187bf332f504b73d76cd3b4216,,
native_asset_package,VillageKit,VK_Stone_Edge,VK_Stone_Edge,ThreeHearthsVillage/Content/ThreeHearths/Generated/VillageKit/wall_window_stone_2m/VK_Stone_Edge.uasset,21398,6e5dede53ef845412b4329fce150ba2d32aaa7932064824ff6dea174da7cefab,,
native_asset_package,VillageKit,VK_Stone_Shadow,VK_Stone_Shadow,ThreeHearthsVillage/Content/ThreeHearths/Generated/VillageKit/wall_window_stone_2m/VK_Stone_Shadow.uasset,21420,af0c338b701556f287238f1ab06405390ecc948d95aaa904b445f549a87c33ca,,
native_asset_package,VillageKit,wall_window_stone_2m,带窗石墙,ThreeHearthsVillage/Content/ThreeHearths/Generated/VillageKit/wall_window_stone_2m/wall_window_stone_2m.uasset,137547,51c9a434b097e3e9ea55dc8d8bfc3b7f9b50757fa52caca277beb7342cbb89b0,,
native_asset_package,VillageKit,VK_Cut_Oak,VK_Cut_Oak,ThreeHearthsVillage/Content/ThreeHearths/Generated/VillageKit/wall_window_timber_2m/VK_Cut_Oak.uasset,21376,ba1752ab5d231a64a4ccd8917db1b070e118fa1df19da50db8932cd4dddab86f,,
native_asset_package,VillageKit,VK_Honey_Plank,VK_Honey_Plank,ThreeHearthsVillage/Content/ThreeHearths/Generated/VillageKit/wall_window_timber_2m/VK_Honey_Plank.uasset,21420,5a81e76cac8b74ba765dd9cbbd76d84ef0513c72f92566f3464dbf2c5c7297b2,,
native_asset_package,VillageKit,VK_Opaque_Window,VK_Opaque_Window,ThreeHearthsVillage/Content/ThreeHearths/Generated/VillageKit/wall_window_timber_2m/VK_Opaque_Window.uasset,21442,996b3a95fc6f26c170a41d4534d6413797cc14fddd64c929144d16975772adbf,,
native_asset_package,VillageKit,VK_Stone_Edge,VK_Stone_Edge,ThreeHearthsVillage/Content/ThreeHearths/Generated/VillageKit/wall_window_timber_2m/VK_Stone_Edge.uasset,21409,04c989746eb9c43559003dead2cf221fe4c5ef001e4d1bb36f02870dc677272c,,
native_asset_package,VillageKit,wall_window_timber_2m,带窗木墙,ThreeHearthsVillage/Content/ThreeHearths/Generated/VillageKit/wall_window_timber_2m/wall_window_timber_2m.uasset,108864,12b6e82b1df29a793fa1402cce2bd5d8bf09a5989b028a7984dbf7543e5515a3,,
native_asset_package,VillageKit,VK_Chestnut,VK_Chestnut,ThreeHearthsVillage/Content/ThreeHearths/Generated/VillageKit/workbench_carpenter/VK_Chestnut.uasset,21365,0037d9e15de6f75f3f06c80abcfa0a7373c37fd77aab34a544591ad2ab5030e0,,
native_asset_package,VillageKit,VK_Cut_Oak,VK_Cut_Oak,ThreeHearthsVillage/Content/ThreeHearths/Generated/VillageKit/workbench_carpenter/VK_Cut_Oak.uasset,21354,f976906d4d4ee7596d89de8289ffcdaa6a4754e2d21c6f173e7f4c456575a9e7,,
native_asset_package,VillageKit,VK_Forged_Iron,VK_Forged_Iron,ThreeHearthsVillage/Content/ThreeHearths/Generated/VillageKit/workbench_carpenter/VK_Forged_Iron.uasset,21398,48dbe0dfcf74f7d99c88b072325743f872b2dfc9f9c28ffcb2ab63322c160581,,
native_asset_package,VillageKit,VK_Honey_Plank,VK_Honey_Plank,ThreeHearthsVillage/Content/ThreeHearths/Generated/VillageKit/workbench_carpenter/VK_Honey_Plank.uasset,21398,024d8b9b3625f411734c3a720c58642094491217729873585383e70a158b2675,,
native_asset_package,VillageKit,VK_Timber_Recess,VK_Timber_Recess,ThreeHearthsVillage/Content/ThreeHearths/Generated/VillageKit/workbench_carpenter/VK_Timber_Recess.uasset,21420,f5291f1d9099bba18ad4c89baa097b6c0bf8b0ae42a0a26cedd08ccd415fa8dc,,
native_asset_package,VillageKit,workbench_carpenter,木工工作台,ThreeHearthsVillage/Content/ThreeHearths/Generated/VillageKit/workbench_carpenter/workbench_carpenter.uasset,108546,f05bf622c4725281b0f6a16bb4c0767d2d7fdb85929ca9fba67fcb54f88ad6fb,,
validation_capture,Validation,Appearance_Chop_Back,Appearance_Chop_Back,ThreeHearthsVillage/Docs/Validation/Appearance_Chop_Back.png,1243674,33ef8cbdd204d473e07d9287d38ca8e326f03b9475119482e6c8931e9a59507f,,
validation_capture,Validation,Appearance_Chop_Front,Appearance_Chop_Front,ThreeHearthsVillage/Docs/Validation/Appearance_Chop_Front.png,1278352,5d48f94e3237487d5b6a1d5aec433bb4171db6b9e4de2921a3b54fec1fb27347,,
validation_capture,Validation,Appearance_Walk_Front,Appearance_Walk_Front,ThreeHearthsVillage/Docs/Validation/Appearance_Walk_Front.png,1247893,ecb5b71c7a054965af7bf86c32fedda6a9d5c9528d46a716105017a477d3d6ff,,
validation_capture,Validation,private-tile-home-closeup,private-tile-home-closeup,ThreeHearthsVillage/Docs/Validation/Delivery_2026-09-07/private-tile-home-closeup.png,1868326,64bb8cedcf3d4b3b6fe132b564d717eb92fa7e94daf2aa89c939bcdaa3024273,,
validation_capture,Validation,ten-npc-three-plans,ten-npc-three-plans,ThreeHearthsVillage/Docs/Validation/Delivery_2026-09-07/ten-npc-three-plans.png,1602157,2fa65d224c14e0af587acc5b611985edc36c4a28b2835cd014aed64f31f4a412,,
validation_capture,Validation,tile-workshop-two-private-tile-homes,tile-workshop-two-private-tile-homes,ThreeHearthsVillage/Docs/Validation/Delivery_2026-09-07/tile-workshop-two-private-tile-homes.png,1716168,9f0d92064cf8c44512510310826545a099e59063afa2f2d65800db0e88332e9f,,
validation_capture,Validation,Economy_Runtime,Economy_Runtime,ThreeHearthsVillage/Docs/Validation/Economy_Runtime.png,1866227,8dfcd5fd340a964e74593ccc54ad75f50dec1690a9be3873d378fa1402002dd4,,
validation_capture,Validation,Modular_Cottage_Components_Runtime,Modular_Cottage_Components_Runtime,ThreeHearthsVillage/Docs/Validation/Modular_Cottage_Components_Runtime.png,1902995,0430f8830f4d2674bb8b9447e3b1f6e8d316fba8e6eb459800c20514a5de18c3,,
validation_capture,Validation,Modular_Cottage_Runtime,Modular_Cottage_Runtime,ThreeHearthsVillage/Docs/Validation/Modular_Cottage_Runtime.png,1854853,6001885e0efd554b4da40153c6fb117f3e01d3c0cdd15d5c6412b9607d3d5808,,
validation_capture,Validation,PIE_Import_Cottage,PIE_Import_Cottage,ThreeHearthsVillage/Docs/Validation/PIE_Import_Cottage.png,1138773,bcc1db0c4d308ea97821c288bb9e9502c2c3daa2ff4adfd677f5ed018c13d985,,
validation_capture,Validation,Social_Kimi_Bubble_1,Social_Kimi_Bubble_1,ThreeHearthsVillage/Docs/Validation/Social_Kimi_Bubble_1.png,1256576,73ee45cb99c6eb73a8b188fa2d7326d44bd3bcef65e403172aa5201d9efd7cd3,,
validation_capture,Validation,Social_Kimi_Bubble_2,Social_Kimi_Bubble_2,ThreeHearthsVillage/Docs/Validation/Social_Kimi_Bubble_2.png,1257301,f82d80b590f122cbbfe10e449fe6657ac2ca8e3e32ebf1eeedd4909076dd4ec1,,
validation_capture,Validation,Social_Local_Bubble,Social_Local_Bubble,ThreeHearthsVillage/Docs/Validation/Social_Local_Bubble.png,1124375,de96927d04e72dcde7ceb3427eb55e6fbfac9692b59d840077829412372d0c63,,
validation_capture,Validation,Social_Relationships,Social_Relationships,ThreeHearthsVillage/Docs/Validation/Social_Relationships.png,955816,88716fdf4f3eadf0901357e6b0380a0319e170eeac05c3303d17e1e26e7ba5e9,,
validation_capture,Validation,Tool_Action_Acceptance,Tool_Action_Acceptance,ThreeHearthsVillage/Docs/Validation/Tool_Action_Acceptance.png,1784944,c7fa91b92fe8d9cf1880c14fb5b8b948460dffd551f001846aeaf843a582c370,,
validation_capture,Validation,Wood_Production_Runtime,Wood_Production_Runtime,ThreeHearthsVillage/Docs/Validation/Wood_Production_Runtime.png,1731429,5bc50e8326d31aabd30cf8678c27c2606d9f15e76217a0c96ec266beeff67a85,,
legacy_project_art,public/art/boss-arena,excavator-hall-past,excavator-hall-past,public/art/boss-arena/excavator-hall-past.png,2304649,5262aafdbe8c9d3562bfcca8d5b1deb81b99087422ea3be9e16c1a7c3df62631,,
legacy_project_art,public/art/boss-arena,excavator-hall-present,excavator-hall-present,public/art/boss-arena/excavator-hall-present.png,2336845,f4dda34277a8f92f925b1a253f228d7ec7ab282a8b3bb2aeac79ff925266a39d,,
legacy_project_art,public/art/elevator,elevator-lab-far-2047-master,elevator-lab-far-2047-master,public/art/elevator/elevator-lab-far-2047-master.png,2839929,c4cd0fce72210e2c085c0b40ff3ebba202aafbf2b5ec845f93fa2975ce8a93db,,
legacy_project_art,public/art/elevator,elevator-lab-far-2147-master,elevator-lab-far-2147-master,public/art/elevator/elevator-lab-far-2147-master.png,2733515,ffefc3171ec8fabbb26458398346f59f1eeac1b9a2a5b346795bab514b8ca3ed,,
legacy_project_art,public/art/elevator,elevator-lab-mid-2047-master,elevator-lab-mid-2047-master,public/art/elevator/elevator-lab-mid-2047-master.png,914075,59241b28db97bf453f9820db23277ff63b96459dee45e1062d363cf3fbd2daaa,,
legacy_project_art,public/art/elevator,elevator-lab-mid-2147-master,elevator-lab-mid-2147-master,public/art/elevator/elevator-lab-mid-2147-master.png,892858,e56f5b210a8c93315b8e4437cd6fe5379fc88e7b8b610a3be83443a41dcda355,,
legacy_project_art,public/art/gate,surface-facility-right-extension-v2,surface-facility-right-extension-v2,public/art/gate/surface-facility-right-extension-v2.png,2445306,efb9b81b63c1c95d68daf4ec8f229dc3ee0012c4bae5d49e7dca7b860308a3f1,,
legacy_project_art,public/art/gate,surface-facility-shared,surface-facility-shared,public/art/gate/surface-facility-shared.png,2850406,c1654c14fdbb6c4d9c9122d5f7804109839ef4e07145b84e235ca083e4b29c0b,,
legacy_project_art,public/art/gate,surface-facility-transition-v2,surface-facility-transition-v2,public/art/gate/surface-facility-transition-v2.png,2371119,96e87becf5024ef7f0a7ce78b6c2424e8586f7f47b674720fd695ba93e79119d,,
legacy_project_art,public/art/gate,surface-models-master-v3,surface-models-master-v3,public/art/gate/surface-models-master-v3.png,1549669,75962840757d763365cb5fdd3e59509ff934816b727255372e9958d60f8e1215,,
legacy_project_art,public/art/gate,surface-terrain-only-v3,surface-terrain-only-v3,public/art/gate/surface-terrain-only-v3.png,2171609,3f791c172c8f050167608a007a008dde39216c642a2b389215a75c508f46abc8,,
legacy_project_art,public/art/lab,lab-2047-far,lab-2047-far,public/art/lab/lab-2047-far.png,833399,8645d908321d5747e1aee1461522001d26932a1b28129a681178fcdccb902da8,,
legacy_project_art,public/art/lab,lab-2047-longscroll,lab-2047-longscroll,public/art/lab/lab-2047-longscroll.png,2479000,444db484c58806c61149eca1e638a18d86f3c92aeec5bbcbc2b308cb82b94566,,
legacy_project_art,public/art/lab,lab-2047-mid,lab-2047-mid,public/art/lab/lab-2047-mid.png,1158574,e3384c4f1331e0fc5851e33933d4cd8e64645b24ea26e39d5455b3854df46574,,
legacy_project_art,public/art/lab,lab-2047-near,lab-2047-near,public/art/lab/lab-2047-near.png,430696,160cf50d0825900ecde5778581492383bae7ca77425a49bd6353af34b7d6a2d2,,
legacy_project_art,public/art/lab,lab-2147-far,lab-2147-far,public/art/lab/lab-2147-far.png,768700,1455cce8c3a0ef494b2e6a58b1e51f9a4c494a590df24c5e138dcfb1c2c83401,,
legacy_project_art,public/art/lab,lab-2147-longscroll,lab-2147-longscroll,public/art/lab/lab-2147-longscroll.png,2358344,dd10a3889d9154409b7f3da82ef838a56374e7a54b2bcbf94fbc3e856f982c49,,
legacy_project_art,public/art/lab,lab-2147-mid,lab-2147-mid,public/art/lab/lab-2147-mid.png,1110289,bca749de3945af9f15d144601eb7a939813c65220fc1a7d4536f79128fdd5bdc,,
legacy_project_art,public/art/lab,lab-2147-near,lab-2147-near,public/art/lab/lab-2147-near.png,417932,4b0afe310442283389dc0f8d1b00954ab6838130c5463418aae84d8baaaa2718,,
legacy_project_art,public/editor/assets/asset-1786172676762-7yyh4,v-1786172676762-direct-past,v-1786172676762-direct-past,public/editor/assets/asset-1786172676762-7yyh4/v-1786172676762-direct-past.png,472314,2d83e3ce063727e66f57f95fdb90ccc6c64d6c4517369eab08795089f5f857af,,
legacy_project_art,public/editor/assets/asset-1786172676762-7yyh4,v-1786172676762-direct-present,v-1786172676762-direct-present,public/editor/assets/asset-1786172676762-7yyh4/v-1786172676762-direct-present.png,564904,5961beaa15ef7ed53111801f0236b0f45834da85c4ac17a1023b4734d6b2007e,,
legacy_project_art,public/editor/assets/asset-1786172676762-7yyh4,v-1786172676762-past,v-1786172676762-past,public/editor/assets/asset-1786172676762-7yyh4/v-1786172676762-past.png,495563,c8ba1c9da9ef0cfd57800bbbe4c116a9c9917ebe4103788c14b6cb7845c51394,,
legacy_project_art,public/editor/assets/asset-1786172676762-7yyh4,v-1786172676762-present,v-1786172676762-present,public/editor/assets/asset-1786172676762-7yyh4/v-1786172676762-present.png,592302,7b2cc99a57c7719a743b413c7b00dd527510967d48132626244a43114db83f99,,
legacy_project_art,public/editor/assets/asset-1786172676762-7yyh4,v3-scene-match-past,v3-scene-match-past,public/editor/assets/asset-1786172676762-7yyh4/v3-scene-match-past.png,925217,03104ec4debaa26dc6b369bf48b78e5251850e2273de93be76532bf3b4197f6e,,
legacy_project_art,public/editor/assets/asset-1786172676762-7yyh4,v3-scene-match-present,v3-scene-match-present,public/editor/assets/asset-1786172676762-7yyh4/v3-scene-match-present.png,925217,03104ec4debaa26dc6b369bf48b78e5251850e2273de93be76532bf3b4197f6e,,
legacy_project_art,public/editor/assets/asset-1786172676762-7yyh4,v4-dual-era-present,v4-dual-era-present,public/editor/assets/asset-1786172676762-7yyh4/v4-dual-era-present.png,1721258,3c282ef3701606cf8949b604f8e49c5154becd5ea66d455854e478e65a55595d,,
legacy_project_art,public/editor/assets/scene-ceiling-cables,source-pair-alpha,source-pair-alpha,public/editor/assets/scene-ceiling-cables/source-pair-alpha.png,178734,ab7b0ab02812922e19da16b5349ffe5c56e84d68b7d7468988e65bc845352514,,
legacy_project_art,public/editor/assets/scene-ceiling-cables,source-pair,source-pair,public/editor/assets/scene-ceiling-cables/source-pair.png,1004199,4629b8bdea67377cfaf35eba734f9899130c34573a1588346149c06d04fea463,,
legacy_project_art,public/editor/assets/scene-ceiling-cables,v1-past,v1-past,public/editor/assets/scene-ceiling-cables/v1-past.png,78137,94670ed5ccc62f22e3ba8625eeb3626c430b6f646e2625efa1c22af70a0f4ee4,,
legacy_project_art,public/editor/assets/scene-ceiling-cables,v1-present,v1-present,public/editor/assets/scene-ceiling-cables/v1-present.png,83940,5491333f30b0d16b90f293855350efb3ee4e49281e171043392dbbe120085583,,
legacy_project_art,public/editor/assets/scene-ceiling-cables,v3-scene-match-past,v3-scene-match-past,public/editor/assets/scene-ceiling-cables/v3-scene-match-past.png,311138,8be0bbe6acf978035bd0da92d9e7d1fc5ae3ea110bb9840443a042347f702017,,
legacy_project_art,public/editor/assets/scene-ceiling-cables,v3-scene-match-present,v3-scene-match-present,public/editor/assets/scene-ceiling-cables/v3-scene-match-present.png,311138,8be0bbe6acf978035bd0da92d9e7d1fc5ae3ea110bb9840443a042347f702017,,
legacy_project_art,public/editor/assets/scene-ceiling-cables,v4-dual-era-present,v4-dual-era-present,public/editor/assets/scene-ceiling-cables/v4-dual-era-present.png,399973,c8df64bfcd8b4170575343500dbbb5e047e906b3fd9f25ccbd434bc8e8a7978b,,
legacy_project_art,public/editor/assets/scene-conveyor,source-pair-alpha,source-pair-alpha,public/editor/assets/scene-conveyor/source-pair-alpha.png,553804,60f6b993e06ffdf25d06366d1e851abc17e24c0223014637df9e036bb636a645,,
legacy_project_art,public/editor/assets/scene-conveyor,source-pair,source-pair,public/editor/assets/scene-conveyor/source-pair.png,1234945,d8424ec2a27ef0d99d300f8d4b77720573942ab3e0103810270e0cd6089386d8,,
legacy_project_art,public/editor/assets/scene-conveyor,v1-past,v1-past,public/editor/assets/scene-conveyor/v1-past.png,256416,a8ea19b119377b0b7deeb7184b54160e66ca4703d0ca2219c4415a74b13af524,,
legacy_project_art,public/editor/assets/scene-conveyor,v1-present,v1-present,public/editor/assets/scene-conveyor/v1-present.png,262039,53e2270be826f979d230679a7855a0fb3a762b903dcde746be0c785b61ee3220,,
legacy_project_art,public/editor/assets/scene-conveyor,v3-scene-match-past,v3-scene-match-past,public/editor/assets/scene-conveyor/v3-scene-match-past.png,832896,3a3b81765f9a3b5891196b7f830626e411e705e46b5485f6656541e4a511961a,,
legacy_project_art,public/editor/assets/scene-conveyor,v3-scene-match-present,v3-scene-match-present,public/editor/assets/scene-conveyor/v3-scene-match-present.png,832896,3a3b81765f9a3b5891196b7f830626e411e705e46b5485f6656541e4a511961a,,
legacy_project_art,public/editor/assets/scene-conveyor,v4-dual-era-present,v4-dual-era-present,public/editor/assets/scene-conveyor/v4-dual-era-present.png,1632308,f10964bff21dea7b537a5a925f72b30a7f48200669802c644823785514223588,,
legacy_project_art,public/editor/assets/scene-crusher,source-pair-alpha,source-pair-alpha,public/editor/assets/scene-crusher/source-pair-alpha.png,1185857,4c6fe97a1e37b09d1b8e05d11e377f916433f333c622147733cb368027c02830,,
legacy_project_art,public/editor/assets/scene-crusher,source-pair,source-pair,public/editor/assets/scene-crusher/source-pair.png,1625114,47ca3150b4fddb4c5218ecadb575c949474d31cad9d208bfad36e554c1c50dff,,
legacy_project_art,public/editor/assets/scene-crusher,v1-past,v1-past,public/editor/assets/scene-crusher/v1-past.png,533496,9cbe4943d82a8b61e21fe732f393368e01bc980477e8311d80ad3a79b0767ede,,
legacy_project_art,public/editor/assets/scene-crusher,v1-present,v1-present,public/editor/assets/scene-crusher/v1-present.png,567298,8b18b7f0f0c1c611930202898b413fa4e18c08ac2ef2275bfe7a3904b6ba5f8c,,
legacy_project_art,public/editor/assets/scene-crusher,v3-scene-match-past,v3-scene-match-past,public/editor/assets/scene-crusher/v3-scene-match-past.png,1751342,7a2882ca1a1cdb711f751fa387c016a706b7d78488fd82cf39731a953c1dfca8,,
legacy_project_art,public/editor/assets/scene-crusher,v3-scene-match-present,v3-scene-match-present,public/editor/assets/scene-crusher/v3-scene-match-present.png,1751342,7a2882ca1a1cdb711f751fa387c016a706b7d78488fd82cf39731a953c1dfca8,,
legacy_project_art,public/editor/assets/scene-crusher,v4-dual-era-present,v4-dual-era-present,public/editor/assets/scene-crusher/v4-dual-era-present.png,2543430,86864db654bfbdb6596c8fb638408bdf1884b224ade105721d6c504fb98fed08,,
legacy_project_art,public/editor/assets/scene-gate,source-pair-alpha,source-pair-alpha,public/editor/assets/scene-gate/source-pair-alpha.png,1281323,6867f0c64061fa1806a7df96a446fae8a217713a16242a89f98268d9c080fe9c,,
legacy_project_art,public/editor/assets/scene-gate,source-pair,source-pair,public/editor/assets/scene-gate/source-pair.png,1615403,3acc0cceb35b63ca8674424bd155488adeac8e1daad2cff4895d2dc9718ad82b,,
legacy_project_art,public/editor/assets/scene-gate,v1-past,v1-past,public/editor/assets/scene-gate/v1-past.png,589587,aab83f4ff04f0aea37aa6490fcf3572bcabc451ac2fb1acd173692dd4cb64edb,,
legacy_project_art,public/editor/assets/scene-gate,v1-present,v1-present,public/editor/assets/scene-gate/v1-present.png,614089,69eaa23bc68457fc5f1ea7991b0e776eabb013c1c3d407a497b0cd51b2d799a8,,
legacy_project_art,public/editor/assets/scene-gate,v3-scene-match-past,v3-scene-match-past,public/editor/assets/scene-gate/v3-scene-match-past.png,1065463,8893b4becc98fa0042117f17f411639b78d0b1d5210aaee3c0a5d3c762dbfc84,,
legacy_project_art,public/editor/assets/scene-gate,v3-scene-match-present,v3-scene-match-present,public/editor/assets/scene-gate/v3-scene-match-present.png,1065463,8893b4becc98fa0042117f17f411639b78d0b1d5210aaee3c0a5d3c762dbfc84,,
legacy_project_art,public/editor/assets/scene-gate,v4-dual-era-present,v4-dual-era-present,public/editor/assets/scene-gate/v4-dual-era-present.png,1539490,e254079720dd3b5de35dcf8c0b609a9a108cbc9fcc13be99da7ad3b2dda7b2a1,,
legacy_project_art,public/editor/assets/scene-gate-leaf,v3-scene-match-past,v3-scene-match-past,public/editor/assets/scene-gate-leaf/v3-scene-match-past.png,1044700,773488091e62965ec4f2f1a23b8846fe2eed5a04177405150a277f4a09132c1d,,
legacy_project_art,public/editor/assets/scene-gate-leaf,v3-scene-match-present,v3-scene-match-present,public/editor/assets/scene-gate-leaf/v3-scene-match-present.png,1044700,773488091e62965ec4f2f1a23b8846fe2eed5a04177405150a277f4a09132c1d,,
legacy_project_art,public/editor/assets/scene-gate-leaf,v4-dual-era-present,v4-dual-era-present,public/editor/assets/scene-gate-leaf/v4-dual-era-present.png,1793257,1b6b9a97e408568975b603319eb56c0e3239bec7d83009228d80f3dc2075b515,,
legacy_project_art,public/editor/assets/scene-maintenance,source-pair-alpha,source-pair-alpha,public/editor/assets/scene-maintenance/source-pair-alpha.png,606790,46c4235f6ac82ab69dc87684c923a3b74c0dab6c8276b04355be9ab90c1302e8,,
legacy_project_art,public/editor/assets/scene-maintenance,source-pair,source-pair,public/editor/assets/scene-maintenance/source-pair.png,1292928,881a56d2c1d0e0170327bcdd1b32fe8c75806917b215afcedc83d3a1f2c8b00c,,
legacy_project_art,public/editor/assets/scene-maintenance,v1-past,v1-past,public/editor/assets/scene-maintenance/v1-past.png,276986,e44bd6be9e7d4b6cc17aa9db5d12d082c34499e13b1e41223273d07b71618f00,,
legacy_project_art,public/editor/assets/scene-maintenance,v1-present,v1-present,public/editor/assets/scene-maintenance/v1-present.png,282711,e70d9e3ef0e7642f4dfd7fd6cb1fddd7dc8ad1b62984972122378cbc8b93661e,,
legacy_project_art,public/editor/assets/scene-maintenance,v3-scene-match-past,v3-scene-match-past,public/editor/assets/scene-maintenance/v3-scene-match-past.png,1026725,dbb53ee972b33f01154cfa732398dbfa1d0cde0763ff0eec999cf9dec1c78b13,,
legacy_project_art,public/editor/assets/scene-maintenance,v3-scene-match-present,v3-scene-match-present,public/editor/assets/scene-maintenance/v3-scene-match-present.png,1026725,dbb53ee972b33f01154cfa732398dbfa1d0cde0763ff0eec999cf9dec1c78b13,,
legacy_project_art,public/editor/assets/scene-maintenance,v4-dual-era-present,v4-dual-era-present,public/editor/assets/scene-maintenance/v4-dual-era-present.png,1439249,77eeff7f335daa68db9b807b5243635768cf0a95a54d1d6f28c46f2d983cd5c1,,
legacy_project_art,public/editor/assets/scene-rails,source-pair-alpha,source-pair-alpha,public/editor/assets/scene-rails/source-pair-alpha.png,227694,6f4d15718644e19caad57b5c91522c935c81b641bc729fb10980a83fe5621c88,,
legacy_project_art,public/editor/assets/scene-rails,source-pair,source-pair,public/editor/assets/scene-rails/source-pair.png,1015674,3f25f78bb8b700aa1ae56a2d94b0baa321652b10ecee931076a5a6f83228ba3d,,
legacy_project_art,public/editor/assets/scene-rails,v1-past,v1-past,public/editor/assets/scene-rails/v1-past.png,103837,29728ed6da5c983206680d019d35e94a19343abc232cadbdab5d47db9ef010d2,,
legacy_project_art,public/editor/assets/scene-rails,v1-present,v1-present,public/editor/assets/scene-rails/v1-present.png,104811,422e602a31186e2c1a01cf883a8925f93687dba9d4d6a7d7db035111073011f3,,
legacy_project_art,public/editor/assets/scene-rails,v3-scene-match-past,v3-scene-match-past,public/editor/assets/scene-rails/v3-scene-match-past.png,367526,b2d03f8eb2cb7ca92d5c54cc95d9f86fce733b3e9e42f2578730aee080d57e0a,,
legacy_project_art,public/editor/assets/scene-rails,v3-scene-match-present,v3-scene-match-present,public/editor/assets/scene-rails/v3-scene-match-present.png,367526,b2d03f8eb2cb7ca92d5c54cc95d9f86fce733b3e9e42f2578730aee080d57e0a,,
legacy_project_art,public/editor/assets/scene-rails,v4-dual-era-present,v4-dual-era-present,public/editor/assets/scene-rails/v4-dual-era-present.png,390673,393921d7bf5eabed3f8a9b9d356ead281d71cda7520d68b820a4f441f93abb6a,,
legacy_project_art,public/editor/assets/scene-shaft,source-pair-alpha,source-pair-alpha,public/editor/assets/scene-shaft/source-pair-alpha.png,710130,9a6da9ac2c51a0d34444633eb9627f03160b266d9d7b962441a1f0229335ed37,,
legacy_project_art,public/editor/assets/scene-shaft,source-pair,source-pair,public/editor/assets/scene-shaft/source-pair.png,1377584,b28a47d129965cca5593494ddb981691a32f9fd2bdafd61108d145a97932d6ee,,
legacy_project_art,public/editor/assets/scene-shaft,v1-past,v1-past,public/editor/assets/scene-shaft/v1-past.png,319693,2558a1180f27c202a57a07d8f7ee9434ed3f5081c8def4aa02017458927fee10,,
legacy_project_art,public/editor/assets/scene-shaft,v1-present,v1-present,public/editor/assets/scene-shaft/v1-present.png,328824,253e7613e3676e39a4be44072f9cc793e5fdbc644872e46b1858539f8bc961d5,,
legacy_project_art,public/editor/assets/scene-shaft,v3-scene-match-past,v3-scene-match-past,public/editor/assets/scene-shaft/v3-scene-match-past.png,938111,63d7913775925fa7d3fc556897ccf460266780df5a6c0f16fa66ad9f239199c3,,
legacy_project_art,public/editor/assets/scene-shaft,v3-scene-match-present,v3-scene-match-present,public/editor/assets/scene-shaft/v3-scene-match-present.png,938111,63d7913775925fa7d3fc556897ccf460266780df5a6c0f16fa66ad9f239199c3,,
legacy_project_art,public/editor/assets/scene-shaft,v4-dual-era-present,v4-dual-era-present,public/editor/assets/scene-shaft/v4-dual-era-present.png,1283018,60144903ab96b88d73694738eaa626aa1a46845770e52761e291f82a25f73f42,,
legacy_project_art,public/editor/assets/scene-vent-housing,source-pair-alpha,source-pair-alpha,public/editor/assets/scene-vent-housing/source-pair-alpha.png,1029718,6b91f166c5ee7595308b52134fd5e758bbf47d3f34da03efd6077e944bfc4e53,,
legacy_project_art,public/editor/assets/scene-vent-housing,source-pair,source-pair,public/editor/assets/scene-vent-housing/source-pair.png,1461777,e747eb4dfb62b2ac13d718b9149387f94c9e8e862f4eeee4c01b2d09654126d2,,
legacy_project_art,public/editor/assets/scene-vent-housing,v1-past,v1-past,public/editor/assets/scene-vent-housing/v1-past.png,487323,30b4f5544495a5d99ab9cfbaa9cad4c69687e604542dbeb7204ab30a7e2b1c1e,,
legacy_project_art,public/editor/assets/scene-vent-housing,v1-present,v1-present,public/editor/assets/scene-vent-housing/v1-present.png,483031,b0ea24c73d1678dfceee7ff3fcd42b1cc1e117f56789899b189eb833e1fe37e8,,
legacy_project_art,public/editor/assets/scene-vent-housing,v3-scene-match-past,v3-scene-match-past,public/editor/assets/scene-vent-housing/v3-scene-match-past.png,1539301,08d5f16f1de5a24e31e2208cf1831e98b2af44fb1b759dc2baefd2f0b720e96a,,
legacy_project_art,public/editor/assets/scene-vent-housing,v3-scene-match-present,v3-scene-match-present,public/editor/assets/scene-vent-housing/v3-scene-match-present.png,1539301,08d5f16f1de5a24e31e2208cf1831e98b2af44fb1b759dc2baefd2f0b720e96a,,
legacy_project_art,public/editor/assets/scene-vent-housing,v4-dual-era-present,v4-dual-era-present,public/editor/assets/scene-vent-housing/v4-dual-era-present.png,2148286,a4140220455901eac3ba54187126c50a6aaecec071dbfc0636b44f03c0208ab1,,
legacy_project_art,public/editor/assets/system-vent-fan,v3-scene-match-past,v3-scene-match-past,public/editor/assets/system-vent-fan/v3-scene-match-past.png,1182591,ae44a043c7695c80b3b88457590e074a88b526f247d57aadac65f0d6f00eeb35,,
legacy_project_art,public/editor/assets/system-vent-fan,v3-scene-match-present,v3-scene-match-present,public/editor/assets/system-vent-fan/v3-scene-match-present.png,1182591,ae44a043c7695c80b3b88457590e074a88b526f247d57aadac65f0d6f00eeb35,,
legacy_project_art,public/editor/assets/system-vent-fan,v4-dual-era-present,v4-dual-era-present,public/editor/assets/system-vent-fan/v4-dual-era-present.png,1695682,d798ca18cae52c093b4e4a334d3c93eae9aa58930cdabf4512766bb760eb11ac,,
legacy_project_art,public/editor/assets/system-vent-fan,vent-fan-2047,vent-fan-2047,public/editor/assets/system-vent-fan/vent-fan-2047.png,1353794,a26705fceec1d4471786ee733e0f880d61c5dc01bfebb579cee0108837d97c53,,
legacy_project_art,public/editor/assets/system-vent-fan,vent-fan-2147,vent-fan-2147,public/editor/assets/system-vent-fan/vent-fan-2147.png,1659332,2a5470437f21627b5d6e1095635466ee7ed2e33034633f16e5de7b4f667246f8,,
legacy_project_art,public/editor/references,zero-echo-style-reference-2047,zero-echo-style-reference-2047,public/editor/references/zero-echo-style-reference-2047.png,2351585,93a2edd5d8c0423ef00180124ae1542c8695be3444bfbfabfe73d93c884a49e4,,
legacy_project_art,public/editor/references,zero-echo-style-reference-2147,zero-echo-style-reference-2147,public/editor/references/zero-echo-style-reference-2147.png,2606567,806f8e4ac757a80ddb7b87545a2a72bb4957147b51d324eaa875162b7c71b12a,,
legacy_project_art,public/editor/scene-art,upper-room-2047,upper-room-2047,public/editor/scene-art/upper-room-2047.png,2469083,327389787e7fd49c13dd2f70ebca7e68bfd72df82a0e3d4eabd9943c35adfe27,,
legacy_project_art,public/editor/scene-art,upper-room-2147,upper-room-2147,public/editor/scene-art/upper-room-2147.png,2440552,97f4340e2bcb7ea65c5afa994f3790b0d4038e4358b7ed285f5f2a72f158f07b,,
legacy_project_art,public/editor/scene-art,upper-room-background-2047-v1,upper-room-background-2047-v1,public/editor/scene-art/upper-room-background-2047-v1.png,2398245,3a91de07f4f185f4b5f7ec09884a865093d72d2369e9657f593f3ec4784a12c7,,
legacy_project_art,public/editor/scene-art,upper-room-background-2147-v1,upper-room-background-2147-v1,public/editor/scene-art/upper-room-background-2147-v1.png,2294081,45c10a65b79693a069266a083c2ca337b09076337eeba85c7d641f112b9e28fa,,
legacy_project_art,docs/art-direction,continuous-master-layout,continuous-master-layout,docs/art-direction/continuous-master-layout.svg,14036,36b82120de8a5a4ef8a498f8d6d1a79ae2643812c4de2990fd894d2f9f4912df,,
legacy_project_art,docs,boss-concept-v01,boss-concept-v01,docs/boss-concept-v01.png,2335064,2a2ba247a8f5bd42b1bea2c8821d6248f70a2757f676ac22098ddbc5702da46c,,
